{
"type": "FeatureCollection",
"name": "RN_Municipios_2024",
"crs": { "type": "name", "properties": { "name": "urn:ogc:def:crs:EPSG::4674" } },
"features": [
{ "type": "Feature", "properties": { "CD_MUN": "2412609", "NM_MUN": "São Paulo do Potengi", "CD_RGI": "240006", "NM_RGI": "São Paulo do Potengi", "CD_RGINT": "2401", "NM_RGINT": "Natal", "CD_UF": "24", "NM_UF": "Rio Grande do Norte", "SIGLA_UF": "RN", "CD_REGIA": "2", "NM_REGIA": "Nordeste", "SIGLA_RG": "NE", "CD_CONCU": null, "NM_CONCU": null, "AREA_KM2": 240.425 }, "geometry": { "type": "Polygon", "coordinates": [ [ [ -35.83301, -5.90898 ], [ -35.83273, -5.9088 ], [ -35.79682, -5.85329 ], [ -35.79475, -5.85321 ], [ -35.79316, -5.8547 ], [ -35.79066, -5.85668 ], [ -35.78846, -5.85798 ], [ -35.78625, -5.85898 ], [ -35.78307, -5.85948 ], [ -35.78193, -5.85987 ], [ -35.78122, -5.86042 ], [ -35.7794, -5.86018 ], [ -35.77614, -5.86102 ], [ -35.77488, -5.86191 ], [ -35.77379, -5.86297 ], [ -35.768, -5.8637 ], [ -35.76708, -5.86404 ], [ -35.76585, -5.86413 ], [ -35.76518, -5.86379 ], [ -35.76435, -5.86264 ], [ -35.76321, -5.86188 ], [ -35.76048, -5.86338 ], [ -35.75797, -5.86396 ], [ -35.75692, -5.8646 ], [ -35.756, -5.8654 ], [ -35.75219, -5.86696 ], [ -35.75173, -5.8676 ], [ -35.75124, -5.86988 ], [ -35.75065, -5.87069 ], [ -35.74909, -5.8709 ], [ -35.74507, -5.87116 ], [ -35.7439, -5.87145 ], [ -35.74212, -5.87227 ], [ -35.73996, -5.87209 ], [ -35.73877, -5.87159 ], [ -35.73623, -5.86907 ], [ -35.73532, -5.86897 ], [ -35.73351, -5.8694 ], [ -35.7325, -5.86935 ], [ -35.72988, -5.8684 ], [ -35.72834, -5.8686 ], [ -35.72741, -5.86819 ], [ -35.7256, -5.86794 ], [ -35.72434, -5.86807 ], [ -35.72232, -5.86905 ], [ -35.72141, -5.8687 ], [ -35.72033, -5.86467 ], [ -35.72015, -5.86329 ], [ -35.71971, -5.86201 ], [ -35.71884, -5.86103 ], [ -35.71777, -5.86067 ], [ -35.71622, -5.86065 ], [ -35.7151, -5.86136 ], [ -35.71438, -5.86243 ], [ -35.71355, -5.8627 ], [ -35.71268, -5.86248 ], [ -35.71189, -5.86167 ], [ -35.71084, -5.86108 ], [ -35.70969, -5.86089 ], [ -35.70885, -5.86128 ], [ -35.70823, -5.86196 ], [ -35.70387, -5.86147 ], [ -35.70351, -5.86181 ], [ -35.7036, -5.86263 ], [ -35.70399, -5.86352 ], [ -35.70383, -5.86417 ], [ -35.70339, -5.86444 ], [ -35.70266, -5.86442 ], [ -35.7015, -5.8638 ], [ -35.70122, -5.86392 ], [ -35.70089, -5.86519 ], [ -35.70057, -5.86552 ], [ -35.70022, -5.86557 ], [ -35.69907, -5.86508 ], [ -35.6985, -5.86518 ], [ -35.69799, -5.86701 ], [ -35.69736, -5.86792 ], [ -35.69645, -5.86783 ], [ -35.69401, -5.8682 ], [ -35.69253, -5.87016 ], [ -35.69163, -5.87089 ], [ -35.69054, -5.87081 ], [ -35.68954, -5.86999 ], [ -35.68845, -5.86955 ], [ -35.68678, -5.86933 ], [ -35.68451, -5.86934 ], [ -35.68325, -5.86898 ], [ -35.68537, -5.87977 ], [ -35.68635, -5.89826 ], [ -35.68636, -5.89839 ], [ -35.68745, -5.9191 ], [ -35.67412, -5.97438 ], [ -35.66841, -5.98389 ], [ -35.70832, -6.00018 ], [ -35.70834, -6.00018 ], [ -35.70924, -6.00055 ], [ -35.77834, -6.01588 ], [ -35.83477, -5.9471 ], [ -35.84982, -5.91537 ], [ -35.84376, -5.9146 ], [ -35.8422, -5.9141 ], [ -35.83652, -5.91118 ], [ -35.83301, -5.90898 ] ] ] } },
{ "type": "Feature", "properties": { "CD_MUN": "2404309", "NM_MUN": "Governador Dix-Sept Rosado", "CD_RGI": "240009", "NM_RGI": "Mossoró", "CD_RGINT": "2403", "NM_RGINT": "Mossoró", "CD_UF": "24", "NM_UF": "Rio Grande do Norte", "SIGLA_UF": "RN", "CD_REGIA": "2", "NM_REGIA": "Nordeste", "SIGLA_RG": "NE", "CD_CONCU": null, "NM_CONCU": null, "AREA_KM2": 1109.36 }, "geometry": { "type": "Polygon", "coordinates": [ [ [ -37.49324, -5.56684 ], [ -37.57856, -5.5716 ], [ -37.57856, -5.5716 ], [ -37.57046, -5.53188 ], [ -37.56239, -5.4923 ], [ -37.6431, -5.41639 ], [ -37.64221, -5.41516 ], [ -37.8128, -5.31657 ], [ -37.81021, -5.31493 ], [ -37.80429, -5.31279 ], [ -37.78689, -5.29719 ], [ -37.78687, -5.29717 ], [ -37.78643, -5.29689 ], [ -37.78311, -5.29482 ], [ -37.78234, -5.29143 ], [ -37.78261, -5.28674 ], [ -37.78391, -5.28439 ], [ -37.78716, -5.28101 ], [ -37.78898, -5.27841 ], [ -37.78977, -5.27476 ], [ -37.79186, -5.26877 ], [ -37.79149, -5.26017 ], [ -37.79046, -5.25496 ], [ -37.78696, -5.24764 ], [ -37.78571, -5.24518 ], [ -37.7848, -5.24021 ], [ -37.78296, -5.23226 ], [ -37.78343, -5.22904 ], [ -37.78548, -5.22599 ], [ -37.78566, -5.22571 ], [ -37.78647, -5.22361 ], [ -37.78691, -5.22247 ], [ -37.78816, -5.2192 ], [ -37.77129, -5.22404 ], [ -37.68319, -5.24927 ], [ -37.64122, -5.26129 ], [ -37.5831, -5.27793 ], [ -37.54854, -5.28526 ], [ -37.46393, -5.30318 ], [ -37.42598, -5.31122 ], [ -37.42343, -5.31279 ], [ -37.41672, -5.31693 ], [ -37.39115, -5.33268 ], [ -37.37115, -5.34499 ], [ -37.37107, -5.34505 ], [ -37.36718, -5.34744 ], [ -37.29579, -5.3914 ], [ -37.29612, -5.39241 ], [ -37.29703, -5.39255 ], [ -37.29688, -5.39421 ], [ -37.29754, -5.3957 ], [ -37.29948, -5.39672 ], [ -37.30084, -5.39636 ], [ -37.30271, -5.39712 ], [ -37.30362, -5.39773 ], [ -37.3036, -5.39878 ], [ -37.30248, -5.3999 ], [ -37.29902, -5.40031 ], [ -37.29854, -5.40068 ], [ -37.29842, -5.40175 ], [ -37.29693, -5.40304 ], [ -37.29742, -5.40773 ], [ -37.29413, -5.41348 ], [ -37.29329, -5.41723 ], [ -37.29331, -5.42092 ], [ -37.29465, -5.42957 ], [ -37.29626, -5.43086 ], [ -37.29828, -5.43349 ], [ -37.29985, -5.43919 ], [ -37.30147, -5.44149 ], [ -37.302, -5.44343 ], [ -37.3014, -5.44539 ], [ -37.29978, -5.44718 ], [ -37.29893, -5.44893 ], [ -37.29848, -5.45176 ], [ -37.2991, -5.45329 ], [ -37.30084, -5.45448 ], [ -37.30064, -5.45715 ], [ -37.30165, -5.45997 ], [ -37.30102, -5.46144 ], [ -37.30209, -5.46321 ], [ -37.30117, -5.46462 ], [ -37.29978, -5.46523 ], [ -37.29868, -5.46636 ], [ -37.29849, -5.46994 ], [ -37.2954, -5.47399 ], [ -37.29481, -5.47555 ], [ -37.29467, -5.4779 ], [ -37.29753, -5.47791 ], [ -37.38235, -5.47819 ], [ -37.38289, -5.47917 ], [ -37.40023, -5.51071 ], [ -37.42873, -5.56256 ], [ -37.44212, -5.58693 ], [ -37.49324, -5.56684 ] ] ] } },
{ "type": "Feature", "properties": { "CD_MUN": "2403004", "NM_MUN": "Cruzeta", "CD_RGI": "240007", "NM_RGI": "Caicó", "CD_RGINT": "2402", "NM_RGINT": "Caicó", "CD_UF": "24", "NM_UF": "Rio Grande do Norte", "SIGLA_UF": "RN", "CD_REGIA": "2", "NM_REGIA": "Nordeste", "SIGLA_RG": "NE", "CD_CONCU": null, "NM_CONCU": null, "AREA_KM2": 295.83 }, "geometry": { "type": "Polygon", "coordinates": [ [ [ -36.75359, -6.32114 ], [ -36.73915, -6.33642 ], [ -36.73966, -6.33744 ], [ -36.74162, -6.33872 ], [ -36.7435, -6.33915 ], [ -36.7447, -6.3396 ], [ -36.74757, -6.34093 ], [ -36.74843, -6.34157 ], [ -36.7486, -6.34298 ], [ -36.74812, -6.34395 ], [ -36.74831, -6.34546 ], [ -36.7488, -6.34599 ], [ -36.74901, -6.34663 ], [ -36.74886, -6.34785 ], [ -36.74839, -6.34884 ], [ -36.74859, -6.35032 ], [ -36.752, -6.35306 ], [ -36.75243, -6.35389 ], [ -36.74175, -6.37762 ], [ -36.74226, -6.39294 ], [ -36.74659, -6.41424 ], [ -36.74672, -6.41489 ], [ -36.75351, -6.44825 ], [ -36.76123, -6.47855 ], [ -36.77432, -6.47296 ], [ -36.77295, -6.46676 ], [ -36.7735, -6.46647 ], [ -36.77734, -6.46614 ], [ -36.77903, -6.46567 ], [ -36.78137, -6.46528 ], [ -36.78299, -6.46561 ], [ -36.78519, -6.46672 ], [ -36.78801, -6.46777 ], [ -36.78971, -6.46793 ], [ -36.79294, -6.46666 ], [ -36.79569, -6.4653 ], [ -36.79742, -6.46526 ], [ -36.79791, -6.46502 ], [ -36.80154, -6.46421 ], [ -36.80312, -6.46358 ], [ -36.80457, -6.46084 ], [ -36.80539, -6.46009 ], [ -36.80692, -6.45913 ], [ -36.80759, -6.4551 ], [ -36.80928, -6.45382 ], [ -36.81142, -6.45443 ], [ -36.81225, -6.4544 ], [ -36.81302, -6.45359 ], [ -36.81334, -6.4531 ], [ -36.81347, -6.45192 ], [ -36.81385, -6.45089 ], [ -36.81556, -6.44839 ], [ -36.81544, -6.4479 ], [ -36.81558, -6.44681 ], [ -36.81492, -6.44573 ], [ -36.8174, -6.44303 ], [ -36.8191, -6.44062 ], [ -36.82024, -6.43877 ], [ -36.82072, -6.43724 ], [ -36.82186, -6.43652 ], [ -36.82259, -6.43641 ], [ -36.82366, -6.43794 ], [ -36.82572, -6.43895 ], [ -36.82821, -6.43961 ], [ -36.83088, -6.43825 ], [ -36.83282, -6.43753 ], [ -36.83468, -6.43746 ], [ -36.8386, -6.43865 ], [ -36.83955, -6.43865 ], [ -36.84172, -6.43842 ], [ -36.84278, -6.43745 ], [ -36.84367, -6.43754 ], [ -36.84563, -6.44025 ], [ -36.84634, -6.44292 ], [ -36.84803, -6.44381 ], [ -36.84956, -6.44398 ], [ -36.84893, -6.44075 ], [ -36.84801, -6.43877 ], [ -36.84787, -6.43562 ], [ -36.84593, -6.43529 ], [ -36.84561, -6.43416 ], [ -36.84716, -6.43134 ], [ -36.84713, -6.43029 ], [ -36.84712, -6.43009 ], [ -36.84948, -6.42909 ], [ -36.87413, -6.41867 ], [ -36.87401, -6.41811 ], [ -36.86082, -6.38878 ], [ -36.87333, -6.3797 ], [ -36.88632, -6.34287 ], [ -36.90281, -6.34175 ], [ -36.90505, -6.34027 ], [ -36.90567, -6.33871 ], [ -36.90537, -6.33607 ], [ -36.90269, -6.33211 ], [ -36.90161, -6.32938 ], [ -36.90115, -6.326 ], [ -36.90213, -6.31849 ], [ -36.90295, -6.31677 ], [ -36.90562, -6.31486 ], [ -36.90692, -6.31526 ], [ -36.90856, -6.31474 ], [ -36.9122, -6.30773 ], [ -36.91714, -6.30516 ], [ -36.91725, -6.30201 ], [ -36.91818, -6.29997 ], [ -36.92254, -6.29631 ], [ -36.92371, -6.2944 ], [ -36.92589, -6.28684 ], [ -36.92646, -6.28561 ], [ -36.92972, -6.28061 ], [ -36.93003, -6.27907 ], [ -36.92929, -6.27538 ], [ -36.92564, -6.27166 ], [ -36.92341, -6.27017 ], [ -36.91992, -6.2689 ], [ -36.91785, -6.26751 ], [ -36.91463, -6.26056 ], [ -36.91355, -6.25579 ], [ -36.91342, -6.25478 ], [ -36.91334, -6.25028 ], [ -36.91283, -6.2482 ], [ -36.911, -6.24456 ], [ -36.90957, -6.2432 ], [ -36.89825, -6.24077 ], [ -36.89532, -6.2394 ], [ -36.89466, -6.23991 ], [ -36.89337, -6.23995 ], [ -36.89315, -6.24056 ], [ -36.89246, -6.24086 ], [ -36.89138, -6.24094 ], [ -36.89045, -6.24169 ], [ -36.88997, -6.2426 ], [ -36.89001, -6.24327 ], [ -36.88983, -6.24402 ], [ -36.88927, -6.24385 ], [ -36.88836, -6.24428 ], [ -36.88853, -6.24536 ], [ -36.8881, -6.246 ], [ -36.8863, -6.24654 ], [ -36.88479, -6.2477 ], [ -36.88403, -6.24774 ], [ -36.88341, -6.24795 ], [ -36.88172, -6.24885 ], [ -36.88104, -6.24969 ], [ -36.88074, -6.25043 ], [ -36.88009, -6.25081 ], [ -36.87905, -6.25081 ], [ -36.87815, -6.25042 ], [ -36.87664, -6.25097 ], [ -36.87595, -6.25101 ], [ -36.87532, -6.25155 ], [ -36.87536, -6.25272 ], [ -36.87458, -6.25276 ], [ -36.87329, -6.25189 ], [ -36.87178, -6.25132 ], [ -36.8699, -6.25237 ], [ -36.86899, -6.25336 ], [ -36.86885, -6.25436 ], [ -36.86923, -6.25661 ], [ -36.86849, -6.25764 ], [ -36.86748, -6.25818 ], [ -36.86644, -6.25839 ], [ -36.86536, -6.25925 ], [ -36.86415, -6.25881 ], [ -36.86333, -6.25803 ], [ -36.86251, -6.25824 ], [ -36.86218, -6.25899 ], [ -36.8619, -6.26045 ], [ -36.86096, -6.26288 ], [ -36.86005, -6.26387 ], [ -36.85849, -6.26452 ], [ -36.85728, -6.26481 ], [ -36.85642, -6.26403 ], [ -36.85556, -6.26386 ], [ -36.85411, -6.26435 ], [ -36.8532, -6.26525 ], [ -36.85267, -6.26797 ], [ -36.85232, -6.26879 ], [ -36.85172, -6.2694 ], [ -36.85087, -6.26976 ], [ -36.85027, -6.26941 ], [ -36.85032, -6.26872 ], [ -36.84872, -6.26694 ], [ -36.84907, -6.26647 ], [ -36.84933, -6.26534 ], [ -36.84863, -6.26467 ], [ -36.84737, -6.26458 ], [ -36.8465, -6.26678 ], [ -36.84585, -6.26764 ], [ -36.8449, -6.26798 ], [ -36.84354, -6.26649 ], [ -36.84095, -6.26783 ], [ -36.83982, -6.26842 ], [ -36.83768, -6.26981 ], [ -36.83681, -6.27106 ], [ -36.83681, -6.27223 ], [ -36.83844, -6.27556 ], [ -36.83789, -6.27688 ], [ -36.83672, -6.27722 ], [ -36.83572, -6.27899 ], [ -36.83538, -6.28399 ], [ -36.83451, -6.28571 ], [ -36.83269, -6.28636 ], [ -36.83123, -6.28587 ], [ -36.82997, -6.28415 ], [ -36.82787, -6.28467 ], [ -36.82629, -6.28715 ], [ -36.82537, -6.28924 ], [ -36.82399, -6.2893 ], [ -36.82216, -6.2889 ], [ -36.82124, -6.29007 ], [ -36.8215, -6.29138 ], [ -36.82174, -6.29169 ], [ -36.82178, -6.29175 ], [ -36.82206, -6.29211 ], [ -36.82206, -6.29211 ], [ -36.82207, -6.29212 ], [ -36.82241, -6.29257 ], [ -36.82203, -6.29294 ], [ -36.82142, -6.29354 ], [ -36.81985, -6.29419 ], [ -36.81906, -6.2955 ], [ -36.81893, -6.29668 ], [ -36.81684, -6.29641 ], [ -36.81663, -6.29896 ], [ -36.81584, -6.30066 ], [ -36.81544, -6.30262 ], [ -36.81622, -6.30367 ], [ -36.81504, -6.30406 ], [ -36.81438, -6.30369 ], [ -36.79751, -6.30154 ], [ -36.77287, -6.29839 ], [ -36.75415, -6.32054 ], [ -36.75359, -6.32114 ] ] ] } },
{ "type": "Feature", "properties": { "CD_MUN": "2406700", "NM_MUN": "Lajes", "CD_RGI": "240011", "NM_RGI": "Açu", "CD_RGINT": "2403", "NM_RGINT": "Mossoró", "CD_UF": "24", "NM_UF": "Rio Grande do Norte", "SIGLA_UF": "RN", "CD_REGIA": "2", "NM_REGIA": "Nordeste", "SIGLA_RG": "NE", "CD_CONCU": null, "NM_CONCU": null, "AREA_KM2": 676.626 }, "geometry": { "type": "Polygon", "coordinates": [ [ [ -36.26825, -5.69551 ], [ -36.268, -5.69487 ], [ -36.26224, -5.67988 ], [ -36.22984, -5.60035 ], [ -36.22982, -5.60031 ], [ -36.21662, -5.56795 ], [ -36.20066, -5.52882 ], [ -36.19699, -5.51982 ], [ -36.2004, -5.51814 ], [ -36.2001, -5.51671 ], [ -36.1972, -5.51542 ], [ -36.19549, -5.51613 ], [ -36.195, -5.51495 ], [ -36.17973, -5.47753 ], [ -36.22323, -5.43387 ], [ -36.15994, -5.43411 ], [ -36.13802, -5.44996 ], [ -36.12855, -5.45682 ], [ -36.1409, -5.50024 ], [ -36.17198, -5.54468 ], [ -36.14369, -5.56694 ], [ -36.14317, -5.59153 ], [ -36.1379, -5.59569 ], [ -36.11282, -5.61553 ], [ -36.06253, -5.65529 ], [ -36.08179, -5.71762 ], [ -36.08923, -5.74091 ], [ -36.08925, -5.74097 ], [ -36.08928, -5.74107 ], [ -36.09183, -5.74903 ], [ -36.09948, -5.76747 ], [ -36.10764, -5.78957 ], [ -36.1156, -5.80918 ], [ -36.1125, -5.8422 ], [ -36.11378, -5.84367 ], [ -36.11523, -5.84957 ], [ -36.11599, -5.85463 ], [ -36.11714, -5.85776 ], [ -36.11784, -5.85905 ], [ -36.11861, -5.85931 ], [ -36.12102, -5.85946 ], [ -36.12722, -5.85942 ], [ -36.12969, -5.86007 ], [ -36.13225, -5.86133 ], [ -36.13612, -5.86394 ], [ -36.13701, -5.86395 ], [ -36.13741, -5.86395 ], [ -36.13858, -5.86324 ], [ -36.1393, -5.86169 ], [ -36.1399, -5.85865 ], [ -36.14055, -5.85768 ], [ -36.14184, -5.8571 ], [ -36.14352, -5.85717 ], [ -36.14753, -5.85882 ], [ -36.14985, -5.85928 ], [ -36.15094, -5.85873 ], [ -36.1518, -5.85722 ], [ -36.15233, -5.85547 ], [ -36.15247, -5.85314 ], [ -36.15339, -5.85133 ], [ -36.15481, -5.8501 ], [ -36.15637, -5.84953 ], [ -36.15773, -5.84966 ], [ -36.15908, -5.85025 ], [ -36.16798, -5.85594 ], [ -36.17005, -5.85601 ], [ -36.17296, -5.85544 ], [ -36.17808, -5.85339 ], [ -36.18002, -5.85347 ], [ -36.18209, -5.85465 ], [ -36.18395, -5.85627 ], [ -36.18576, -5.85816 ], [ -36.18816, -5.86256 ], [ -36.19133, -5.8689 ], [ -36.19299, -5.87273 ], [ -36.19478, -5.87721 ], [ -36.19682, -5.88312 ], [ -36.21288, -5.87373 ], [ -36.22418, -5.89995 ], [ -36.25796, -5.86484 ], [ -36.2591, -5.86307 ], [ -36.25994, -5.85961 ], [ -36.2599, -5.8554 ], [ -36.25917, -5.85152 ], [ -36.2581, -5.84726 ], [ -36.25599, -5.84124 ], [ -36.25296, -5.83412 ], [ -36.25319, -5.83242 ], [ -36.25396, -5.83104 ], [ -36.25621, -5.83036 ], [ -36.25916, -5.83091 ], [ -36.26362, -5.83322 ], [ -36.26594, -5.83765 ], [ -36.26946, -5.84322 ], [ -36.27238, -5.8447 ], [ -36.27609, -5.84555 ], [ -36.28475, -5.85929 ], [ -36.27355, -5.70929 ], [ -36.26825, -5.69551 ] ] ] } },
{ "type": "Feature", "properties": { "CD_MUN": "2413508", "NM_MUN": "Serrinha", "CD_RGI": "240002", "NM_RGI": "Santo Antônio - Passa e Fica - Nova Cruz", "CD_RGINT": "2401", "NM_RGINT": "Natal", "CD_UF": "24", "NM_UF": "Rio Grande do Norte", "SIGLA_UF": "RN", "CD_REGIA": "2", "NM_REGIA": "Nordeste", "SIGLA_RG": "NE", "CD_CONCU": null, "NM_CONCU": null, "AREA_KM2": 193.351 }, "geometry": { "type": "Polygon", "coordinates": [ [ [ -35.50139, -6.22247 ], [ -35.47044, -6.23026 ], [ -35.4685, -6.23075 ], [ -35.4687, -6.24582 ], [ -35.46906, -6.2736 ], [ -35.48988, -6.28929 ], [ -35.4899, -6.28931 ], [ -35.4904, -6.28968 ], [ -35.49072, -6.28988 ], [ -35.50312, -6.29769 ], [ -35.50382, -6.29582 ], [ -35.50412, -6.2954 ], [ -35.50463, -6.29497 ], [ -35.50663, -6.29401 ], [ -35.50787, -6.29304 ], [ -35.50956, -6.29036 ], [ -35.5101, -6.2898 ], [ -35.51183, -6.28909 ], [ -35.51519, -6.28954 ], [ -35.51639, -6.28928 ], [ -35.51722, -6.28843 ], [ -35.51768, -6.28716 ], [ -35.5192, -6.28619 ], [ -35.52562, -6.28387 ], [ -35.52699, -6.28354 ], [ -35.52841, -6.28349 ], [ -35.53296, -6.28411 ], [ -35.53619, -6.2849 ], [ -35.53893, -6.28586 ], [ -35.54014, -6.28602 ], [ -35.54311, -6.2862 ], [ -35.54426, -6.28612 ], [ -35.54694, -6.28559 ], [ -35.54786, -6.28564 ], [ -35.54837, -6.28582 ], [ -35.54868, -6.28612 ], [ -35.54974, -6.28778 ], [ -35.55011, -6.28806 ], [ -35.55049, -6.28808 ], [ -35.55095, -6.28796 ], [ -35.55121, -6.28768 ], [ -35.55202, -6.28615 ], [ -35.55339, -6.28467 ], [ -35.55472, -6.28448 ], [ -35.55655, -6.28466 ], [ -35.55772, -6.28521 ], [ -35.55847, -6.28584 ], [ -35.56, -6.28761 ], [ -35.56045, -6.28852 ], [ -35.56086, -6.29028 ], [ -35.56226, -6.2917 ], [ -35.56278, -6.29249 ], [ -35.56259, -6.29528 ], [ -35.56334, -6.29593 ], [ -35.56404, -6.29618 ], [ -35.56984, -6.29604 ], [ -35.57496, -6.29707 ], [ -35.57599, -6.2976 ], [ -35.57677, -6.29827 ], [ -35.58008, -6.30186 ], [ -35.58116, -6.30242 ], [ -35.58167, -6.30237 ], [ -35.58347, -6.30156 ], [ -35.58544, -6.30303 ], [ -35.58609, -6.30317 ], [ -35.58705, -6.30286 ], [ -35.5895, -6.30144 ], [ -35.59358, -6.3002 ], [ -35.59646, -6.30033 ], [ -35.601, -6.30157 ], [ -35.60157, -6.30363 ], [ -35.60156, -6.30574 ], [ -35.60189, -6.30641 ], [ -35.60422, -6.30888 ], [ -35.60443, -6.30954 ], [ -35.6049, -6.31012 ], [ -35.60563, -6.3107 ], [ -35.60715, -6.31153 ], [ -35.60725, -6.31205 ], [ -35.60695, -6.31313 ], [ -35.60712, -6.31383 ], [ -35.60754, -6.31439 ], [ -35.60949, -6.31574 ], [ -35.61056, -6.31531 ], [ -35.61142, -6.31449 ], [ -35.61326, -6.31352 ], [ -35.61536, -6.31177 ], [ -35.61639, -6.31168 ], [ -35.61674, -6.31149 ], [ -35.61692, -6.31114 ], [ -35.61682, -6.30933 ], [ -35.61693, -6.3091 ], [ -35.61959, -6.30824 ], [ -35.62176, -6.3065 ], [ -35.62234, -6.30633 ], [ -35.62688, -6.30743 ], [ -35.62887, -6.30773 ], [ -35.63201, -6.30902 ], [ -35.63295, -6.30972 ], [ -35.63387, -6.31124 ], [ -35.63406, -6.31252 ], [ -35.63486, -6.31376 ], [ -35.6366, -6.31436 ], [ -35.63821, -6.3147 ], [ -35.63913, -6.31533 ], [ -35.63997, -6.31617 ], [ -35.64164, -6.31843 ], [ -35.64226, -6.31986 ], [ -35.64283, -6.32189 ], [ -35.64263, -6.32439 ], [ -35.64282, -6.32517 ], [ -35.64323, -6.32576 ], [ -35.66141, -6.26778 ], [ -35.66387, -6.2462 ], [ -35.66419, -6.2456 ], [ -35.66515, -6.24473 ], [ -35.66579, -6.24367 ], [ -35.66597, -6.24256 ], [ -35.66578, -6.24118 ], [ -35.66641, -6.23902 ], [ -35.664, -6.23388 ], [ -35.66363, -6.23274 ], [ -35.66259, -6.22783 ], [ -35.65999, -6.22221 ], [ -35.6587, -6.22076 ], [ -35.65815, -6.2207 ], [ -35.65525, -6.222 ], [ -35.65471, -6.222 ], [ -35.65428, -6.22181 ], [ -35.65359, -6.22059 ], [ -35.65316, -6.2203 ], [ -35.65053, -6.22006 ], [ -35.64931, -6.21982 ], [ -35.64805, -6.21932 ], [ -35.64686, -6.21844 ], [ -35.64567, -6.21726 ], [ -35.64452, -6.21567 ], [ -35.64404, -6.215 ], [ -35.64191, -6.21359 ], [ -35.64068, -6.21252 ], [ -35.64021, -6.21173 ], [ -35.63935, -6.2108 ], [ -35.63726, -6.21052 ], [ -35.63625, -6.21011 ], [ -35.63412, -6.20875 ], [ -35.63291, -6.20948 ], [ -35.63247, -6.20944 ], [ -35.62984, -6.20768 ], [ -35.62851, -6.2061 ], [ -35.62706, -6.20347 ], [ -35.62623, -6.20285 ], [ -35.62471, -6.20228 ], [ -35.62432, -6.20243 ], [ -35.62421, -6.20268 ], [ -35.6244, -6.20413 ], [ -35.62411, -6.20468 ], [ -35.62275, -6.20544 ], [ -35.62226, -6.20544 ], [ -35.62181, -6.20522 ], [ -35.62026, -6.20319 ], [ -35.6183, -6.19962 ], [ -35.61773, -6.19933 ], [ -35.61736, -6.19843 ], [ -35.61675, -6.19836 ], [ -35.61603, -6.19754 ], [ -35.61556, -6.19754 ], [ -35.6147, -6.19809 ], [ -35.61357, -6.19744 ], [ -35.6128, -6.19768 ], [ -35.61208, -6.19765 ], [ -35.6119, -6.19797 ], [ -35.61143, -6.19798 ], [ -35.61136, -6.19848 ], [ -35.61176, -6.19877 ], [ -35.61176, -6.19895 ], [ -35.61165, -6.19924 ], [ -35.61095, -6.19983 ], [ -35.61087, -6.20035 ], [ -35.61037, -6.20132 ], [ -35.60992, -6.2017 ], [ -35.60964, -6.20222 ], [ -35.60882, -6.20269 ], [ -35.60796, -6.20383 ], [ -35.6071, -6.20442 ], [ -35.60683, -6.20448 ], [ -35.60674, -6.2045 ], [ -35.60614, -6.20464 ], [ -35.60553, -6.20502 ], [ -35.6044, -6.2078 ], [ -35.60392, -6.20832 ], [ -35.60339, -6.20844 ], [ -35.60073, -6.208 ], [ -35.5991, -6.20819 ], [ -35.59825, -6.20811 ], [ -35.59737, -6.20826 ], [ -35.59666, -6.2089 ], [ -35.59605, -6.2091 ], [ -35.59385, -6.20915 ], [ -35.59305, -6.20973 ], [ -35.59193, -6.21163 ], [ -35.58808, -6.21105 ], [ -35.58491, -6.21015 ], [ -35.57917, -6.20899 ], [ -35.57662, -6.20893 ], [ -35.56772, -6.20574 ], [ -35.53014, -6.21522 ], [ -35.52648, -6.21614 ], [ -35.52618, -6.21622 ], [ -35.51355, -6.2194 ], [ -35.50139, -6.22247 ] ] ] } },
{ "type": "Feature", "properties": { "CD_MUN": "2405405", "NM_MUN": "Japi", "CD_RGI": "240004", "NM_RGI": "Santa Cruz", "CD_RGINT": "2401", "NM_RGINT": "Natal", "CD_UF": "24", "NM_UF": "Rio Grande do Norte", "SIGLA_UF": "RN", "CD_REGIA": "2", "NM_REGIA": "Nordeste", "SIGLA_RG": "NE", "CD_CONCU": null, "NM_CONCU": null, "AREA_KM2": 188.99 }, "geometry": { "type": "Polygon", "coordinates": [ [ [ -35.96524, -6.42664 ], [ -35.96501, -6.3878 ], [ -35.96195, -6.38794 ], [ -35.95852, -6.38472 ], [ -35.95566, -6.38355 ], [ -35.94848, -6.38253 ], [ -35.94456, -6.3788 ], [ -35.93754, -6.37508 ], [ -35.93465, -6.3741 ], [ -35.92828, -6.37348 ], [ -35.92708, -6.37289 ], [ -35.92501, -6.36821 ], [ -35.92155, -6.36673 ], [ -35.92095, -6.36606 ], [ -35.9198, -6.36244 ], [ -35.91871, -6.36119 ], [ -35.91493, -6.35999 ], [ -35.912, -6.35905 ], [ -35.91009, -6.35867 ], [ -35.90927, -6.358 ], [ -35.90876, -6.35544 ], [ -35.9072, -6.35261 ], [ -35.90534, -6.35249 ], [ -35.90294, -6.35309 ], [ -35.90027, -6.35222 ], [ -35.89945, -6.35217 ], [ -35.89297, -6.35259 ], [ -35.89215, -6.35289 ], [ -35.888, -6.35521 ], [ -35.88636, -6.35583 ], [ -35.8838, -6.35597 ], [ -35.88239, -6.35664 ], [ -35.87829, -6.36017 ], [ -35.87492, -6.36098 ], [ -35.87055, -6.36278 ], [ -35.86847, -6.38417 ], [ -35.86491, -6.38334 ], [ -35.86029, -6.37997 ], [ -35.85826, -6.37945 ], [ -35.85618, -6.37956 ], [ -35.85498, -6.38021 ], [ -35.85181, -6.3797 ], [ -35.85033, -6.38002 ], [ -35.84923, -6.3795 ], [ -35.84758, -6.37749 ], [ -35.84481, -6.37793 ], [ -35.84319, -6.3767 ], [ -35.84344, -6.37777 ], [ -35.84499, -6.3843 ], [ -35.84676, -6.38812 ], [ -35.84773, -6.39385 ], [ -35.84743, -6.39949 ], [ -35.84574, -6.40079 ], [ -35.84479, -6.40271 ], [ -35.84781, -6.41253 ], [ -35.84806, -6.41335 ], [ -35.85457, -6.43452 ], [ -35.84803, -6.43806 ], [ -35.84727, -6.43913 ], [ -35.84727, -6.43987 ], [ -35.84996, -6.44071 ], [ -35.8495, -6.44772 ], [ -35.8481, -6.45166 ], [ -35.84608, -6.45241 ], [ -35.8387, -6.45258 ], [ -35.79005, -6.47792 ], [ -35.78934, -6.4783 ], [ -35.77993, -6.48328 ], [ -35.78258, -6.48343 ], [ -35.78263, -6.48344 ], [ -35.81374, -6.48528 ], [ -35.81732, -6.48549 ], [ -35.85309, -6.48761 ], [ -35.8601, -6.48803 ], [ -35.86948, -6.48858 ], [ -35.87036, -6.48864 ], [ -35.94418, -6.49301 ], [ -35.95015, -6.49235 ], [ -35.95777, -6.48925 ], [ -35.96336, -6.48559 ], [ -35.96524, -6.48436 ], [ -35.96549, -6.47097 ], [ -35.96524, -6.42664 ] ] ] } },
{ "type": "Feature", "properties": { "CD_MUN": "2400802", "NM_MUN": "Angicos", "CD_RGI": "240011", "NM_RGI": "Açu", "CD_RGINT": "2403", "NM_RGINT": "Mossoró", "CD_UF": "24", "NM_UF": "Rio Grande do Norte", "SIGLA_UF": "RN", "CD_REGIA": "2", "NM_REGIA": "Nordeste", "SIGLA_RG": "NE", "CD_CONCU": null, "NM_CONCU": null, "AREA_KM2": 741.582 }, "geometry": { "type": "Polygon", "coordinates": [ [ [ -36.64591, -5.52627 ], [ -36.64482, -5.52628 ], [ -36.58788, -5.5285 ], [ -36.58746, -5.52851 ], [ -36.58037, -5.52879 ], [ -36.57961, -5.56955 ], [ -36.57905, -5.57356 ], [ -36.57894, -5.57892 ], [ -36.57885, -5.57954 ], [ -36.57847, -5.58036 ], [ -36.57684, -5.5825 ], [ -36.57273, -5.58593 ], [ -36.49281, -5.5956 ], [ -36.46991, -5.59837 ], [ -36.32813, -5.64412 ], [ -36.31789, -5.64742 ], [ -36.30695, -5.65026 ], [ -36.30517, -5.65108 ], [ -36.30145, -5.65396 ], [ -36.29923, -5.65525 ], [ -36.29847, -5.65609 ], [ -36.29669, -5.65879 ], [ -36.29563, -5.65977 ], [ -36.29455, -5.66048 ], [ -36.29043, -5.66194 ], [ -36.28935, -5.66242 ], [ -36.28848, -5.66303 ], [ -36.28803, -5.66384 ], [ -36.28692, -5.6673 ], [ -36.2863, -5.66855 ], [ -36.28562, -5.66935 ], [ -36.28471, -5.66977 ], [ -36.2795, -5.67046 ], [ -36.27825, -5.67187 ], [ -36.27766, -5.67308 ], [ -36.27696, -5.67389 ], [ -36.27391, -5.67624 ], [ -36.27124, -5.67898 ], [ -36.26961, -5.68007 ], [ -36.26912, -5.68022 ], [ -36.26224, -5.67988 ], [ -36.268, -5.69487 ], [ -36.26825, -5.69551 ], [ -36.27355, -5.70929 ], [ -36.27459, -5.71022 ], [ -36.27522, -5.71103 ], [ -36.27613, -5.71284 ], [ -36.27688, -5.71349 ], [ -36.27888, -5.71416 ], [ -36.27957, -5.71407 ], [ -36.28299, -5.71257 ], [ -36.286, -5.7109 ], [ -36.28716, -5.70939 ], [ -36.28955, -5.70678 ], [ -36.29085, -5.70595 ], [ -36.29214, -5.70587 ], [ -36.29357, -5.70633 ], [ -36.29774, -5.70612 ], [ -36.30057, -5.70678 ], [ -36.30623, -5.70745 ], [ -36.30697, -5.70804 ], [ -36.30751, -5.70882 ], [ -36.30771, -5.70966 ], [ -36.30761, -5.71159 ], [ -36.30792, -5.71261 ], [ -36.30909, -5.71434 ], [ -36.31031, -5.71803 ], [ -36.31097, -5.71879 ], [ -36.31317, -5.72003 ], [ -36.31469, -5.72045 ], [ -36.31572, -5.72051 ], [ -36.31814, -5.71995 ], [ -36.3191, -5.71992 ], [ -36.31974, -5.72 ], [ -36.3227, -5.72124 ], [ -36.32568, -5.72145 ], [ -36.32809, -5.72099 ], [ -36.32972, -5.72035 ], [ -36.33241, -5.71881 ], [ -36.3345, -5.71898 ], [ -36.33684, -5.71878 ], [ -36.34006, -5.71733 ], [ -36.34099, -5.71716 ], [ -36.34494, -5.71713 ], [ -36.34642, -5.71733 ], [ -36.34915, -5.71813 ], [ -36.35142, -5.71825 ], [ -36.35478, -5.71784 ], [ -36.35656, -5.7173 ], [ -36.35739, -5.71656 ], [ -36.3587, -5.71444 ], [ -36.36035, -5.71005 ], [ -36.3611, -5.70876 ], [ -36.36188, -5.70793 ], [ -36.36351, -5.70729 ], [ -36.36444, -5.7073 ], [ -36.36686, -5.70827 ], [ -36.37081, -5.70902 ], [ -36.37433, -5.7081 ], [ -36.37518, -5.70764 ], [ -36.37845, -5.70661 ], [ -36.3826, -5.70612 ], [ -36.38482, -5.70559 ], [ -36.38623, -5.70553 ], [ -36.39056, -5.70623 ], [ -36.39242, -5.70627 ], [ -36.39382, -5.70617 ], [ -36.3949, -5.70589 ], [ -36.39639, -5.70521 ], [ -36.39913, -5.70483 ], [ -36.40251, -5.70552 ], [ -36.40516, -5.70583 ], [ -36.41209, -5.70561 ], [ -36.42317, -5.70555 ], [ -36.42502, -5.70512 ], [ -36.43571, -5.70128 ], [ -36.44421, -5.69858 ], [ -36.44603, -5.69867 ], [ -36.45801, -5.70091 ], [ -36.46131, -5.70129 ], [ -36.46399, -5.70134 ], [ -36.47072, -5.70184 ], [ -36.47656, -5.70348 ], [ -36.47783, -5.7037 ], [ -36.4792, -5.70368 ], [ -36.48127, -5.70295 ], [ -36.48247, -5.70239 ], [ -36.48297, -5.70194 ], [ -36.48348, -5.70118 ], [ -36.48513, -5.69758 ], [ -36.4855, -5.69731 ], [ -36.48731, -5.6972 ], [ -36.48902, -5.69727 ], [ -36.49407, -5.6982 ], [ -36.501, -5.69872 ], [ -36.51117, -5.69932 ], [ -36.52023, -5.69939 ], [ -36.52384, -5.69963 ], [ -36.52333, -5.69107 ], [ -36.53249, -5.69097 ], [ -36.5341, -5.69401 ], [ -36.53474, -5.6952 ], [ -36.53552, -5.69645 ], [ -36.53739, -5.69789 ], [ -36.5382, -5.69851 ], [ -36.539, -5.70178 ], [ -36.53846, -5.7022 ], [ -36.56793, -5.75759 ], [ -36.61643, -5.75716 ], [ -36.61962, -5.75632 ], [ -36.62084, -5.75633 ], [ -36.62516, -5.75753 ], [ -36.62787, -5.75846 ], [ -36.6301, -5.75867 ], [ -36.63404, -5.75592 ], [ -36.63566, -5.7554 ], [ -36.63729, -5.75541 ], [ -36.63925, -5.75667 ], [ -36.64114, -5.75812 ], [ -36.64398, -5.75893 ], [ -36.64588, -5.75801 ], [ -36.64642, -5.75657 ], [ -36.64516, -5.7507 ], [ -36.64571, -5.74886 ], [ -36.64707, -5.74781 ], [ -36.64924, -5.74703 ], [ -36.65487, -5.74423 ], [ -36.65758, -5.74253 ], [ -36.65922, -5.73964 ], [ -36.65957, -5.73589 ], [ -36.66067, -5.733 ], [ -36.66135, -5.73063 ], [ -36.66145, -5.72464 ], [ -36.66267, -5.72188 ], [ -36.66444, -5.7207 ], [ -36.66607, -5.71913 ], [ -36.67309, -5.70803 ], [ -36.67471, -5.70608 ], [ -36.67666, -5.70535 ], [ -36.68209, -5.70382 ], [ -36.68846, -5.70325 ], [ -36.69069, -5.70205 ], [ -36.69508, -5.69794 ], [ -36.69787, -5.69634 ], [ -36.69919, -5.69579 ], [ -36.70268, -5.70143 ], [ -36.70359, -5.70143 ], [ -36.70457, -5.70115 ], [ -36.70699, -5.70008 ], [ -36.70829, -5.69989 ], [ -36.70965, -5.69985 ], [ -36.71159, -5.70019 ], [ -36.71401, -5.7002 ], [ -36.71474, -5.70001 ], [ -36.71513, -5.69945 ], [ -36.71533, -5.69865 ], [ -36.71524, -5.69781 ], [ -36.71466, -5.69582 ], [ -36.71466, -5.69525 ], [ -36.71515, -5.6946 ], [ -36.71612, -5.69399 ], [ -36.71695, -5.69371 ], [ -36.72131, -5.69372 ], [ -36.72369, -5.69218 ], [ -36.72514, -5.69153 ], [ -36.72563, -5.69115 ], [ -36.72816, -5.688 ], [ -36.73176, -5.68429 ], [ -36.73235, -5.68345 ], [ -36.73279, -5.68175 ], [ -36.73251, -5.67887 ], [ -36.73289, -5.67396 ], [ -36.73326, -5.67299 ], [ -36.73463, -5.67092 ], [ -36.73468, -5.67034 ], [ -36.73437, -5.66866 ], [ -36.73465, -5.668 ], [ -36.73565, -5.66729 ], [ -36.73842, -5.66757 ], [ -36.7391, -5.6674 ], [ -36.73974, -5.66691 ], [ -36.74002, -5.66572 ], [ -36.7398, -5.66517 ], [ -36.7388, -5.66374 ], [ -36.7385, -5.66293 ], [ -36.73854, -5.66225 ], [ -36.73957, -5.66053 ], [ -36.73965, -5.65991 ], [ -36.73944, -5.65882 ], [ -36.73884, -5.65706 ], [ -36.73889, -5.65649 ], [ -36.73913, -5.65596 ], [ -36.73945, -5.65569 ], [ -36.74001, -5.65562 ], [ -36.74221, -5.65566 ], [ -36.74313, -5.65542 ], [ -36.74479, -5.65457 ], [ -36.74702, -5.65437 ], [ -36.74765, -5.65417 ], [ -36.74816, -5.65378 ], [ -36.74844, -5.65335 ], [ -36.74856, -5.65233 ], [ -36.74851, -5.65149 ], [ -36.75086, -5.64872 ], [ -36.75114, -5.64803 ], [ -36.75098, -5.64685 ], [ -36.75077, -5.64529 ], [ -36.74973, -5.64259 ], [ -36.74955, -5.64128 ], [ -36.74962, -5.64053 ], [ -36.75033, -5.63899 ], [ -36.75281, -5.63596 ], [ -36.75353, -5.63431 ], [ -36.75353, -5.63247 ], [ -36.7533, -5.63075 ], [ -36.75343, -5.62955 ], [ -36.75396, -5.62841 ], [ -36.75497, -5.62692 ], [ -36.75598, -5.62252 ], [ -36.75681, -5.62189 ], [ -36.75799, -5.62144 ], [ -36.75923, -5.62122 ], [ -36.76223, -5.62144 ], [ -36.76353, -5.62123 ], [ -36.76488, -5.62078 ], [ -36.76622, -5.61929 ], [ -36.76742, -5.61827 ], [ -36.77084, -5.61696 ], [ -36.77143, -5.61639 ], [ -36.77179, -5.61462 ], [ -36.77174, -5.61393 ], [ -36.77133, -5.6129 ], [ -36.76969, -5.61038 ], [ -36.76941, -5.60848 ], [ -36.76959, -5.60786 ], [ -36.77116, -5.60646 ], [ -36.77121, -5.60594 ], [ -36.76891, -5.60375 ], [ -36.76805, -5.60229 ], [ -36.76727, -5.60147 ], [ -36.76617, -5.60081 ], [ -36.76501, -5.60064 ], [ -36.75876, -5.60109 ], [ -36.75744, -5.60088 ], [ -36.75599, -5.60019 ], [ -36.75503, -5.59945 ], [ -36.75433, -5.5984 ], [ -36.75348, -5.59562 ], [ -36.75278, -5.59416 ], [ -36.75198, -5.5931 ], [ -36.75026, -5.59184 ], [ -36.74897, -5.59126 ], [ -36.74671, -5.59141 ], [ -36.74496, -5.59207 ], [ -36.74451, -5.59204 ], [ -36.74385, -5.59162 ], [ -36.74305, -5.58942 ], [ -36.74177, -5.58658 ], [ -36.74113, -5.5857 ], [ -36.73876, -5.58422 ], [ -36.73695, -5.58359 ], [ -36.73511, -5.58321 ], [ -36.72534, -5.57375 ], [ -36.71383, -5.55691 ], [ -36.69905, -5.52615 ], [ -36.66528, -5.52606 ], [ -36.64591, -5.52627 ] ] ] } },
{ "type": "Feature", "properties": { "CD_MUN": "2412203", "NM_MUN": "São José de Mipibu", "CD_RGI": "240001", "NM_RGI": "Natal", "CD_RGINT": "2401", "NM_RGINT": "Natal", "CD_UF": "24", "NM_UF": "Rio Grande do Norte", "SIGLA_UF": "RN", "CD_REGIA": "2", "NM_REGIA": "Nordeste", "SIGLA_RG": "NE", "CD_CONCU": null, "NM_CONCU": null, "AREA_KM2": 289.987 }, "geometry": { "type": "Polygon", "coordinates": [ [ [ -35.31013, -6.06189 ], [ -35.31952, -6.05482 ], [ -35.31947, -6.04906 ], [ -35.32326, -6.04825 ], [ -35.35342, -6.04993 ], [ -35.36057, -6.057 ], [ -35.36472, -6.05574 ], [ -35.36514, -6.05553 ], [ -35.36688, -6.05433 ], [ -35.36909, -6.05355 ], [ -35.36933, -6.0511 ], [ -35.36982, -6.04982 ], [ -35.37019, -6.0493 ], [ -35.3702, -6.04929 ], [ -35.37083, -6.04698 ], [ -35.37102, -6.04636 ], [ -35.37111, -6.04605 ], [ -35.37114, -6.04597 ], [ -35.37124, -6.04565 ], [ -35.37125, -6.04559 ], [ -35.37167, -6.04423 ], [ -35.3718, -6.04225 ], [ -35.37188, -6.04214 ], [ -35.37286, -6.04103 ], [ -35.37288, -6.04101 ], [ -35.37291, -6.04096 ], [ -35.37188, -6.04059 ], [ -35.37075, -6.03983 ], [ -35.36938, -6.03911 ], [ -35.36912, -6.03896 ], [ -35.37078, -6.03618 ], [ -35.37128, -6.03578 ], [ -35.3717, -6.03393 ], [ -35.37186, -6.03355 ], [ -35.37216, -6.03321 ], [ -35.37272, -6.03267 ], [ -35.37409, -6.03134 ], [ -35.37497, -6.03049 ], [ -35.3756, -6.02987 ], [ -35.37589, -6.02957 ], [ -35.37656, -6.02887 ], [ -35.37665, -6.02877 ], [ -35.37666, -6.02876 ], [ -35.37668, -6.02873 ], [ -35.37688, -6.02853 ], [ -35.37736, -6.02732 ], [ -35.37815, -6.02585 ], [ -35.3785, -6.02521 ], [ -35.38017, -6.0236 ], [ -35.381, -6.02344 ], [ -35.38212, -6.02177 ], [ -35.38223, -6.01792 ], [ -35.37422, -6.013 ], [ -35.37028, -6.00527 ], [ -35.3714, -5.988 ], [ -35.37318, -5.9875 ], [ -35.37344, -5.98738 ], [ -35.37156, -5.98603 ], [ -35.37052, -5.98563 ], [ -35.3662, -5.98456 ], [ -35.36437, -5.9833 ], [ -35.36294, -5.98189 ], [ -35.36252, -5.9817 ], [ -35.36211, -5.98153 ], [ -35.36014, -5.98129 ], [ -35.35961, -5.98108 ], [ -35.35878, -5.98017 ], [ -35.35754, -5.97938 ], [ -35.35492, -5.97841 ], [ -35.3523, -5.9778 ], [ -35.34856, -5.97656 ], [ -35.34497, -5.97399 ], [ -35.34381, -5.97348 ], [ -35.34162, -5.97302 ], [ -35.33892, -5.97335 ], [ -35.33788, -5.97367 ], [ -35.33682, -5.97372 ], [ -35.33558, -5.9734 ], [ -35.3345, -5.9736 ], [ -35.33373, -5.97414 ], [ -35.33241, -5.97472 ], [ -35.33139, -5.97467 ], [ -35.33109, -5.97465 ], [ -35.32977, -5.97423 ], [ -35.32144, -5.9702 ], [ -35.31794, -5.9692 ], [ -35.31738, -5.96887 ], [ -35.31681, -5.96854 ], [ -35.31536, -5.9677 ], [ -35.31309, -5.96477 ], [ -35.31295, -5.96458 ], [ -35.31211, -5.96378 ], [ -35.31067, -5.96269 ], [ -35.30889, -5.96171 ], [ -35.30522, -5.95885 ], [ -35.30395, -5.95832 ], [ -35.30192, -5.9581 ], [ -35.29819, -5.95832 ], [ -35.29609, -5.95824 ], [ -35.29592, -5.95823 ], [ -35.29514, -5.95819 ], [ -35.292, -5.95805 ], [ -35.28956, -5.95771 ], [ -35.2875, -5.95753 ], [ -35.28673, -5.95747 ], [ -35.28391, -5.95723 ], [ -35.28122, -5.95741 ], [ -35.27884, -5.95772 ], [ -35.27841, -5.95795 ], [ -35.27402, -5.96027 ], [ -35.27068, -5.96127 ], [ -35.26744, -5.96147 ], [ -35.26739, -5.96147 ], [ -35.26583, -5.96157 ], [ -35.26579, -5.96157 ], [ -35.26578, -5.96157 ], [ -35.26575, -5.96157 ], [ -35.2657, -5.96157 ], [ -35.26565, -5.96158 ], [ -35.26561, -5.96158 ], [ -35.26555, -5.96158 ], [ -35.26535, -5.9616 ], [ -35.26515, -5.96161 ], [ -35.26512, -5.96161 ], [ -35.26495, -5.96162 ], [ -35.26479, -5.96163 ], [ -35.26046, -5.96189 ], [ -35.25752, -5.96182 ], [ -35.25163, -5.96206 ], [ -35.25099, -5.96208 ], [ -35.25064, -5.9621 ], [ -35.25028, -5.96176 ], [ -35.24988, -5.96138 ], [ -35.24959, -5.96018 ], [ -35.24909, -5.95925 ], [ -35.2475, -5.95777 ], [ -35.24624, -5.95416 ], [ -35.24472, -5.95427 ], [ -35.23934, -5.95155 ], [ -35.23753, -5.95136 ], [ -35.23538, -5.95168 ], [ -35.23344, -5.95559 ], [ -35.23032, -5.97381 ], [ -35.22995, -5.98217 ], [ -35.22925, -5.98624 ], [ -35.22915, -5.99138 ], [ -35.23107, -5.99428 ], [ -35.23238, -5.99677 ], [ -35.23273, -5.99743 ], [ -35.23259, -5.99775 ], [ -35.23261, -5.99786 ], [ -35.23224, -6.00069 ], [ -35.23316, -6.00496 ], [ -35.23283, -6.00796 ], [ -35.23108, -6.01597 ], [ -35.22975, -6.01965 ], [ -35.22971, -6.01996 ], [ -35.23074, -6.02538 ], [ -35.23106, -6.02709 ], [ -35.23193, -6.02994 ], [ -35.23208, -6.03045 ], [ -35.23252, -6.03416 ], [ -35.2328, -6.03656 ], [ -35.23319, -6.03836 ], [ -35.23427, -6.04338 ], [ -35.23448, -6.04437 ], [ -35.23473, -6.04534 ], [ -35.23565, -6.04893 ], [ -35.23611, -6.05366 ], [ -35.23621, -6.05422 ], [ -35.2363, -6.0551 ], [ -35.23648, -6.05693 ], [ -35.23678, -6.06006 ], [ -35.23732, -6.06563 ], [ -35.23754, -6.06664 ], [ -35.23758, -6.06682 ], [ -35.23754, -6.06825 ], [ -35.23742, -6.0684 ], [ -35.23712, -6.0689 ], [ -35.23703, -6.06897 ], [ -35.23648, -6.06924 ], [ -35.23556, -6.06969 ], [ -35.23535, -6.06983 ], [ -35.23505, -6.07013 ], [ -35.23502, -6.07015 ], [ -35.23363, -6.0711 ], [ -35.23346, -6.07122 ], [ -35.23247, -6.07151 ], [ -35.23219, -6.07179 ], [ -35.23216, -6.07197 ], [ -35.23206, -6.072 ], [ -35.23166, -6.07211 ], [ -35.2305, -6.07244 ], [ -35.22933, -6.07277 ], [ -35.22807, -6.07345 ], [ -35.22833, -6.07491 ], [ -35.22845, -6.07904 ], [ -35.2281, -6.08307 ], [ -35.22802, -6.08402 ], [ -35.22606, -6.10663 ], [ -35.22655, -6.10682 ], [ -35.22731, -6.10658 ], [ -35.22788, -6.10532 ], [ -35.22921, -6.10383 ], [ -35.2313, -6.10256 ], [ -35.23253, -6.10219 ], [ -35.23283, -6.10158 ], [ -35.23374, -6.10164 ], [ -35.23455, -6.1015 ], [ -35.23456, -6.10225 ], [ -35.23361, -6.1156 ], [ -35.23355, -6.11571 ], [ -35.23343, -6.11584 ], [ -35.23244, -6.11692 ], [ -35.23024, -6.12002 ], [ -35.22924, -6.12238 ], [ -35.22927, -6.12296 ], [ -35.22681, -6.15796 ], [ -35.22644, -6.16237 ], [ -35.22615, -6.16289 ], [ -35.22118, -6.16968 ], [ -35.22027, -6.17078 ], [ -35.22207, -6.16996 ], [ -35.22477, -6.16811 ], [ -35.22885, -6.16695 ], [ -35.23276, -6.16637 ], [ -35.23749, -6.16468 ], [ -35.25005, -6.1668 ], [ -35.25063, -6.1669 ], [ -35.25074, -6.16692 ], [ -35.25974, -6.17039 ], [ -35.28944, -6.16335 ], [ -35.29807, -6.16131 ], [ -35.29412, -6.17532 ], [ -35.29378, -6.17656 ], [ -35.29374, -6.17669 ], [ -35.29337, -6.178 ], [ -35.28568, -6.20532 ], [ -35.31896, -6.19096 ], [ -35.33937, -6.18545 ], [ -35.35168, -6.18216 ], [ -35.3521, -6.18204 ], [ -35.35238, -6.18197 ], [ -35.34042, -6.16487 ], [ -35.34259, -6.16421 ], [ -35.33046, -6.14344 ], [ -35.32609, -6.14083 ], [ -35.32359, -6.12271 ], [ -35.32355, -6.12212 ], [ -35.32261, -6.10945 ], [ -35.32207, -6.10926 ], [ -35.31544, -6.1069 ], [ -35.31422, -6.10436 ], [ -35.31151, -6.09873 ], [ -35.30522, -6.08568 ], [ -35.29866, -6.07206 ], [ -35.29843, -6.0664 ], [ -35.31013, -6.06189 ] ] ] } },
{ "type": "Feature", "properties": { "CD_MUN": "2413557", "NM_MUN": "Serrinha dos Pintos", "CD_RGI": "240010", "NM_RGI": "Pau dos Ferros", "CD_RGINT": "2403", "NM_RGINT": "Mossoró", "CD_UF": "24", "NM_UF": "Rio Grande do Norte", "SIGLA_UF": "RN", "CD_REGIA": "2", "NM_REGIA": "Nordeste", "SIGLA_RG": "NE", "CD_CONCU": null, "NM_CONCU": null, "AREA_KM2": 122.375 }, "geometry": { "type": "Polygon", "coordinates": [ [ [ -37.93961, -6.11389 ], [ -37.93961, -6.11408 ], [ -37.93962, -6.11425 ], [ -37.93963, -6.11427 ], [ -37.93963, -6.1143 ], [ -37.93963, -6.11431 ], [ -37.93963, -6.11432 ], [ -37.93964, -6.11449 ], [ -37.93965, -6.11464 ], [ -37.93966, -6.11481 ], [ -37.93968, -6.11514 ], [ -37.93969, -6.11544 ], [ -37.93969, -6.11567 ], [ -37.93967, -6.11705 ], [ -37.93967, -6.11707 ], [ -37.93967, -6.11766 ], [ -37.93966, -6.11789 ], [ -37.93966, -6.11814 ], [ -37.93966, -6.11814 ], [ -37.93961, -6.11851 ], [ -37.93965, -6.11851 ], [ -37.93955, -6.11923 ], [ -37.93956, -6.1227 ], [ -37.93998, -6.12459 ], [ -37.94042, -6.1252 ], [ -37.94168, -6.1263 ], [ -37.94202, -6.12703 ], [ -37.94241, -6.12954 ], [ -37.94386, -6.13271 ], [ -37.94386, -6.1338 ], [ -37.94273, -6.13697 ], [ -37.94301, -6.13876 ], [ -37.9437, -6.14099 ], [ -37.94381, -6.14358 ], [ -37.94408, -6.14441 ], [ -37.94536, -6.14714 ], [ -37.94935, -6.15095 ], [ -37.94962, -6.1517 ], [ -37.94938, -6.15208 ], [ -37.94806, -6.15202 ], [ -37.9469, -6.15172 ], [ -37.9443, -6.15047 ], [ -37.94303, -6.1502 ], [ -37.9424, -6.15046 ], [ -37.94124, -6.15186 ], [ -37.94038, -6.15361 ], [ -37.94042, -6.15485 ], [ -37.94158, -6.15595 ], [ -37.94386, -6.15757 ], [ -37.94708, -6.16048 ], [ -37.94965, -6.1638 ], [ -37.95195, -6.16478 ], [ -37.95262, -6.16525 ], [ -37.95328, -6.16677 ], [ -37.95457, -6.16828 ], [ -37.95475, -6.1688 ], [ -37.95595, -6.16973 ], [ -37.95748, -6.17155 ], [ -37.95809, -6.17195 ], [ -37.96087, -6.17295 ], [ -37.96378, -6.17474 ], [ -37.96605, -6.17728 ], [ -37.96781, -6.1815 ], [ -37.96866, -6.18267 ], [ -37.97124, -6.18489 ], [ -37.97156, -6.18552 ], [ -37.97178, -6.18745 ], [ -37.97312, -6.19069 ], [ -37.97526, -6.19186 ], [ -37.97601, -6.19279 ], [ -37.97714, -6.19533 ], [ -37.98027, -6.20071 ], [ -37.98185, -6.20145 ], [ -37.98232, -6.20167 ], [ -37.98275, -6.20204 ], [ -37.98408, -6.20399 ], [ -37.98438, -6.20423 ], [ -37.98491, -6.20465 ], [ -37.98724, -6.20596 ], [ -37.99072, -6.20888 ], [ -37.99215, -6.2098 ], [ -37.99324, -6.21027 ], [ -37.997, -6.21068 ], [ -37.99885, -6.21071 ], [ -38.00036, -6.21088 ], [ -38.0019, -6.21119 ], [ -38.004, -6.21123 ], [ -38.00561, -6.21023 ], [ -38.00643, -6.20962 ], [ -38.00732, -6.20924 ], [ -38.008, -6.20917 ], [ -38.01058, -6.20965 ], [ -38.01202, -6.20996 ], [ -38.01531, -6.20989 ], [ -38.01788, -6.20992 ], [ -38.01959, -6.20992 ], [ -38.02194, -6.20975 ], [ -38.02237, -6.20949 ], [ -38.02287, -6.20775 ], [ -38.02416, -6.20572 ], [ -38.02764, -6.20272 ], [ -38.02826, -6.20158 ], [ -38.02923, -6.19911 ], [ -38.02907, -6.19648 ], [ -38.03024, -6.19402 ], [ -38.03165, -6.19241 ], [ -38.03784, -6.18937 ], [ -38.04223, -6.18568 ], [ -38.04423, -6.18366 ], [ -38.04619, -6.18108 ], [ -38.04651, -6.1803 ], [ -38.04669, -6.17718 ], [ -38.04689, -6.17565 ], [ -38.04743, -6.17356 ], [ -38.04742, -6.17249 ], [ -38.04715, -6.17214 ], [ -38.04663, -6.17187 ], [ -38.04387, -6.17105 ], [ -38.04166, -6.1691 ], [ -38.04378, -6.12599 ], [ -38.04182, -6.12432 ], [ -38.03375, -6.11749 ], [ -38.00881, -6.09637 ], [ -38.00094, -6.09049 ], [ -37.99646, -6.08713 ], [ -37.98099, -6.07555 ], [ -37.94105, -6.09925 ], [ -37.93748, -6.10852 ], [ -37.93961, -6.11373 ], [ -37.93961, -6.11389 ] ] ] } },
{ "type": "Feature", "properties": { "CD_MUN": "2403905", "NM_MUN": "Francisco Dantas", "CD_RGI": "240010", "NM_RGI": "Pau dos Ferros", "CD_RGINT": "2403", "NM_RGINT": "Mossoró", "CD_UF": "24", "NM_UF": "Rio Grande do Norte", "SIGLA_UF": "RN", "CD_REGIA": "2", "NM_REGIA": "Nordeste", "SIGLA_RG": "NE", "CD_CONCU": null, "NM_CONCU": null, "AREA_KM2": 181.558 }, "geometry": { "type": "Polygon", "coordinates": [ [ [ -38.16962, -6.06702 ], [ -38.17771, -6.05631 ], [ -38.18944, -6.04628 ], [ -38.18946, -6.04498 ], [ -38.19158, -6.04335 ], [ -38.19215, -6.0418 ], [ -38.18977, -6.03621 ], [ -38.18797, -6.0351 ], [ -38.18627, -6.0353 ], [ -38.18336, -6.03268 ], [ -38.183, -6.03061 ], [ -38.18388, -6.02597 ], [ -38.18365, -6.0214 ], [ -38.18423, -6.0201 ], [ -38.18433, -6.01804 ], [ -38.18346, -6.01574 ], [ -38.18083, -6.01408 ], [ -38.17781, -6.01287 ], [ -38.1758, -6.01307 ], [ -38.17342, -6.01452 ], [ -38.17193, -6.01441 ], [ -38.16999, -6.01311 ], [ -38.16705, -6.01205 ], [ -38.16659, -6.01069 ], [ -38.16546, -6.00969 ], [ -38.16303, -6.00919 ], [ -38.16275, -6.00843 ], [ -38.16513, -6.00513 ], [ -38.16601, -6.00294 ], [ -38.16603, -6.0025 ], [ -38.16564, -6.00224 ], [ -38.16548, -6.00048 ], [ -38.16448, -5.99896 ], [ -38.16347, -5.99811 ], [ -38.16226, -5.99799 ], [ -38.16191, -5.99795 ], [ -38.16058, -5.99676 ], [ -38.15779, -5.99473 ], [ -38.15612, -5.99148 ], [ -38.15669, -5.98897 ], [ -38.15566, -5.98591 ], [ -38.15162, -5.9838 ], [ -38.14837, -5.98139 ], [ -38.14788, -5.97997 ], [ -38.14843, -5.97654 ], [ -38.14732, -5.97387 ], [ -38.14593, -5.97271 ], [ -38.14444, -5.97226 ], [ -38.13656, -5.97195 ], [ -38.13079, -5.97079 ], [ -38.12899, -5.96978 ], [ -38.12806, -5.96863 ], [ -38.12739, -5.96747 ], [ -38.12696, -5.96471 ], [ -38.12475, -5.96015 ], [ -38.12372, -5.95909 ], [ -38.12188, -5.9587 ], [ -38.11992, -5.96104 ], [ -38.11842, -5.96119 ], [ -38.11687, -5.96099 ], [ -38.11453, -5.95915 ], [ -38.09183, -6.00473 ], [ -38.09146, -6.00547 ], [ -38.09145, -6.0055 ], [ -38.09071, -6.00697 ], [ -38.08809, -6.01224 ], [ -38.08673, -6.01497 ], [ -38.07968, -6.01953 ], [ -38.07763, -6.02115 ], [ -38.07669, -6.02262 ], [ -38.07619, -6.02402 ], [ -38.07565, -6.0245 ], [ -38.07412, -6.02465 ], [ -38.07369, -6.02513 ], [ -38.0733, -6.02635 ], [ -38.0727, -6.02677 ], [ -38.07172, -6.02714 ], [ -38.0714, -6.02799 ], [ -38.07306, -6.02969 ], [ -38.07362, -6.03078 ], [ -38.07406, -6.03262 ], [ -38.07454, -6.03326 ], [ -38.07558, -6.03358 ], [ -38.07879, -6.03358 ], [ -38.08103, -6.03417 ], [ -38.0831, -6.03531 ], [ -38.08456, -6.03727 ], [ -38.08516, -6.03849 ], [ -38.08527, -6.03955 ], [ -38.08499, -6.04229 ], [ -38.08406, -6.04424 ], [ -38.08318, -6.04724 ], [ -38.08204, -6.04978 ], [ -38.08084, -6.05078 ], [ -38.07953, -6.05125 ], [ -38.07855, -6.05093 ], [ -38.07806, -6.04974 ], [ -38.07866, -6.0491 ], [ -38.08024, -6.04832 ], [ -38.08051, -6.04762 ], [ -38.07992, -6.04614 ], [ -38.08003, -6.04408 ], [ -38.07943, -6.0426 ], [ -38.0796, -6.04156 ], [ -38.08003, -6.04072 ], [ -38.07873, -6.04013 ], [ -38.07791, -6.03933 ], [ -38.07688, -6.03685 ], [ -38.07628, -6.03589 ], [ -38.0759, -6.03573 ], [ -38.07563, -6.03613 ], [ -38.07595, -6.0374 ], [ -38.07573, -6.03888 ], [ -38.07595, -6.04031 ], [ -38.07638, -6.04174 ], [ -38.076, -6.0428 ], [ -38.07393, -6.04338 ], [ -38.06848, -6.04424 ], [ -38.06325, -6.04403 ], [ -38.0621, -6.04439 ], [ -38.05981, -6.04436 ], [ -38.05905, -6.0441 ], [ -38.05556, -6.04372 ], [ -38.05437, -6.04457 ], [ -38.0542, -6.04525 ], [ -38.05458, -6.04671 ], [ -38.0579, -6.04944 ], [ -38.06028, -6.05591 ], [ -38.06104, -6.05861 ], [ -38.06159, -6.05935 ], [ -38.0618, -6.06147 ], [ -38.063, -6.06253 ], [ -38.06517, -6.06391 ], [ -38.06757, -6.06434 ], [ -38.0691, -6.06535 ], [ -38.07007, -6.06673 ], [ -38.07007, -6.0681 ], [ -38.0681, -6.0729 ], [ -38.06799, -6.0761 ], [ -38.06733, -6.07609 ], [ -38.06581, -6.07556 ], [ -38.0609, -6.07577 ], [ -38.06036, -6.07481 ], [ -38.05982, -6.07227 ], [ -38.05939, -6.07169 ], [ -38.05503, -6.07041 ], [ -38.05351, -6.06934 ], [ -38.0522, -6.06786 ], [ -38.05057, -6.0669 ], [ -38.04762, -6.06664 ], [ -38.04664, -6.06705 ], [ -38.04664, -6.0679 ], [ -38.04642, -6.06822 ], [ -38.04555, -6.0678 ], [ -38.04403, -6.06567 ], [ -38.04142, -6.06302 ], [ -38.03903, -6.06095 ], [ -38.03761, -6.06042 ], [ -38.03554, -6.0601 ], [ -38.03336, -6.05999 ], [ -38.03292, -6.0602 ], [ -38.03314, -6.06195 ], [ -38.03198, -6.06427 ], [ -38.03174, -6.06475 ], [ -38.03161, -6.06502 ], [ -38.03041, -6.06629 ], [ -38.0303, -6.06703 ], [ -38.03116, -6.06946 ], [ -38.03116, -6.07073 ], [ -38.02985, -6.07354 ], [ -38.02974, -6.07449 ], [ -38.02722, -6.07883 ], [ -38.02602, -6.08147 ], [ -38.02525, -6.08385 ], [ -38.02372, -6.08502 ], [ -38.01892, -6.08713 ], [ -38.01653, -6.0877 ], [ -38.01522, -6.08834 ], [ -38.01384, -6.0885 ], [ -38.01347, -6.08855 ], [ -38.01053, -6.08844 ], [ -38.00998, -6.08928 ], [ -38.00966, -6.09055 ], [ -38.00889, -6.09219 ], [ -38.00886, -6.09331 ], [ -38.0101, -6.09431 ], [ -38.01044, -6.09508 ], [ -38.01044, -6.0959 ], [ -38.0097, -6.09637 ], [ -38.00881, -6.09637 ], [ -38.03375, -6.11749 ], [ -38.04182, -6.12432 ], [ -38.04378, -6.12599 ], [ -38.06544, -6.11839 ], [ -38.08504, -6.11686 ], [ -38.10352, -6.11384 ], [ -38.14767, -6.09606 ], [ -38.1688, -6.06811 ], [ -38.16962, -6.06702 ] ] ] } },
{ "type": "Feature", "properties": { "CD_MUN": "2408508", "NM_MUN": "Ouro Branco", "CD_RGI": "240007", "NM_RGI": "Caicó", "CD_RGINT": "2402", "NM_RGINT": "Caicó", "CD_UF": "24", "NM_UF": "Rio Grande do Norte", "SIGLA_UF": "RN", "CD_REGIA": "2", "NM_REGIA": "Nordeste", "SIGLA_RG": "NE", "CD_CONCU": null, "NM_CONCU": null, "AREA_KM2": 253.21 }, "geometry": { "type": "Polygon", "coordinates": [ [ [ -36.99079, -6.67295 ], [ -36.97982, -6.64156 ], [ -36.97997, -6.63705 ], [ -36.98062, -6.61714 ], [ -36.937, -6.57778 ], [ -36.9369, -6.57768 ], [ -36.93654, -6.5781 ], [ -36.93097, -6.57759 ], [ -36.9294, -6.57999 ], [ -36.92694, -6.58465 ], [ -36.92623, -6.58713 ], [ -36.92539, -6.58769 ], [ -36.92183, -6.58753 ], [ -36.91952, -6.58918 ], [ -36.91874, -6.59051 ], [ -36.91866, -6.59191 ], [ -36.9195, -6.59416 ], [ -36.91927, -6.59627 ], [ -36.91748, -6.59903 ], [ -36.91845, -6.60045 ], [ -36.9183, -6.6008 ], [ -36.91641, -6.601 ], [ -36.91447, -6.60321 ], [ -36.9104, -6.60494 ], [ -36.90999, -6.60765 ], [ -36.90662, -6.60883 ], [ -36.90522, -6.60833 ], [ -36.90452, -6.60884 ], [ -36.90256, -6.61391 ], [ -36.89856, -6.61424 ], [ -36.89533, -6.61366 ], [ -36.89308, -6.61408 ], [ -36.89306, -6.61423 ], [ -36.89257, -6.6178 ], [ -36.89326, -6.62187 ], [ -36.89242, -6.62321 ], [ -36.89234, -6.62335 ], [ -36.89108, -6.62418 ], [ -36.88561, -6.62262 ], [ -36.88321, -6.62259 ], [ -36.87364, -6.62805 ], [ -36.87054, -6.63056 ], [ -36.86848, -6.63512 ], [ -36.86945, -6.63948 ], [ -36.86873, -6.64271 ], [ -36.8699, -6.64869 ], [ -36.86947, -6.65122 ], [ -36.86846, -6.65328 ], [ -36.86657, -6.65557 ], [ -36.86642, -6.65576 ], [ -36.86351, -6.65312 ], [ -36.8581, -6.64878 ], [ -36.85243, -6.64925 ], [ -36.84459, -6.6538 ], [ -36.84359, -6.65827 ], [ -36.8379, -6.66028 ], [ -36.83607, -6.66154 ], [ -36.83317, -6.66455 ], [ -36.83049, -6.66932 ], [ -36.82844, -6.67106 ], [ -36.82675, -6.67148 ], [ -36.82407, -6.67428 ], [ -36.82345, -6.676 ], [ -36.82132, -6.67686 ], [ -36.81866, -6.67671 ], [ -36.81669, -6.67958 ], [ -36.81693, -6.68187 ], [ -36.84265, -6.67462 ], [ -36.85076, -6.68961 ], [ -36.84949, -6.69058 ], [ -36.84918, -6.69179 ], [ -36.84496, -6.69462 ], [ -36.84426, -6.69591 ], [ -36.84135, -6.69869 ], [ -36.841, -6.70016 ], [ -36.84134, -6.7025 ], [ -36.83829, -6.70629 ], [ -36.83989, -6.70669 ], [ -36.84067, -6.70747 ], [ -36.84133, -6.7131 ], [ -36.84041, -6.71556 ], [ -36.84127, -6.71782 ], [ -36.83892, -6.72066 ], [ -36.83842, -6.72589 ], [ -36.83503, -6.73107 ], [ -36.87433, -6.74318 ], [ -36.88082, -6.74551 ], [ -36.90343, -6.75361 ], [ -36.91022, -6.75693 ], [ -36.91987, -6.76164 ], [ -36.93152, -6.76857 ], [ -36.93731, -6.77261 ], [ -36.95714, -6.79048 ], [ -36.9591, -6.7833 ], [ -36.95534, -6.77937 ], [ -36.95266, -6.77515 ], [ -36.95428, -6.77562 ], [ -36.95814, -6.77568 ], [ -36.96369, -6.77309 ], [ -36.96923, -6.7705 ], [ -36.97071, -6.7683 ], [ -36.97189, -6.76548 ], [ -36.97284, -6.76321 ], [ -36.97333, -6.7582 ], [ -36.97178, -6.74487 ], [ -36.9718, -6.74065 ], [ -36.97372, -6.73391 ], [ -36.97762, -6.72186 ], [ -36.98022, -6.71897 ], [ -36.98339, -6.71656 ], [ -36.98616, -6.71198 ], [ -36.9888, -6.71081 ], [ -36.98994, -6.70915 ], [ -36.99353, -6.70754 ], [ -36.99983, -6.70771 ], [ -37.00359, -6.70961 ], [ -36.99079, -6.67295 ] ] ] } },
{ "type": "Feature", "properties": { "CD_MUN": "2407203", "NM_MUN": "Macau", "CD_RGI": "240011", "NM_RGI": "Açu", "CD_RGINT": "2403", "NM_RGINT": "Mossoró", "CD_UF": "24", "NM_UF": "Rio Grande do Norte", "SIGLA_UF": "RN", "CD_REGIA": "2", "NM_REGIA": "Nordeste", "SIGLA_RG": "NE", "CD_CONCU": null, "NM_CONCU": null, "AREA_KM2": 775.302 }, "geometry": { "type": "Polygon", "coordinates": [ [ [ -36.69443, -5.08672 ], [ -36.68866, -5.0883 ], [ -36.68804, -5.0877 ], [ -36.68666, -5.08699 ], [ -36.68536, -5.08617 ], [ -36.68379, -5.0854 ], [ -36.68283, -5.08505 ], [ -36.68208, -5.08469 ], [ -36.68146, -5.08449 ], [ -36.68067, -5.08437 ], [ -36.67974, -5.08436 ], [ -36.67896, -5.08445 ], [ -36.67824, -5.08461 ], [ -36.6771, -5.08496 ], [ -36.67602, -5.08544 ], [ -36.67532, -5.08584 ], [ -36.67393, -5.08628 ], [ -36.67315, -5.08656 ], [ -36.67216, -5.0869 ], [ -36.67119, -5.08716 ], [ -36.67064, -5.0873 ], [ -36.67061, -5.0873 ], [ -36.66938, -5.08752 ], [ -36.66867, -5.0876 ], [ -36.6676, -5.08753 ], [ -36.66677, -5.08733 ], [ -36.66594, -5.08694 ], [ -36.66466, -5.08664 ], [ -36.66414, -5.08661 ], [ -36.66316, -5.08659 ], [ -36.66221, -5.0867 ], [ -36.6613, -5.08696 ], [ -36.66129, -5.08696 ], [ -36.66032, -5.0872 ], [ -36.65961, -5.0873 ], [ -36.65869, -5.08747 ], [ -36.65776, -5.08755 ], [ -36.65673, -5.08768 ], [ -36.65553, -5.0878 ], [ -36.65448, -5.0879 ], [ -36.6532, -5.08802 ], [ -36.65155, -5.0881 ], [ -36.65091, -5.0881 ], [ -36.65034, -5.08808 ], [ -36.64982, -5.08805 ], [ -36.64952, -5.08793 ], [ -36.64922, -5.08777 ], [ -36.64886, -5.0876 ], [ -36.64854, -5.08753 ], [ -36.64817, -5.08753 ], [ -36.64784, -5.08761 ], [ -36.64747, -5.08777 ], [ -36.64683, -5.08805 ], [ -36.6468, -5.08807 ], [ -36.64572, -5.08847 ], [ -36.64513, -5.08869 ], [ -36.64465, -5.08879 ], [ -36.6441, -5.08891 ], [ -36.64334, -5.08899 ], [ -36.64215, -5.08916 ], [ -36.64127, -5.08933 ], [ -36.64036, -5.0895 ], [ -36.63907, -5.08976 ], [ -36.63864, -5.08982 ], [ -36.63849, -5.08982 ], [ -36.63835, -5.08978 ], [ -36.63827, -5.08973 ], [ -36.63819, -5.08965 ], [ -36.6381, -5.08953 ], [ -36.63806, -5.08944 ], [ -36.63799, -5.08936 ], [ -36.63789, -5.0893 ], [ -36.6377, -5.08928 ], [ -36.63751, -5.08929 ], [ -36.63645, -5.0895 ], [ -36.63607, -5.08958 ], [ -36.63583, -5.08967 ], [ -36.63552, -5.08981 ], [ -36.63533, -5.08991 ], [ -36.63517, -5.08998 ], [ -36.63482, -5.0901 ], [ -36.63392, -5.09038 ], [ -36.63346, -5.09048 ], [ -36.63297, -5.09057 ], [ -36.63242, -5.09065 ], [ -36.6316, -5.09078 ], [ -36.63102, -5.09088 ], [ -36.63023, -5.09103 ], [ -36.6293, -5.09122 ], [ -36.62828, -5.09141 ], [ -36.62757, -5.09156 ], [ -36.62686, -5.09169 ], [ -36.62644, -5.09177 ], [ -36.62473, -5.09216 ], [ -36.62364, -5.09242 ], [ -36.62278, -5.09267 ], [ -36.62185, -5.09307 ], [ -36.62103, -5.09342 ], [ -36.62032, -5.09367 ], [ -36.61945, -5.09389 ], [ -36.6186, -5.094 ], [ -36.61792, -5.09404 ], [ -36.61731, -5.09409 ], [ -36.61692, -5.0941 ], [ -36.61651, -5.09405 ], [ -36.61605, -5.09405 ], [ -36.61539, -5.09414 ], [ -36.61474, -5.09422 ], [ -36.61389, -5.09426 ], [ -36.61361, -5.09427 ], [ -36.6134, -5.09433 ], [ -36.61163, -5.09319 ], [ -36.6097, -5.09195 ], [ -36.60984, -5.09172 ], [ -36.61005, -5.09134 ], [ -36.61029, -5.09079 ], [ -36.61036, -5.09025 ], [ -36.61034, -5.08976 ], [ -36.61021, -5.08944 ], [ -36.60989, -5.08916 ], [ -36.60972, -5.08892 ], [ -36.60959, -5.08862 ], [ -36.60946, -5.08842 ], [ -36.6093, -5.08824 ], [ -36.60901, -5.08791 ], [ -36.60892, -5.08782 ], [ -36.60871, -5.08782 ], [ -36.60993, -5.0826 ], [ -36.60997, -5.08254 ], [ -36.61014, -5.08259 ], [ -36.61034, -5.08262 ], [ -36.61052, -5.08262 ], [ -36.61057, -5.08262 ], [ -36.61065, -5.08263 ], [ -36.61072, -5.08265 ], [ -36.61081, -5.08266 ], [ -36.61086, -5.08266 ], [ -36.6109, -5.08266 ], [ -36.61094, -5.08263 ], [ -36.61097, -5.08258 ], [ -36.61104, -5.08259 ], [ -36.6111, -5.08261 ], [ -36.61116, -5.08263 ], [ -36.61122, -5.08266 ], [ -36.61128, -5.08266 ], [ -36.61133, -5.08264 ], [ -36.61133, -5.08264 ], [ -36.61137, -5.08263 ], [ -36.61143, -5.08263 ], [ -36.61155, -5.08266 ], [ -36.61171, -5.08269 ], [ -36.61187, -5.08271 ], [ -36.61194, -5.08269 ], [ -36.61202, -5.08265 ], [ -36.61211, -5.08259 ], [ -36.61218, -5.0825 ], [ -36.61224, -5.0824 ], [ -36.61236, -5.08227 ], [ -36.61248, -5.08216 ], [ -36.61258, -5.08207 ], [ -36.61271, -5.08199 ], [ -36.61285, -5.08193 ], [ -36.61299, -5.08189 ], [ -36.61312, -5.08189 ], [ -36.61325, -5.08194 ], [ -36.61332, -5.082 ], [ -36.61338, -5.08207 ], [ -36.61346, -5.08209 ], [ -36.61353, -5.08208 ], [ -36.61359, -5.08204 ], [ -36.61365, -5.082 ], [ -36.61366, -5.08194 ], [ -36.61364, -5.08191 ], [ -36.61361, -5.08188 ], [ -36.61349, -5.08179 ], [ -36.61342, -5.0817 ], [ -36.61334, -5.08154 ], [ -36.61325, -5.08143 ], [ -36.61319, -5.08134 ], [ -36.61315, -5.08126 ], [ -36.61311, -5.08116 ], [ -36.61309, -5.08108 ], [ -36.61308, -5.081 ], [ -36.61309, -5.08094 ], [ -36.61312, -5.08089 ], [ -36.61315, -5.08087 ], [ -36.6132, -5.08087 ], [ -36.61326, -5.08088 ], [ -36.61337, -5.08094 ], [ -36.61349, -5.08101 ], [ -36.61362, -5.08113 ], [ -36.61374, -5.08123 ], [ -36.61379, -5.08129 ], [ -36.61385, -5.08135 ], [ -36.61393, -5.08137 ], [ -36.61399, -5.08137 ], [ -36.61406, -5.08134 ], [ -36.61411, -5.08127 ], [ -36.61414, -5.08117 ], [ -36.61414, -5.08102 ], [ -36.61408, -5.08083 ], [ -36.61397, -5.08068 ], [ -36.61378, -5.08047 ], [ -36.61345, -5.08024 ], [ -36.61325, -5.08014 ], [ -36.61298, -5.07997 ], [ -36.61277, -5.07982 ], [ -36.61258, -5.0797 ], [ -36.61248, -5.07964 ], [ -36.61246, -5.07962 ], [ -36.61198, -5.07933 ], [ -36.6116, -5.07903 ], [ -36.61124, -5.07871 ], [ -36.61103, -5.07855 ], [ -36.61076, -5.07848 ], [ -36.61041, -5.07844 ], [ -36.61008, -5.07846 ], [ -36.60971, -5.07853 ], [ -36.60931, -5.07858 ], [ -36.60885, -5.07865 ], [ -36.60857, -5.07864 ], [ -36.60842, -5.07864 ], [ -36.60817, -5.07862 ], [ -36.60793, -5.07862 ], [ -36.60775, -5.07865 ], [ -36.60751, -5.07871 ], [ -36.60734, -5.07874 ], [ -36.60713, -5.07877 ], [ -36.60697, -5.07877 ], [ -36.60679, -5.07875 ], [ -36.60668, -5.07874 ], [ -36.60654, -5.07874 ], [ -36.60636, -5.07874 ], [ -36.60617, -5.07878 ], [ -36.60594, -5.07882 ], [ -36.60573, -5.07886 ], [ -36.60541, -5.0789 ], [ -36.60515, -5.07889 ], [ -36.60492, -5.0789 ], [ -36.60474, -5.07888 ], [ -36.60464, -5.07887 ], [ -36.60452, -5.07888 ], [ -36.60431, -5.07891 ], [ -36.60408, -5.07892 ], [ -36.60391, -5.07896 ], [ -36.60365, -5.079 ], [ -36.60333, -5.07905 ], [ -36.60288, -5.07914 ], [ -36.60259, -5.07921 ], [ -36.60233, -5.07928 ], [ -36.60205, -5.07931 ], [ -36.60159, -5.07937 ], [ -36.60107, -5.07943 ], [ -36.60055, -5.07951 ], [ -36.6, -5.07961 ], [ -36.59975, -5.07965 ], [ -36.59948, -5.0797 ], [ -36.59917, -5.0798 ], [ -36.59878, -5.07993 ], [ -36.59832, -5.08007 ], [ -36.59767, -5.08025 ], [ -36.59715, -5.08038 ], [ -36.59658, -5.08054 ], [ -36.59598, -5.08074 ], [ -36.59551, -5.08089 ], [ -36.59506, -5.08107 ], [ -36.59454, -5.08127 ], [ -36.59384, -5.08151 ], [ -36.59342, -5.08167 ], [ -36.593, -5.08182 ], [ -36.59262, -5.08198 ], [ -36.59206, -5.08219 ], [ -36.59173, -5.08233 ], [ -36.59137, -5.08249 ], [ -36.59082, -5.08272 ], [ -36.5904, -5.08289 ], [ -36.59008, -5.08301 ], [ -36.58976, -5.08312 ], [ -36.58925, -5.08332 ], [ -36.58889, -5.08345 ], [ -36.58851, -5.08359 ], [ -36.58835, -5.08364 ], [ -36.58796, -5.08375 ], [ -36.58749, -5.08386 ], [ -36.58711, -5.08396 ], [ -36.58684, -5.08402 ], [ -36.58659, -5.08406 ], [ -36.58601, -5.08413 ], [ -36.58559, -5.08417 ], [ -36.5853, -5.08422 ], [ -36.58485, -5.08435 ], [ -36.58454, -5.08449 ], [ -36.58426, -5.08467 ], [ -36.58395, -5.08486 ], [ -36.58371, -5.08502 ], [ -36.58355, -5.08516 ], [ -36.58337, -5.08534 ], [ -36.58325, -5.08555 ], [ -36.58318, -5.08575 ], [ -36.58312, -5.08598 ], [ -36.58311, -5.08633 ], [ -36.58312, -5.08665 ], [ -36.58316, -5.08695 ], [ -36.58327, -5.08736 ], [ -36.58339, -5.0877 ], [ -36.58359, -5.08809 ], [ -36.58376, -5.08839 ], [ -36.58235, -5.08874 ], [ -36.58124, -5.08902 ], [ -36.58114, -5.08865 ], [ -36.58099, -5.08838 ], [ -36.58057, -5.08815 ], [ -36.58009, -5.08793 ], [ -36.5797, -5.08774 ], [ -36.57934, -5.08758 ], [ -36.57889, -5.08721 ], [ -36.57869, -5.08704 ], [ -36.57841, -5.08669 ], [ -36.57809, -5.08646 ], [ -36.57773, -5.08632 ], [ -36.5773, -5.08619 ], [ -36.57657, -5.08604 ], [ -36.57591, -5.0859 ], [ -36.57557, -5.08584 ], [ -36.57521, -5.08581 ], [ -36.57473, -5.0858 ], [ -36.57421, -5.08577 ], [ -36.57385, -5.0858 ], [ -36.57358, -5.08584 ], [ -36.57295, -5.08596 ], [ -36.57229, -5.08609 ], [ -36.57221, -5.08609 ], [ -36.57184, -5.08612 ], [ -36.5714, -5.08613 ], [ -36.57103, -5.08616 ], [ -36.56998, -5.08619 ], [ -36.56963, -5.08622 ], [ -36.56913, -5.08624 ], [ -36.56798, -5.08634 ], [ -36.56711, -5.08642 ], [ -36.56629, -5.08652 ], [ -36.56569, -5.08661 ], [ -36.56537, -5.08666 ], [ -36.56488, -5.08677 ], [ -36.56433, -5.08689 ], [ -36.56406, -5.08694 ], [ -36.56365, -5.08701 ], [ -36.56336, -5.08703 ], [ -36.56291, -5.08705 ], [ -36.56249, -5.08709 ], [ -36.56218, -5.0871 ], [ -36.56177, -5.08712 ], [ -36.5614, -5.08714 ], [ -36.56048, -5.08722 ], [ -36.55985, -5.08725 ], [ -36.55928, -5.08727 ], [ -36.55868, -5.08729 ], [ -36.55822, -5.0873 ], [ -36.55776, -5.08731 ], [ -36.5573, -5.08732 ], [ -36.55691, -5.08735 ], [ -36.55646, -5.08741 ], [ -36.55607, -5.08747 ], [ -36.55563, -5.08752 ], [ -36.55519, -5.08759 ], [ -36.55474, -5.08763 ], [ -36.55408, -5.08774 ], [ -36.55354, -5.08781 ], [ -36.55286, -5.08791 ], [ -36.55226, -5.08801 ], [ -36.55154, -5.08814 ], [ -36.55038, -5.08832 ], [ -36.54953, -5.08845 ], [ -36.54856, -5.08859 ], [ -36.54812, -5.08864 ], [ -36.5477, -5.08871 ], [ -36.54706, -5.08883 ], [ -36.54662, -5.08889 ], [ -36.54658, -5.0889 ], [ -36.54656, -5.08881 ], [ -36.54654, -5.08871 ], [ -36.54651, -5.08861 ], [ -36.54647, -5.08853 ], [ -36.54639, -5.0885 ], [ -36.54623, -5.08849 ], [ -36.54599, -5.08852 ], [ -36.54564, -5.08858 ], [ -36.54543, -5.08861 ], [ -36.54527, -5.08865 ], [ -36.54519, -5.08867 ], [ -36.54514, -5.08871 ], [ -36.54512, -5.08876 ], [ -36.54507, -5.08883 ], [ -36.54468, -5.0889 ], [ -36.54445, -5.0889 ], [ -36.54404, -5.08889 ], [ -36.54373, -5.08884 ], [ -36.54341, -5.08877 ], [ -36.54322, -5.08869 ], [ -36.54304, -5.0886 ], [ -36.54282, -5.08858 ], [ -36.54259, -5.08857 ], [ -36.54241, -5.08856 ], [ -36.54227, -5.08854 ], [ -36.54281, -5.08186 ], [ -36.5429, -5.08171 ], [ -36.54292, -5.08119 ], [ -36.54287, -5.08067 ], [ -36.54272, -5.08009 ], [ -36.54258, -5.07953 ], [ -36.54252, -5.07906 ], [ -36.54248, -5.07874 ], [ -36.54206, -5.07806 ], [ -36.54146, -5.0773 ], [ -36.54091, -5.07669 ], [ -36.54024, -5.07615 ], [ -36.53942, -5.07564 ], [ -36.53798, -5.07494 ], [ -36.53716, -5.07452 ], [ -36.53625, -5.07416 ], [ -36.53608, -5.07409 ], [ -36.53587, -5.07392 ], [ -36.53584, -5.07383 ], [ -36.53583, -5.07362 ], [ -36.53576, -5.07329 ], [ -36.53549, -5.07261 ], [ -36.53523, -5.0721 ], [ -36.53487, -5.07156 ], [ -36.53444, -5.07116 ], [ -36.53392, -5.07085 ], [ -36.53309, -5.07041 ], [ -36.53185, -5.06985 ], [ -36.53017, -5.06901 ], [ -36.52922, -5.06856 ], [ -36.52829, -5.06818 ], [ -36.52716, -5.06788 ], [ -36.52577, -5.06762 ], [ -36.52466, -5.06743 ], [ -36.52375, -5.06737 ], [ -36.52306, -5.06733 ], [ -36.52208, -5.06729 ], [ -36.52146, -5.06731 ], [ -36.52045, -5.06733 ], [ -36.51924, -5.06741 ], [ -36.51798, -5.0675 ], [ -36.51704, -5.06756 ], [ -36.51591, -5.06759 ], [ -36.513, -5.06547 ], [ -36.51291, -5.06531 ], [ -36.51285, -5.06523 ], [ -36.51275, -5.06515 ], [ -36.51262, -5.06504 ], [ -36.51252, -5.06495 ], [ -36.51237, -5.06482 ], [ -36.51222, -5.06473 ], [ -36.51201, -5.06463 ], [ -36.51184, -5.06457 ], [ -36.51166, -5.06453 ], [ -36.51145, -5.0645 ], [ -36.51143, -5.06449 ], [ -36.51122, -5.06445 ], [ -36.51108, -5.06441 ], [ -36.51096, -5.06437 ], [ -36.51082, -5.0643 ], [ -36.51065, -5.06421 ], [ -36.51053, -5.06412 ], [ -36.51042, -5.06405 ], [ -36.51038, -5.06402 ], [ -36.51023, -5.06386 ], [ -36.5101, -5.06374 ], [ -36.50994, -5.06359 ], [ -36.50977, -5.06347 ], [ -36.50955, -5.06333 ], [ -36.50921, -5.0631 ], [ -36.50901, -5.06299 ], [ -36.50887, -5.06292 ], [ -36.5087, -5.06285 ], [ -36.50852, -5.06276 ], [ -36.50838, -5.06269 ], [ -36.50825, -5.06259 ], [ -36.50815, -5.06253 ], [ -36.50801, -5.06242 ], [ -36.50787, -5.06235 ], [ -36.50776, -5.06231 ], [ -36.50763, -5.0623 ], [ -36.5075, -5.06229 ], [ -36.50732, -5.06227 ], [ -36.50713, -5.06222 ], [ -36.50696, -5.06216 ], [ -36.50678, -5.06207 ], [ -36.50652, -5.06198 ], [ -36.50629, -5.06193 ], [ -36.5057, -5.0619 ], [ -36.50505, -5.06186 ], [ -36.50462, -5.06186 ], [ -36.50404, -5.06186 ], [ -36.50354, -5.0618 ], [ -36.50318, -5.0618 ], [ -36.50312, -5.06181 ], [ -36.5022, -5.06192 ], [ -36.50146, -5.06205 ], [ -36.50021, -5.06231 ], [ -36.49969, -5.06236 ], [ -36.49857, -5.06248 ], [ -36.4971, -5.06271 ], [ -36.49589, -5.06292 ], [ -36.49462, -5.06316 ], [ -36.49344, -5.06341 ], [ -36.49194, -5.06376 ], [ -36.4907, -5.0641 ], [ -36.48932, -5.0645 ], [ -36.48838, -5.06481 ], [ -36.48688, -5.06525 ], [ -36.48647, -5.06539 ], [ -36.48592, -5.06557 ], [ -36.4855, -5.06571 ], [ -36.48506, -5.06582 ], [ -36.4841, -5.06613 ], [ -36.48318, -5.06645 ], [ -36.48263, -5.06663 ], [ -36.48141, -5.06699 ], [ -36.48075, -5.06724 ], [ -36.48022, -5.06742 ], [ -36.47947, -5.06762 ], [ -36.47825, -5.06806 ], [ -36.47723, -5.06848 ], [ -36.47641, -5.06882 ], [ -36.47566, -5.06906 ], [ -36.47541, -5.06914 ], [ -36.47512, -5.06924 ], [ -36.47481, -5.0693 ], [ -36.47447, -5.0694 ], [ -36.47416, -5.06953 ], [ -36.47391, -5.06969 ], [ -36.47378, -5.0695 ], [ -36.47383, -5.06948 ], [ -36.47389, -5.06941 ], [ -36.47391, -5.06924 ], [ -36.47387, -5.06914 ], [ -36.47375, -5.06904 ], [ -36.4735, -5.06895 ], [ -36.47272, -5.06889 ], [ -36.47231, -5.06888 ], [ -36.47144, -5.06885 ], [ -36.47099, -5.06879 ], [ -36.47043, -5.06868 ], [ -36.46919, -5.06868 ], [ -36.46754, -5.06874 ], [ -36.46597, -5.06879 ], [ -36.46438, -5.06889 ], [ -36.46294, -5.06888 ], [ -36.46194, -5.06883 ], [ -36.46103, -5.0688 ], [ -36.46021, -5.06872 ], [ -36.45989, -5.06865 ], [ -36.45937, -5.06852 ], [ -36.45894, -5.06837 ], [ -36.45864, -5.06819 ], [ -36.4584, -5.068 ], [ -36.45823, -5.06768 ], [ -36.45808, -5.06736 ], [ -36.45804, -5.06713 ], [ -36.45803, -5.06685 ], [ -36.45801, -5.06655 ], [ -36.458, -5.06634 ], [ -36.45801, -5.0663 ], [ -36.45803, -5.06608 ], [ -36.45805, -5.06588 ], [ -36.45801, -5.06574 ], [ -36.4578, -5.06566 ], [ -36.45757, -5.06568 ], [ -36.45729, -5.06574 ], [ -36.45697, -5.06577 ], [ -36.45673, -5.06571 ], [ -36.45655, -5.06567 ], [ -36.45629, -5.06567 ], [ -36.45592, -5.06573 ], [ -36.45523, -5.06586 ], [ -36.45435, -5.06602 ], [ -36.45338, -5.06614 ], [ -36.45249, -5.06619 ], [ -36.45048, -5.0663 ], [ -36.4497, -5.06637 ], [ -36.44923, -5.06644 ], [ -36.44819, -5.06681 ], [ -36.4469, -5.06724 ], [ -36.44604, -5.06752 ], [ -36.44326, -5.0684 ], [ -36.44118, -5.06913 ], [ -36.43841, -5.07001 ], [ -36.43543, -5.07099 ], [ -36.43318, -5.0718 ], [ -36.42959, -5.07315 ], [ -36.42815, -5.07379 ], [ -36.4252, -5.075 ], [ -36.42199, -5.07608 ], [ -36.41806, -5.07744 ], [ -36.41553, -5.07826 ], [ -36.41299, -5.079 ], [ -36.41145, -5.07948 ], [ -36.41069, -5.0797 ], [ -36.41029, -5.0798 ], [ -36.40972, -5.0799 ], [ -36.40915, -5.07999 ], [ -36.40725, -5.08056 ], [ -36.40682, -5.08069 ], [ -36.43056, -5.13291 ], [ -36.43064, -5.1331 ], [ -36.43052, -5.13333 ], [ -36.38026, -5.22802 ], [ -36.3802, -5.22815 ], [ -36.3683, -5.25056 ], [ -36.36825, -5.25066 ], [ -36.36819, -5.25078 ], [ -36.38018, -5.27055 ], [ -36.38034, -5.27127 ], [ -36.38127, -5.31487 ], [ -36.38334, -5.31801 ], [ -36.38629, -5.32025 ], [ -36.39501, -5.32592 ], [ -36.39898, -5.32711 ], [ -36.40148, -5.32852 ], [ -36.40357, -5.32998 ], [ -36.40592, -5.33136 ], [ -36.40727, -5.33246 ], [ -36.41033, -5.33415 ], [ -36.41451, -5.33774 ], [ -36.41924, -5.34264 ], [ -36.42128, -5.34796 ], [ -36.43266, -5.36138 ], [ -36.43987, -5.36988 ], [ -36.515, -5.40197 ], [ -36.51563, -5.40224 ], [ -36.51477, -5.30189 ], [ -36.5421, -5.30151 ], [ -36.54305, -5.29839 ], [ -36.54355, -5.29824 ], [ -36.54346, -5.29757 ], [ -36.54312, -5.2966 ], [ -36.54233, -5.29532 ], [ -36.54144, -5.2925 ], [ -36.53991, -5.289 ], [ -36.53979, -5.28661 ], [ -36.53933, -5.28397 ], [ -36.53852, -5.28093 ], [ -36.53853, -5.27947 ], [ -36.539, -5.2785 ], [ -36.53991, -5.27742 ], [ -36.54053, -5.27623 ], [ -36.54024, -5.27523 ], [ -36.53937, -5.27477 ], [ -36.53837, -5.27459 ], [ -36.53819, -5.27361 ], [ -36.53717, -5.27231 ], [ -36.53676, -5.27144 ], [ -36.53667, -5.26882 ], [ -36.53552, -5.26599 ], [ -36.53515, -5.26463 ], [ -36.53544, -5.26378 ], [ -36.53814, -5.26297 ], [ -36.53967, -5.26231 ], [ -36.5418, -5.26038 ], [ -36.5425, -5.25916 ], [ -36.54327, -5.25607 ], [ -36.54367, -5.25556 ], [ -36.54505, -5.25487 ], [ -36.54555, -5.25438 ], [ -36.54399, -5.25132 ], [ -36.54346, -5.24998 ], [ -36.54362, -5.24846 ], [ -36.54321, -5.24597 ], [ -36.54278, -5.2453 ], [ -36.5425, -5.24318 ], [ -36.54463, -5.2418 ], [ -36.54543, -5.24074 ], [ -36.54734, -5.23781 ], [ -36.54829, -5.23576 ], [ -36.54954, -5.23362 ], [ -36.55157, -5.23377 ], [ -36.55347, -5.23317 ], [ -36.55503, -5.23229 ], [ -36.55581, -5.23121 ], [ -36.55643, -5.23003 ], [ -36.5574, -5.22904 ], [ -36.55864, -5.22834 ], [ -36.55918, -5.22764 ], [ -36.55959, -5.22667 ], [ -36.55954, -5.22591 ], [ -36.55765, -5.22293 ], [ -36.55714, -5.22146 ], [ -36.55755, -5.22082 ], [ -36.56009, -5.21945 ], [ -36.56149, -5.21904 ], [ -36.56362, -5.21842 ], [ -36.56429, -5.21823 ], [ -36.56507, -5.21812 ], [ -36.56552, -5.21806 ], [ -36.56811, -5.21771 ], [ -36.56989, -5.21784 ], [ -36.57062, -5.21831 ], [ -36.57125, -5.21902 ], [ -36.57221, -5.21946 ], [ -36.57333, -5.21871 ], [ -36.57451, -5.21828 ], [ -36.57509, -5.21761 ], [ -36.57523, -5.21655 ], [ -36.57511, -5.2147 ], [ -36.57545, -5.21417 ], [ -36.57599, -5.21414 ], [ -36.57656, -5.2145 ], [ -36.57722, -5.21535 ], [ -36.57807, -5.21588 ], [ -36.57938, -5.21583 ], [ -36.72912, -5.17503 ], [ -36.72764, -5.15388 ], [ -36.72625, -5.15256 ], [ -36.72611, -5.15215 ], [ -36.7236, -5.14453 ], [ -36.72158, -5.13853 ], [ -36.72144, -5.13539 ], [ -36.72285, -5.13365 ], [ -36.7255, -5.13366 ], [ -36.72801, -5.13422 ], [ -36.72915, -5.13395 ], [ -36.73056, -5.13305 ], [ -36.73143, -5.12908 ], [ -36.73102, -5.1235 ], [ -36.73043, -5.11847 ], [ -36.72957, -5.1168 ], [ -36.72815, -5.11561 ], [ -36.72653, -5.11574 ], [ -36.72402, -5.11831 ], [ -36.72207, -5.11977 ], [ -36.71949, -5.11941 ], [ -36.71696, -5.11787 ], [ -36.71647, -5.11487 ], [ -36.71734, -5.11152 ], [ -36.71867, -5.10936 ], [ -36.72061, -5.10825 ], [ -36.72456, -5.10701 ], [ -36.72886, -5.10689 ], [ -36.73577, -5.1074 ], [ -36.73997, -5.10665 ], [ -36.74435, -5.1029 ], [ -36.74798, -5.10124 ], [ -36.75042, -5.10048 ], [ -36.7515, -5.09818 ], [ -36.75147, -5.09581 ], [ -36.74912, -5.09301 ], [ -36.74426, -5.08951 ], [ -36.73864, -5.0876 ], [ -36.72215, -5.08519 ], [ -36.71697, -5.08273 ], [ -36.71559, -5.0809 ], [ -36.7015, -5.08477 ], [ -36.69443, -5.08672 ] ] ] } },
{ "type": "Feature", "properties": { "CD_MUN": "2409803", "NM_MUN": "Pedro Velho", "CD_RGI": "240003", "NM_RGI": "Canguaretama", "CD_RGINT": "2401", "NM_RGINT": "Natal", "CD_UF": "24", "NM_UF": "Rio Grande do Norte", "SIGLA_UF": "RN", "CD_REGIA": "2", "NM_REGIA": "Nordeste", "SIGLA_RG": "NE", "CD_CONCU": null, "NM_CONCU": null, "AREA_KM2": 192.708 }, "geometry": { "type": "Polygon", "coordinates": [ [ [ -35.261, -6.49242 ], [ -35.274, -6.48203 ], [ -35.27537, -6.48094 ], [ -35.27553, -6.47928 ], [ -35.27744, -6.45927 ], [ -35.27778, -6.45571 ], [ -35.27749, -6.45049 ], [ -35.27813, -6.4493 ], [ -35.27917, -6.44854 ], [ -35.28621, -6.44797 ], [ -35.28837, -6.44876 ], [ -35.29281, -6.45036 ], [ -35.29399, -6.45041 ], [ -35.29837, -6.44899 ], [ -35.30056, -6.44742 ], [ -35.30272, -6.44763 ], [ -35.30443, -6.44687 ], [ -35.30596, -6.44718 ], [ -35.3071, -6.44852 ], [ -35.30801, -6.4489 ], [ -35.31334, -6.44914 ], [ -35.31436, -6.44961 ], [ -35.31479, -6.4492 ], [ -35.31517, -6.44609 ], [ -35.31458, -6.4416 ], [ -35.3127, -6.43636 ], [ -35.30766, -6.42782 ], [ -35.30508, -6.42449 ], [ -35.30329, -6.42079 ], [ -35.30032, -6.41887 ], [ -35.30391, -6.4145 ], [ -35.3053, -6.41354 ], [ -35.31048, -6.41158 ], [ -35.31178, -6.41051 ], [ -35.30951, -6.40834 ], [ -35.3082, -6.40486 ], [ -35.30962, -6.40311 ], [ -35.29155, -6.38721 ], [ -35.29144, -6.38712 ], [ -35.29008, -6.38592 ], [ -35.27287, -6.37078 ], [ -35.27121, -6.3722 ], [ -35.26593, -6.37674 ], [ -35.26266, -6.38267 ], [ -35.26036, -6.38411 ], [ -35.25942, -6.3852 ], [ -35.25671, -6.3899 ], [ -35.25244, -6.39108 ], [ -35.25094, -6.39279 ], [ -35.2473, -6.39335 ], [ -35.24604, -6.39478 ], [ -35.24104, -6.39548 ], [ -35.23747, -6.39747 ], [ -35.23573, -6.40006 ], [ -35.23283, -6.40178 ], [ -35.23165, -6.40307 ], [ -35.23138, -6.40722 ], [ -35.23172, -6.4113 ], [ -35.23065, -6.41833 ], [ -35.23063, -6.41845 ], [ -35.22916, -6.42036 ], [ -35.22752, -6.42098 ], [ -35.2222, -6.42128 ], [ -35.21897, -6.41959 ], [ -35.21606, -6.41886 ], [ -35.20975, -6.41997 ], [ -35.20793, -6.41977 ], [ -35.19926, -6.41614 ], [ -35.19657, -6.41642 ], [ -35.19614, -6.41595 ], [ -35.19243, -6.41501 ], [ -35.19131, -6.41536 ], [ -35.18798, -6.41491 ], [ -35.18511, -6.41547 ], [ -35.18487, -6.41566 ], [ -35.18414, -6.4163 ], [ -35.18404, -6.41659 ], [ -35.18337, -6.4186 ], [ -35.18108, -6.42235 ], [ -35.18028, -6.42796 ], [ -35.18048, -6.43255 ], [ -35.17942, -6.43335 ], [ -35.17753, -6.43393 ], [ -35.17458, -6.4336 ], [ -35.17269, -6.43304 ], [ -35.17144, -6.43052 ], [ -35.17221, -6.44353 ], [ -35.1724, -6.44678 ], [ -35.15014, -6.51984 ], [ -35.14617, -6.53285 ], [ -35.14581, -6.55276 ], [ -35.1517, -6.55358 ], [ -35.15321, -6.55342 ], [ -35.15748, -6.55171 ], [ -35.16342, -6.55606 ], [ -35.16562, -6.55652 ], [ -35.16885, -6.55826 ], [ -35.1703, -6.55839 ], [ -35.17365, -6.55793 ], [ -35.18403, -6.55457 ], [ -35.18918, -6.55032 ], [ -35.19104, -6.54978 ], [ -35.19339, -6.55021 ], [ -35.19401, -6.55032 ], [ -35.19565, -6.55062 ], [ -35.1972, -6.55056 ], [ -35.19947, -6.54994 ], [ -35.20306, -6.54785 ], [ -35.20731, -6.54372 ], [ -35.2095, -6.54042 ], [ -35.21013, -6.53864 ], [ -35.2098, -6.5343 ], [ -35.21012, -6.53317 ], [ -35.21408, -6.52874 ], [ -35.21582, -6.52532 ], [ -35.21823, -6.5186 ], [ -35.21937, -6.51751 ], [ -35.22288, -6.51613 ], [ -35.22346, -6.51623 ], [ -35.22398, -6.51716 ], [ -35.22443, -6.52163 ], [ -35.261, -6.49242 ] ] ] } },
{ "type": "Feature", "properties": { "CD_MUN": "2407252", "NM_MUN": "Major Sales", "CD_RGI": "240010", "NM_RGI": "Pau dos Ferros", "CD_RGINT": "2403", "NM_RGINT": "Mossoró", "CD_UF": "24", "NM_UF": "Rio Grande do Norte", "SIGLA_UF": "RN", "CD_REGIA": "2", "NM_REGIA": "Nordeste", "SIGLA_RG": "NE", "CD_CONCU": null, "NM_CONCU": null, "AREA_KM2": 31.971 }, "geometry": { "type": "Polygon", "coordinates": [ [ [ -38.3438, -6.43535 ], [ -38.34376, -6.43522 ], [ -38.34059, -6.42461 ], [ -38.33929, -6.38717 ], [ -38.33918, -6.38412 ], [ -38.33658, -6.3742 ], [ -38.33462, -6.3756 ], [ -38.32453, -6.37979 ], [ -38.32133, -6.38242 ], [ -38.31664, -6.38383 ], [ -38.3148, -6.38361 ], [ -38.31337, -6.38122 ], [ -38.30951, -6.37767 ], [ -38.30519, -6.37752 ], [ -38.30227, -6.37846 ], [ -38.30214, -6.3785 ], [ -38.3019, -6.37858 ], [ -38.29889, -6.37954 ], [ -38.29835, -6.37951 ], [ -38.27526, -6.37835 ], [ -38.2867, -6.39176 ], [ -38.28819, -6.39694 ], [ -38.28921, -6.39866 ], [ -38.29172, -6.40187 ], [ -38.29763, -6.40644 ], [ -38.29891, -6.41683 ], [ -38.29959, -6.41845 ], [ -38.30684, -6.42608 ], [ -38.34758, -6.44801 ], [ -38.3438, -6.43535 ] ] ] } },
{ "type": "Feature", "properties": { "CD_MUN": "2414001", "NM_MUN": "Tangará", "CD_RGI": "240004", "NM_RGI": "Santa Cruz", "CD_RGINT": "2401", "NM_RGINT": "Natal", "CD_UF": "24", "NM_UF": "Rio Grande do Norte", "SIGLA_UF": "RN", "CD_REGIA": "2", "NM_REGIA": "Nordeste", "SIGLA_RG": "NE", "CD_CONCU": null, "NM_CONCU": null, "AREA_KM2": 339.484 }, "geometry": { "type": "Polygon", "coordinates": [ [ [ -35.78974, -6.14035 ], [ -35.73231, -6.14249 ], [ -35.73225, -6.14249 ], [ -35.72733, -6.15637 ], [ -35.72138, -6.17314 ], [ -35.74065, -6.18268 ], [ -35.74101, -6.18441 ], [ -35.74299, -6.18478 ], [ -35.74441, -6.18477 ], [ -35.74646, -6.18535 ], [ -35.74742, -6.18646 ], [ -35.74809, -6.18686 ], [ -35.74921, -6.18871 ], [ -35.75024, -6.18981 ], [ -35.7515, -6.19025 ], [ -35.75261, -6.19017 ], [ -35.75359, -6.18983 ], [ -35.75486, -6.1899 ], [ -35.7562, -6.19019 ], [ -35.7566, -6.19086 ], [ -35.75613, -6.19212 ], [ -35.75646, -6.19412 ], [ -35.75658, -6.19482 ], [ -35.75789, -6.1961 ], [ -35.75958, -6.19776 ], [ -35.76007, -6.19866 ], [ -35.76028, -6.20025 ], [ -35.76076, -6.20128 ], [ -35.76128, -6.20147 ], [ -35.76179, -6.20165 ], [ -35.76337, -6.20157 ], [ -35.76407, -6.20097 ], [ -35.7643, -6.20063 ], [ -35.76505, -6.19952 ], [ -35.76497, -6.1987 ], [ -35.76544, -6.19744 ], [ -35.76654, -6.19684 ], [ -35.76804, -6.19654 ], [ -35.7692, -6.19909 ], [ -35.7692, -6.20008 ], [ -35.76921, -6.20102 ], [ -35.76866, -6.20243 ], [ -35.76828, -6.20562 ], [ -35.76684, -6.20892 ], [ -35.76646, -6.21014 ], [ -35.76638, -6.21041 ], [ -35.76899, -6.21284 ], [ -35.77007, -6.21465 ], [ -35.77039, -6.21613 ], [ -35.77083, -6.21654 ], [ -35.77126, -6.21694 ], [ -35.77144, -6.21968 ], [ -35.77204, -6.22112 ], [ -35.77346, -6.22193 ], [ -35.77757, -6.22324 ], [ -35.78077, -6.22237 ], [ -35.78124, -6.22251 ], [ -35.7836, -6.22317 ], [ -35.7852, -6.22428 ], [ -35.78802, -6.22815 ], [ -35.78992, -6.22903 ], [ -35.79052, -6.22981 ], [ -35.79076, -6.2307 ], [ -35.79069, -6.23173 ], [ -35.79101, -6.23344 ], [ -35.79093, -6.23377 ], [ -35.79086, -6.2341 ], [ -35.78889, -6.23523 ], [ -35.78744, -6.23742 ], [ -35.78612, -6.24239 ], [ -35.78594, -6.24369 ], [ -35.78461, -6.24531 ], [ -35.78405, -6.246 ], [ -35.78295, -6.24652 ], [ -35.78272, -6.24778 ], [ -35.78316, -6.24893 ], [ -35.78332, -6.25034 ], [ -35.78428, -6.25204 ], [ -35.78539, -6.2524 ], [ -35.78563, -6.25259 ], [ -35.78586, -6.25277 ], [ -35.7852, -6.25385 ], [ -35.78631, -6.25562 ], [ -35.78656, -6.25666 ], [ -35.78577, -6.25725 ], [ -35.78483, -6.25852 ], [ -35.78464, -6.25959 ], [ -35.78581, -6.2606 ], [ -35.78544, -6.26137 ], [ -35.78552, -6.26211 ], [ -35.78607, -6.2627 ], [ -35.78498, -6.26441 ], [ -35.78447, -6.26608 ], [ -35.78645, -6.26703 ], [ -35.78676, -6.26832 ], [ -35.7871, -6.26977 ], [ -35.78833, -6.27106 ], [ -35.79015, -6.27231 ], [ -35.79118, -6.27334 ], [ -35.79237, -6.27408 ], [ -35.79281, -6.27485 ], [ -35.79361, -6.27559 ], [ -35.79503, -6.2758 ], [ -35.79669, -6.27632 ], [ -35.79948, -6.27774 ], [ -35.7992, -6.27885 ], [ -35.79875, -6.27929 ], [ -35.7952, -6.28135 ], [ -35.79405, -6.28254 ], [ -35.79332, -6.28454 ], [ -35.79507, -6.28992 ], [ -35.79588, -6.29153 ], [ -35.79641, -6.29363 ], [ -35.79642, -6.29536 ], [ -35.79597, -6.29708 ], [ -35.79593, -6.30015 ], [ -35.79685, -6.30144 ], [ -35.79814, -6.30553 ], [ -35.79936, -6.30795 ], [ -35.80144, -6.31063 ], [ -35.80203, -6.31268 ], [ -35.80291, -6.31693 ], [ -35.80383, -6.318 ], [ -35.80407, -6.31897 ], [ -35.80677, -6.32117 ], [ -35.80874, -6.32277 ], [ -35.81347, -6.32748 ], [ -35.81872, -6.33161 ], [ -35.81963, -6.33279 ], [ -35.82004, -6.33332 ], [ -35.82046, -6.33386 ], [ -35.8234, -6.33595 ], [ -35.82778, -6.33862 ], [ -35.82647, -6.34223 ], [ -35.83016, -6.34372 ], [ -35.83121, -6.34641 ], [ -35.83323, -6.34936 ], [ -35.83589, -6.35247 ], [ -35.83832, -6.35494 ], [ -35.83837, -6.35498 ], [ -35.83872, -6.35526 ], [ -35.83933, -6.35575 ], [ -35.83995, -6.35624 ], [ -35.84161, -6.35756 ], [ -35.84598, -6.36034 ], [ -35.84991, -6.36225 ], [ -35.85386, -6.36144 ], [ -35.8556, -6.36078 ], [ -35.85725, -6.36069 ], [ -35.85859, -6.36096 ], [ -35.8613, -6.36217 ], [ -35.86503, -6.36264 ], [ -35.86829, -6.36282 ], [ -35.87055, -6.36278 ], [ -35.88022, -6.32168 ], [ -35.88697, -6.29296 ], [ -35.89391, -6.2634 ], [ -35.91116, -6.18987 ], [ -35.91753, -6.16267 ], [ -35.91821, -6.16279 ], [ -35.89503, -6.14121 ], [ -35.82321, -6.07436 ], [ -35.8258, -6.07887 ], [ -35.82076, -6.12936 ], [ -35.80825, -6.13966 ], [ -35.78974, -6.14035 ] ] ] } },
{ "type": "Feature", "properties": { "CD_MUN": "2404804", "NM_MUN": "Ipueira", "CD_RGI": "240007", "NM_RGI": "Caicó", "CD_RGINT": "2402", "NM_RGINT": "Caicó", "CD_UF": "24", "NM_UF": "Rio Grande do Norte", "SIGLA_UF": "RN", "CD_REGIA": "2", "NM_REGIA": "Nordeste", "SIGLA_RG": "NE", "CD_CONCU": null, "NM_CONCU": null, "AREA_KM2": 127.348 }, "geometry": { "type": "Polygon", "coordinates": [ [ [ -37.19696, -6.82587 ], [ -37.2139, -6.82482 ], [ -37.21699, -6.82463 ], [ -37.22324, -6.82539 ], [ -37.2346, -6.82464 ], [ -37.23589, -6.8236 ], [ -37.25204, -6.81308 ], [ -37.25514, -6.81106 ], [ -37.2564, -6.80412 ], [ -37.25524, -6.7994 ], [ -37.25542, -6.79847 ], [ -37.25723, -6.79282 ], [ -37.26059, -6.78736 ], [ -37.25749, -6.78395 ], [ -37.25707, -6.78295 ], [ -37.25733, -6.7804 ], [ -37.2579, -6.77947 ], [ -37.26507, -6.77329 ], [ -37.27103, -6.77047 ], [ -37.27231, -6.76944 ], [ -37.27395, -6.76679 ], [ -37.27165, -6.76482 ], [ -37.26936, -6.76199 ], [ -37.26929, -6.76048 ], [ -37.26828, -6.75803 ], [ -37.268, -6.75549 ], [ -37.26699, -6.75262 ], [ -37.26802, -6.74999 ], [ -37.26729, -6.74761 ], [ -37.26798, -6.74396 ], [ -37.26527, -6.74049 ], [ -37.26495, -6.73898 ], [ -37.26422, -6.738 ], [ -37.26438, -6.73455 ], [ -37.26392, -6.73217 ], [ -37.25874, -6.73912 ], [ -37.23878, -6.74215 ], [ -37.20433, -6.76173 ], [ -37.20433, -6.76173 ], [ -37.18513, -6.75586 ], [ -37.17481, -6.75177 ], [ -37.1577, -6.73963 ], [ -37.15087, -6.73675 ], [ -37.12862, -6.73088 ], [ -37.12527, -6.73125 ], [ -37.12118, -6.73092 ], [ -37.1188, -6.72973 ], [ -37.1151, -6.72901 ], [ -37.11201, -6.72744 ], [ -37.10574, -6.72547 ], [ -37.09558, -6.72451 ], [ -37.09394, -6.72364 ], [ -37.09159, -6.7268 ], [ -37.08749, -6.72998 ], [ -37.08715, -6.73143 ], [ -37.08312, -6.73557 ], [ -37.08311, -6.73639 ], [ -37.08404, -6.73799 ], [ -37.08381, -6.73955 ], [ -37.08283, -6.74111 ], [ -37.07847, -6.74551 ], [ -37.07646, -6.74573 ], [ -37.07617, -6.74625 ], [ -37.07694, -6.74823 ], [ -37.07551, -6.75032 ], [ -37.07542, -6.75413 ], [ -37.09914, -6.76057 ], [ -37.12006, -6.76729 ], [ -37.12509, -6.76648 ], [ -37.12766, -6.76556 ], [ -37.12894, -6.76598 ], [ -37.13019, -6.7669 ], [ -37.13308, -6.77149 ], [ -37.13499, -6.7773 ], [ -37.137, -6.78052 ], [ -37.13807, -6.78136 ], [ -37.14245, -6.78241 ], [ -37.14369, -6.78325 ], [ -37.14942, -6.79171 ], [ -37.15223, -6.79836 ], [ -37.15371, -6.79979 ], [ -37.16633, -6.80707 ], [ -37.17008, -6.81062 ], [ -37.17281, -6.81526 ], [ -37.18081, -6.81717 ], [ -37.1829, -6.81831 ], [ -37.19067, -6.82537 ], [ -37.19266, -6.82614 ], [ -37.19696, -6.82587 ] ] ] } },
{ "type": "Feature", "properties": { "CD_MUN": "2403509", "NM_MUN": "Espírito Santo", "CD_RGI": "240003", "NM_RGI": "Canguaretama", "CD_RGINT": "2401", "NM_RGINT": "Natal", "CD_UF": "24", "NM_UF": "Rio Grande do Norte", "SIGLA_UF": "RN", "CD_REGIA": "2", "NM_REGIA": "Nordeste", "SIGLA_RG": "NE", "CD_CONCU": null, "NM_CONCU": null, "AREA_KM2": 135.837 }, "geometry": { "type": "Polygon", "coordinates": [ [ [ -35.26831, -6.31234 ], [ -35.26816, -6.3133 ], [ -35.26674, -6.31957 ], [ -35.26669, -6.32429 ], [ -35.27221, -6.37021 ], [ -35.27121, -6.3722 ], [ -35.27287, -6.37078 ], [ -35.29008, -6.38592 ], [ -35.29144, -6.38712 ], [ -35.29155, -6.38721 ], [ -35.30962, -6.40311 ], [ -35.31534, -6.39881 ], [ -35.32359, -6.39261 ], [ -35.32523, -6.39138 ], [ -35.3307, -6.38726 ], [ -35.33889, -6.38111 ], [ -35.33918, -6.37991 ], [ -35.33998, -6.37818 ], [ -35.34227, -6.37557 ], [ -35.34238, -6.3747 ], [ -35.34127, -6.37222 ], [ -35.34147, -6.37104 ], [ -35.34174, -6.36519 ], [ -35.34196, -6.36405 ], [ -35.34251, -6.36391 ], [ -35.34492, -6.36258 ], [ -35.34527, -6.36206 ], [ -35.34566, -6.35979 ], [ -35.34654, -6.35842 ], [ -35.34603, -6.35743 ], [ -35.34567, -6.35621 ], [ -35.34607, -6.3554 ], [ -35.34622, -6.35417 ], [ -35.34515, -6.35339 ], [ -35.345, -6.35329 ], [ -35.34471, -6.35267 ], [ -35.34442, -6.35206 ], [ -35.34436, -6.3497 ], [ -35.34471, -6.34904 ], [ -35.34461, -6.34838 ], [ -35.3442, -6.34749 ], [ -35.34477, -6.34626 ], [ -35.34452, -6.34541 ], [ -35.34471, -6.34418 ], [ -35.34441, -6.34324 ], [ -35.3444, -6.34234 ], [ -35.34415, -6.34136 ], [ -35.3451, -6.34041 ], [ -35.34597, -6.33871 ], [ -35.34603, -6.33832 ], [ -35.34621, -6.3371 ], [ -35.34582, -6.33462 ], [ -35.34221, -6.31526 ], [ -35.34006, -6.31498 ], [ -35.33721, -6.31488 ], [ -35.3343, -6.31382 ], [ -35.33378, -6.31375 ], [ -35.33313, -6.31379 ], [ -35.33252, -6.31114 ], [ -35.32335, -6.27164 ], [ -35.32334, -6.2716 ], [ -35.32324, -6.27113 ], [ -35.32316, -6.26912 ], [ -35.3236, -6.26662 ], [ -35.32361, -6.26342 ], [ -35.3233, -6.26281 ], [ -35.32311, -6.26199 ], [ -35.32308, -6.26147 ], [ -35.32388, -6.26003 ], [ -35.32387, -6.25954 ], [ -35.32347, -6.25834 ], [ -35.32347, -6.2577 ], [ -35.32358, -6.2565 ], [ -35.32402, -6.23399 ], [ -35.32444, -6.23277 ], [ -35.32597, -6.22826 ], [ -35.32461, -6.21059 ], [ -35.32477, -6.20965 ], [ -35.32472, -6.20916 ], [ -35.32436, -6.20807 ], [ -35.32458, -6.20639 ], [ -35.32421, -6.20553 ], [ -35.32315, -6.20405 ], [ -35.32259, -6.20248 ], [ -35.32066, -6.19845 ], [ -35.32055, -6.198 ], [ -35.32104, -6.19687 ], [ -35.32105, -6.19617 ], [ -35.32085, -6.19499 ], [ -35.32044, -6.19406 ], [ -35.32013, -6.19272 ], [ -35.31942, -6.19169 ], [ -35.31922, -6.19121 ], [ -35.31896, -6.19096 ], [ -35.28568, -6.20532 ], [ -35.27146, -6.29295 ], [ -35.26955, -6.30473 ], [ -35.26831, -6.31234 ] ] ] } },
{ "type": "Feature", "properties": { "CD_MUN": "2404853", "NM_MUN": "Itajá", "CD_RGI": "240011", "NM_RGI": "Açu", "CD_RGINT": "2403", "NM_RGINT": "Mossoró", "CD_UF": "24", "NM_UF": "Rio Grande do Norte", "SIGLA_UF": "RN", "CD_REGIA": "2", "NM_REGIA": "Nordeste", "SIGLA_RG": "NE", "CD_CONCU": null, "NM_CONCU": null, "AREA_KM2": 203.624 }, "geometry": { "type": "Polygon", "coordinates": [ [ [ -36.88328, -5.66923 ], [ -36.88223, -5.65611 ], [ -36.88174, -5.65298 ], [ -36.88167, -5.65121 ], [ -36.8819, -5.65034 ], [ -36.88349, -5.64806 ], [ -36.88395, -5.64674 ], [ -36.88411, -5.64557 ], [ -36.88403, -5.6441 ], [ -36.88337, -5.64058 ], [ -36.88344, -5.63962 ], [ -36.8842, -5.63852 ], [ -36.88534, -5.63772 ], [ -36.88814, -5.63633 ], [ -36.88921, -5.63508 ], [ -36.89223, -5.63084 ], [ -36.89246, -5.63011 ], [ -36.89142, -5.62673 ], [ -36.89113, -5.62328 ], [ -36.89212, -5.62124 ], [ -36.89261, -5.61718 ], [ -36.89387, -5.61576 ], [ -36.89446, -5.61474 ], [ -36.8948, -5.61368 ], [ -36.89506, -5.61221 ], [ -36.89533, -5.60793 ], [ -36.89571, -5.60667 ], [ -36.89753, -5.60348 ], [ -36.86037, -5.6213 ], [ -36.81589, -5.64263 ], [ -36.75098, -5.64685 ], [ -36.75114, -5.64803 ], [ -36.75086, -5.64872 ], [ -36.74851, -5.65149 ], [ -36.74856, -5.65233 ], [ -36.74844, -5.65335 ], [ -36.74816, -5.65378 ], [ -36.74765, -5.65417 ], [ -36.74702, -5.65437 ], [ -36.74479, -5.65457 ], [ -36.74313, -5.65542 ], [ -36.74221, -5.65566 ], [ -36.74001, -5.65562 ], [ -36.73945, -5.65569 ], [ -36.73913, -5.65596 ], [ -36.73889, -5.65649 ], [ -36.73884, -5.65706 ], [ -36.73944, -5.65882 ], [ -36.73965, -5.65991 ], [ -36.73957, -5.66053 ], [ -36.73854, -5.66225 ], [ -36.7385, -5.66293 ], [ -36.7388, -5.66374 ], [ -36.7398, -5.66517 ], [ -36.74002, -5.66572 ], [ -36.73974, -5.66691 ], [ -36.7391, -5.6674 ], [ -36.73842, -5.66757 ], [ -36.73565, -5.66729 ], [ -36.73465, -5.668 ], [ -36.73437, -5.66866 ], [ -36.73468, -5.67034 ], [ -36.73463, -5.67092 ], [ -36.73326, -5.67299 ], [ -36.73289, -5.67396 ], [ -36.73251, -5.67887 ], [ -36.73279, -5.68175 ], [ -36.73235, -5.68345 ], [ -36.73176, -5.68429 ], [ -36.72816, -5.688 ], [ -36.72563, -5.69115 ], [ -36.72514, -5.69153 ], [ -36.72369, -5.69218 ], [ -36.72131, -5.69372 ], [ -36.71695, -5.69371 ], [ -36.71612, -5.69399 ], [ -36.71515, -5.6946 ], [ -36.71466, -5.69525 ], [ -36.71466, -5.69582 ], [ -36.71524, -5.69781 ], [ -36.71533, -5.69865 ], [ -36.71513, -5.69945 ], [ -36.71474, -5.70001 ], [ -36.71401, -5.7002 ], [ -36.71159, -5.70019 ], [ -36.70965, -5.69985 ], [ -36.70829, -5.69989 ], [ -36.70699, -5.70008 ], [ -36.70457, -5.70115 ], [ -36.70359, -5.70143 ], [ -36.70268, -5.70143 ], [ -36.70462, -5.70297 ], [ -36.70834, -5.70391 ], [ -36.71413, -5.70894 ], [ -36.7157, -5.70999 ], [ -36.72075, -5.71413 ], [ -36.72239, -5.71583 ], [ -36.72523, -5.71951 ], [ -36.72751, -5.72312 ], [ -36.72962, -5.72594 ], [ -36.73771, -5.73308 ], [ -36.74174, -5.73607 ], [ -36.74469, -5.7396 ], [ -36.75229, -5.75331 ], [ -36.75488, -5.75856 ], [ -36.75547, -5.75901 ], [ -36.75638, -5.75935 ], [ -36.75705, -5.75919 ], [ -36.76015, -5.75657 ], [ -36.76125, -5.75633 ], [ -36.76218, -5.75658 ], [ -36.76327, -5.75733 ], [ -36.76632, -5.76245 ], [ -36.76745, -5.76303 ], [ -36.76948, -5.76366 ], [ -36.77113, -5.76391 ], [ -36.77278, -5.76392 ], [ -36.77605, -5.76362 ], [ -36.77855, -5.76281 ], [ -36.77982, -5.76187 ], [ -36.7854, -5.75567 ], [ -36.78671, -5.75489 ], [ -36.78806, -5.75457 ], [ -36.78974, -5.75517 ], [ -36.79445, -5.75672 ], [ -36.79557, -5.75666 ], [ -36.79647, -5.75612 ], [ -36.79824, -5.75603 ], [ -36.7997, -5.7563 ], [ -36.80095, -5.75712 ], [ -36.80304, -5.75713 ], [ -36.80342, -5.75695 ], [ -36.8038, -5.75677 ], [ -36.80505, -5.75619 ], [ -36.80548, -5.75581 ], [ -36.80739, -5.75415 ], [ -36.8113, -5.75156 ], [ -36.812, -5.75066 ], [ -36.81286, -5.74758 ], [ -36.81407, -5.74552 ], [ -36.81554, -5.74447 ], [ -36.81725, -5.74403 ], [ -36.82088, -5.74427 ], [ -36.82362, -5.74394 ], [ -36.82602, -5.74282 ], [ -36.82749, -5.7414 ], [ -36.82843, -5.73983 ], [ -36.82998, -5.73795 ], [ -36.83176, -5.73721 ], [ -36.83574, -5.73726 ], [ -36.83776, -5.73652 ], [ -36.83861, -5.73562 ], [ -36.84079, -5.73217 ], [ -36.84268, -5.73049 ], [ -36.84423, -5.72944 ], [ -36.84624, -5.72729 ], [ -36.8478, -5.72512 ], [ -36.84919, -5.72414 ], [ -36.8514, -5.72396 ], [ -36.85325, -5.72427 ], [ -36.85603, -5.72526 ], [ -36.85927, -5.72617 ], [ -36.86167, -5.72566 ], [ -36.86303, -5.72442 ], [ -36.86528, -5.72195 ], [ -36.86721, -5.72045 ], [ -36.8693, -5.71941 ], [ -36.87337, -5.71796 ], [ -36.87631, -5.71729 ], [ -36.87956, -5.7161 ], [ -36.88385, -5.7142 ], [ -36.8854, -5.71383 ], [ -36.88772, -5.71422 ], [ -36.88957, -5.71407 ], [ -36.89357, -5.71084 ], [ -36.88977, -5.70557 ], [ -36.88782, -5.70322 ], [ -36.88707, -5.70057 ], [ -36.88695, -5.69382 ], [ -36.88741, -5.6922 ], [ -36.88757, -5.69044 ], [ -36.88696, -5.68882 ], [ -36.88606, -5.68765 ], [ -36.88472, -5.685 ], [ -36.88397, -5.68235 ], [ -36.88355, -5.67266 ], [ -36.88328, -5.66923 ] ] ] } },
{ "type": "Feature", "properties": { "CD_MUN": "2411809", "NM_MUN": "São Fernando", "CD_RGI": "240007", "NM_RGI": "Caicó", "CD_RGINT": "2402", "NM_RGINT": "Caicó", "CD_UF": "24", "NM_UF": "Rio Grande do Norte", "SIGLA_UF": "RN", "CD_REGIA": "2", "NM_REGIA": "Nordeste", "SIGLA_RG": "NE", "CD_CONCU": null, "NM_CONCU": null, "AREA_KM2": 404.427 }, "geometry": { "type": "Polygon", "coordinates": [ [ [ -37.21839, -6.31942 ], [ -37.21732, -6.27483 ], [ -37.21662, -6.24546 ], [ -37.22142, -6.23411 ], [ -37.21991, -6.23064 ], [ -37.21629, -6.22725 ], [ -37.20864, -6.22571 ], [ -37.20708, -6.22483 ], [ -37.20459, -6.22279 ], [ -37.1997, -6.21879 ], [ -37.19305, -6.21227 ], [ -37.19232, -6.21179 ], [ -37.18797, -6.20952 ], [ -37.18309, -6.2097 ], [ -37.18129, -6.20954 ], [ -37.17916, -6.20872 ], [ -37.17509, -6.20644 ], [ -37.17437, -6.20296 ], [ -37.17386, -6.20223 ], [ -37.17215, -6.20183 ], [ -37.16883, -6.20105 ], [ -37.16482, -6.20156 ], [ -37.163, -6.20135 ], [ -37.15894, -6.19843 ], [ -37.15785, -6.19646 ], [ -37.15519, -6.19386 ], [ -37.15442, -6.19289 ], [ -37.15424, -6.19234 ], [ -37.15468, -6.19056 ], [ -37.15423, -6.18922 ], [ -37.15066, -6.18499 ], [ -37.14844, -6.18421 ], [ -37.1447, -6.18363 ], [ -37.14072, -6.18095 ], [ -37.1406, -6.18307 ], [ -37.13982, -6.18338 ], [ -37.13818, -6.18273 ], [ -37.13694, -6.18313 ], [ -37.13652, -6.18433 ], [ -37.13289, -6.18767 ], [ -37.13267, -6.18804 ], [ -37.13086, -6.19117 ], [ -37.1292, -6.19255 ], [ -37.12951, -6.19326 ], [ -37.1321, -6.19505 ], [ -37.13318, -6.19784 ], [ -37.13267, -6.19932 ], [ -37.13283, -6.20034 ], [ -37.1342, -6.202 ], [ -37.13389, -6.20313 ], [ -37.13171, -6.20544 ], [ -37.13209, -6.20765 ], [ -37.13195, -6.20843 ], [ -37.13166, -6.20877 ], [ -37.13047, -6.20928 ], [ -37.12733, -6.20865 ], [ -37.12635, -6.20922 ], [ -37.12499, -6.20815 ], [ -37.1244, -6.20645 ], [ -37.12329, -6.20599 ], [ -37.1213, -6.20748 ], [ -37.11841, -6.20743 ], [ -37.11657, -6.20619 ], [ -37.11613, -6.20753 ], [ -37.11657, -6.21149 ], [ -37.11612, -6.21344 ], [ -37.11563, -6.2139 ], [ -37.11447, -6.21412 ], [ -37.11311, -6.21544 ], [ -37.11215, -6.21563 ], [ -37.11075, -6.21584 ], [ -37.10594, -6.21484 ], [ -37.10418, -6.21575 ], [ -37.10377, -6.21736 ], [ -37.10448, -6.21942 ], [ -37.10439, -6.22001 ], [ -37.104, -6.22091 ], [ -37.10228, -6.2232 ], [ -37.09923, -6.22437 ], [ -37.0975, -6.22625 ], [ -37.09716, -6.22701 ], [ -37.09709, -6.23119 ], [ -37.09653, -6.23211 ], [ -37.09562, -6.23246 ], [ -37.09352, -6.23182 ], [ -37.09003, -6.2353 ], [ -37.08666, -6.23461 ], [ -37.08542, -6.23494 ], [ -37.08478, -6.23685 ], [ -37.08263, -6.23839 ], [ -37.08163, -6.24064 ], [ -37.08091, -6.24065 ], [ -37.07923, -6.23866 ], [ -37.0757, -6.23813 ], [ -37.07397, -6.23849 ], [ -37.07177, -6.23653 ], [ -37.07008, -6.23748 ], [ -37.06294, -6.21822 ], [ -37.04572, -6.22392 ], [ -37.0479, -6.23473 ], [ -37.04867, -6.23636 ], [ -37.05081, -6.23997 ], [ -37.08089, -6.29057 ], [ -37.08136, -6.29232 ], [ -37.08094, -6.29402 ], [ -37.07545, -6.30605 ], [ -37.07537, -6.30745 ], [ -37.08162, -6.35423 ], [ -37.08185, -6.35988 ], [ -37.08099, -6.36525 ], [ -37.07573, -6.38284 ], [ -37.07531, -6.38426 ], [ -37.07285, -6.39248 ], [ -37.07329, -6.40364 ], [ -37.07516, -6.4024 ], [ -37.07617, -6.40235 ], [ -37.07928, -6.4048 ], [ -37.08038, -6.40503 ], [ -37.0814, -6.40469 ], [ -37.08134, -6.4034 ], [ -37.08583, -6.40526 ], [ -37.08709, -6.40611 ], [ -37.08865, -6.40838 ], [ -37.09018, -6.40935 ], [ -37.0917, -6.40989 ], [ -37.09342, -6.40923 ], [ -37.09476, -6.40981 ], [ -37.09652, -6.41203 ], [ -37.09979, -6.41298 ], [ -37.10018, -6.41607 ], [ -37.10196, -6.41762 ], [ -37.1408, -6.42797 ], [ -37.13968, -6.44068 ], [ -37.14038, -6.44848 ], [ -37.14764, -6.44723 ], [ -37.1528, -6.44703 ], [ -37.15693, -6.44489 ], [ -37.16249, -6.44457 ], [ -37.1655, -6.44318 ], [ -37.16738, -6.44287 ], [ -37.17711, -6.43744 ], [ -37.18001, -6.43684 ], [ -37.18332, -6.43679 ], [ -37.18661, -6.43778 ], [ -37.18847, -6.43901 ], [ -37.19007, -6.43752 ], [ -37.19137, -6.43658 ], [ -37.19301, -6.43582 ], [ -37.19447, -6.43549 ], [ -37.19677, -6.43663 ], [ -37.19783, -6.43667 ], [ -37.19854, -6.43645 ], [ -37.20133, -6.43449 ], [ -37.20302, -6.43358 ], [ -37.20695, -6.43234 ], [ -37.20869, -6.43232 ], [ -37.21144, -6.43335 ], [ -37.21255, -6.43351 ], [ -37.21323, -6.43336 ], [ -37.22049, -6.43032 ], [ -37.22227, -6.42925 ], [ -37.22834, -6.42474 ], [ -37.23572, -6.41877 ], [ -37.23728, -6.41776 ], [ -37.24326, -6.41524 ], [ -37.24691, -6.4135 ], [ -37.2502, -6.41138 ], [ -37.2549, -6.40788 ], [ -37.25744, -6.40622 ], [ -37.2609, -6.40432 ], [ -37.21953, -6.36809 ], [ -37.21938, -6.36159 ], [ -37.21866, -6.33097 ], [ -37.21839, -6.31942 ] ] ] } },
{ "type": "Feature", "properties": { "CD_MUN": "2405900", "NM_MUN": "João Dias", "CD_RGI": "240010", "NM_RGI": "Pau dos Ferros", "CD_RGINT": "2403", "NM_RGINT": "Mossoró", "CD_UF": "24", "NM_UF": "Rio Grande do Norte", "SIGLA_UF": "RN", "CD_REGIA": "2", "NM_REGIA": "Nordeste", "SIGLA_RG": "NE", "CD_CONCU": null, "NM_CONCU": null, "AREA_KM2": 88.173 }, "geometry": { "type": "Polygon", "coordinates": [ [ [ -37.80685, -6.25625 ], [ -37.79444, -6.25647 ], [ -37.79291, -6.25619 ], [ -37.79132, -6.25555 ], [ -37.78943, -6.25389 ], [ -37.78602, -6.25289 ], [ -37.78385, -6.25162 ], [ -37.77661, -6.24587 ], [ -37.76174, -6.25287 ], [ -37.76052, -6.25409 ], [ -37.76055, -6.25578 ], [ -37.76244, -6.25868 ], [ -37.76949, -6.26457 ], [ -37.77048, -6.26564 ], [ -37.7714, -6.26805 ], [ -37.77142, -6.27307 ], [ -37.77004, -6.27535 ], [ -37.76557, -6.27823 ], [ -37.76271, -6.28264 ], [ -37.75898, -6.28552 ], [ -37.75808, -6.28659 ], [ -37.7578, -6.28778 ], [ -37.75743, -6.28933 ], [ -37.75766, -6.29077 ], [ -37.75831, -6.29131 ], [ -37.76213, -6.29208 ], [ -37.76488, -6.29224 ], [ -37.7717, -6.29095 ], [ -37.77633, -6.29089 ], [ -37.78096, -6.29083 ], [ -37.78884, -6.29009 ], [ -37.79452, -6.28903 ], [ -37.79743, -6.28937 ], [ -37.80312, -6.29134 ], [ -37.80701, -6.29096 ], [ -37.81042, -6.29166 ], [ -37.81212, -6.29273 ], [ -37.81617, -6.2967 ], [ -37.82403, -6.30603 ], [ -37.82363, -6.30801 ], [ -37.82275, -6.30872 ], [ -37.81673, -6.31103 ], [ -37.81454, -6.31231 ], [ -37.81431, -6.31395 ], [ -37.81475, -6.31514 ], [ -37.81648, -6.31621 ], [ -37.82267, -6.31778 ], [ -37.82345, -6.318 ], [ -37.82873, -6.31953 ], [ -37.83135, -6.32052 ], [ -37.83373, -6.32178 ], [ -37.84015, -6.32677 ], [ -37.84103, -6.32776 ], [ -37.84252, -6.32999 ], [ -37.8432, -6.33309 ], [ -37.8533, -6.33256 ], [ -37.85715, -6.33055 ], [ -37.85841, -6.33079 ], [ -37.8605, -6.33226 ], [ -37.86211, -6.33274 ], [ -37.86406, -6.33239 ], [ -37.86713, -6.32957 ], [ -37.88895, -6.32228 ], [ -37.90082, -6.31832 ], [ -37.90085, -6.31802 ], [ -37.90241, -6.29778 ], [ -37.9081, -6.28519 ], [ -37.88795, -6.27794 ], [ -37.88498, -6.27613 ], [ -37.88179, -6.2731 ], [ -37.88093, -6.27056 ], [ -37.87991, -6.26911 ], [ -37.87832, -6.2684 ], [ -37.87629, -6.26818 ], [ -37.87178, -6.26902 ], [ -37.86968, -6.26856 ], [ -37.85931, -6.26395 ], [ -37.85475, -6.25939 ], [ -37.85008, -6.25589 ], [ -37.84692, -6.25448 ], [ -37.84184, -6.25326 ], [ -37.83495, -6.25265 ], [ -37.82805, -6.25285 ], [ -37.82072, -6.25399 ], [ -37.81539, -6.25428 ], [ -37.80685, -6.25625 ] ] ] } },
{ "type": "Feature", "properties": { "CD_MUN": "2407708", "NM_MUN": "Montanhas", "CD_RGI": "240003", "NM_RGI": "Canguaretama", "CD_RGINT": "2401", "NM_RGINT": "Natal", "CD_UF": "24", "NM_UF": "Rio Grande do Norte", "SIGLA_UF": "RN", "CD_REGIA": "2", "NM_REGIA": "Nordeste", "SIGLA_RG": "NE", "CD_CONCU": null, "NM_CONCU": null, "AREA_KM2": 82.214 }, "geometry": { "type": "Polygon", "coordinates": [ [ [ -35.274, -6.48203 ], [ -35.261, -6.49242 ], [ -35.22443, -6.52163 ], [ -35.22534, -6.52435 ], [ -35.2274, -6.52761 ], [ -35.22978, -6.53033 ], [ -35.23235, -6.53178 ], [ -35.2358, -6.53273 ], [ -35.25321, -6.53401 ], [ -35.26953, -6.54237 ], [ -35.27322, -6.54348 ], [ -35.27457, -6.54388 ], [ -35.2835, -6.5437 ], [ -35.29359, -6.54448 ], [ -35.30272, -6.54415 ], [ -35.30897, -6.54393 ], [ -35.31376, -6.54452 ], [ -35.33077, -6.54434 ], [ -35.33397, -6.54329 ], [ -35.33677, -6.54203 ], [ -35.34126, -6.53862 ], [ -35.34116, -6.53827 ], [ -35.32983, -6.50117 ], [ -35.32805, -6.49535 ], [ -35.31894, -6.46491 ], [ -35.31867, -6.46399 ], [ -35.31445, -6.44989 ], [ -35.31436, -6.44961 ], [ -35.31334, -6.44914 ], [ -35.30801, -6.4489 ], [ -35.3071, -6.44852 ], [ -35.30596, -6.44718 ], [ -35.30443, -6.44687 ], [ -35.30272, -6.44763 ], [ -35.30056, -6.44742 ], [ -35.29837, -6.44899 ], [ -35.29399, -6.45041 ], [ -35.29281, -6.45036 ], [ -35.28837, -6.44876 ], [ -35.28621, -6.44797 ], [ -35.27917, -6.44854 ], [ -35.27813, -6.4493 ], [ -35.27749, -6.45049 ], [ -35.27778, -6.45571 ], [ -35.27744, -6.45927 ], [ -35.27553, -6.47928 ], [ -35.27537, -6.48094 ], [ -35.274, -6.48203 ] ] ] } },
{ "type": "Feature", "properties": { "CD_MUN": "2402204", "NM_MUN": "Canguaretama", "CD_RGI": "240003", "NM_RGI": "Canguaretama", "CD_RGINT": "2401", "NM_RGINT": "Natal", "CD_UF": "24", "NM_UF": "Rio Grande do Norte", "SIGLA_UF": "RN", "CD_REGIA": "2", "NM_REGIA": "Nordeste", "SIGLA_RG": "NE", "CD_CONCU": null, "NM_CONCU": null, "AREA_KM2": 245.485 }, "geometry": { "type": "Polygon", "coordinates": [ [ [ -35.11885, -6.30326 ], [ -35.11878, -6.30475 ], [ -35.11744, -6.3338 ], [ -35.08447, -6.33993 ], [ -35.08263, -6.3384 ], [ -35.07838, -6.33782 ], [ -35.07343, -6.33554 ], [ -35.0708, -6.33522 ], [ -35.06528, -6.33033 ], [ -35.062, -6.32837 ], [ -35.06064, -6.32783 ], [ -35.05728, -6.32768 ], [ -35.0555, -6.32698 ], [ -35.06981, -6.31629 ], [ -35.05946, -6.31716 ], [ -35.06061, -6.30303 ], [ -35.06341, -6.29787 ], [ -35.0628, -6.2975 ], [ -35.06124, -6.2981 ], [ -35.05955, -6.29797 ], [ -35.05808, -6.29691 ], [ -35.05646, -6.29791 ], [ -35.05517, -6.29804 ], [ -35.05387, -6.29726 ], [ -35.05245, -6.29779 ], [ -35.05089, -6.29753 ], [ -35.04953, -6.29629 ], [ -35.04691, -6.29643 ], [ -35.04622, -6.29412 ], [ -35.04701, -6.2866 ], [ -35.04429, -6.28385 ], [ -35.04142, -6.28489 ], [ -35.03854, -6.28515 ], [ -35.03805, -6.2852 ], [ -35.03571, -6.28621 ], [ -35.03533, -6.2862 ], [ -35.03495, -6.28618 ], [ -35.03492, -6.28619 ], [ -35.03431, -6.28637 ], [ -35.03339, -6.2864 ], [ -35.03336, -6.2866 ], [ -35.03333, -6.28744 ], [ -35.03337, -6.28817 ], [ -35.03339, -6.28869 ], [ -35.03328, -6.28892 ], [ -35.03341, -6.28936 ], [ -35.03348, -6.29016 ], [ -35.03346, -6.2907 ], [ -35.0334, -6.29162 ], [ -35.0333, -6.29282 ], [ -35.0332, -6.2933 ], [ -35.03319, -6.29376 ], [ -35.03307, -6.29462 ], [ -35.0329, -6.29608 ], [ -35.0328, -6.29701 ], [ -35.0326, -6.29846 ], [ -35.03245, -6.2998 ], [ -35.03227, -6.30094 ], [ -35.03203, -6.30199 ], [ -35.03161, -6.30339 ], [ -35.03129, -6.30471 ], [ -35.03106, -6.30567 ], [ -35.03124, -6.30621 ], [ -35.03132, -6.3064 ], [ -35.03156, -6.30693 ], [ -35.03164, -6.3079 ], [ -35.03165, -6.30794 ], [ -35.03187, -6.31084 ], [ -35.03717, -6.31449 ], [ -35.04173, -6.31763 ], [ -35.04889, -6.32644 ], [ -35.05292, -6.33328 ], [ -35.06151, -6.34142 ], [ -35.06771, -6.34641 ], [ -35.07071, -6.35075 ], [ -35.07032, -6.35457 ], [ -35.06281, -6.36199 ], [ -35.06255, -6.36331 ], [ -35.06725, -6.36724 ], [ -35.07269, -6.37052 ], [ -35.07447, -6.37368 ], [ -35.07685, -6.37512 ], [ -35.08066, -6.3751 ], [ -35.08391, -6.3743 ], [ -35.09364, -6.37901 ], [ -35.09365, -6.38125 ], [ -35.0957, -6.38348 ], [ -35.09394, -6.38507 ], [ -35.0936, -6.38652 ], [ -35.09442, -6.38744 ], [ -35.09755, -6.38651 ], [ -35.09634, -6.39126 ], [ -35.09777, -6.39165 ], [ -35.0998, -6.39045 ], [ -35.10116, -6.39031 ], [ -35.10117, -6.3919 ], [ -35.09981, -6.39349 ], [ -35.10104, -6.39453 ], [ -35.10315, -6.39505 ], [ -35.10302, -6.39637 ], [ -35.10099, -6.39902 ], [ -35.10154, -6.40099 ], [ -35.10304, -6.40151 ], [ -35.10378, -6.39967 ], [ -35.10567, -6.39821 ], [ -35.10744, -6.3982 ], [ -35.10731, -6.39991 ], [ -35.10853, -6.40017 ], [ -35.11057, -6.39898 ], [ -35.11146, -6.40148 ], [ -35.11499, -6.40147 ], [ -35.11499, -6.40252 ], [ -35.11283, -6.4053 ], [ -35.11264, -6.40662 ], [ -35.11481, -6.40806 ], [ -35.11536, -6.40951 ], [ -35.1151, -6.41122 ], [ -35.11686, -6.41095 ], [ -35.11754, -6.40963 ], [ -35.11869, -6.40936 ], [ -35.11978, -6.41134 ], [ -35.12101, -6.4116 ], [ -35.12114, -6.41041 ], [ -35.12222, -6.40948 ], [ -35.12304, -6.41093 ], [ -35.1242, -6.41145 ], [ -35.12569, -6.41092 ], [ -35.12732, -6.41196 ], [ -35.12881, -6.41024 ], [ -35.12976, -6.40984 ], [ -35.12975, -6.40826 ], [ -35.1307, -6.40773 ], [ -35.1317, -6.40773 ], [ -35.13184, -6.40773 ], [ -35.11013, -6.44612 ], [ -35.11373, -6.49772 ], [ -35.1134, -6.50143 ], [ -35.11255, -6.50512 ], [ -35.11223, -6.50785 ], [ -35.11223, -6.50785 ], [ -35.11329, -6.51038 ], [ -35.11759, -6.51619 ], [ -35.11826, -6.51777 ], [ -35.11863, -6.52078 ], [ -35.12189, -6.52524 ], [ -35.12222, -6.52746 ], [ -35.12345, -6.52986 ], [ -35.12532, -6.53125 ], [ -35.1299, -6.53308 ], [ -35.13263, -6.53576 ], [ -35.13466, -6.53952 ], [ -35.13598, -6.5402 ], [ -35.13948, -6.54572 ], [ -35.14329, -6.54779 ], [ -35.14374, -6.55081 ], [ -35.14544, -6.55271 ], [ -35.14581, -6.55276 ], [ -35.14617, -6.53285 ], [ -35.15014, -6.51984 ], [ -35.1724, -6.44678 ], [ -35.17221, -6.44353 ], [ -35.17144, -6.43052 ], [ -35.17269, -6.43304 ], [ -35.17458, -6.4336 ], [ -35.17753, -6.43393 ], [ -35.17942, -6.43335 ], [ -35.18048, -6.43255 ], [ -35.18028, -6.42796 ], [ -35.18108, -6.42235 ], [ -35.18337, -6.4186 ], [ -35.18404, -6.41659 ], [ -35.18414, -6.4163 ], [ -35.18487, -6.41566 ], [ -35.18511, -6.41547 ], [ -35.18798, -6.41491 ], [ -35.19131, -6.41536 ], [ -35.19243, -6.41501 ], [ -35.19614, -6.41595 ], [ -35.19657, -6.41642 ], [ -35.19926, -6.41614 ], [ -35.20793, -6.41977 ], [ -35.20975, -6.41997 ], [ -35.21606, -6.41886 ], [ -35.21897, -6.41959 ], [ -35.2222, -6.42128 ], [ -35.22752, -6.42098 ], [ -35.22916, -6.42036 ], [ -35.23063, -6.41845 ], [ -35.23065, -6.41833 ], [ -35.23172, -6.4113 ], [ -35.23138, -6.40722 ], [ -35.23165, -6.40307 ], [ -35.23283, -6.40178 ], [ -35.23573, -6.40006 ], [ -35.23747, -6.39747 ], [ -35.24104, -6.39548 ], [ -35.24604, -6.39478 ], [ -35.2473, -6.39335 ], [ -35.25094, -6.39279 ], [ -35.25244, -6.39108 ], [ -35.25671, -6.3899 ], [ -35.25942, -6.3852 ], [ -35.26036, -6.38411 ], [ -35.26266, -6.38267 ], [ -35.26593, -6.37674 ], [ -35.27121, -6.3722 ], [ -35.27221, -6.37021 ], [ -35.24796, -6.35618 ], [ -35.24544, -6.35471 ], [ -35.23605, -6.34928 ], [ -35.23487, -6.34952 ], [ -35.23168, -6.35207 ], [ -35.22927, -6.35316 ], [ -35.22693, -6.3557 ], [ -35.22534, -6.3564 ], [ -35.22168, -6.35752 ], [ -35.21203, -6.35806 ], [ -35.21039, -6.35793 ], [ -35.20738, -6.35768 ], [ -35.20253, -6.35884 ], [ -35.19955, -6.35918 ], [ -35.19867, -6.35929 ], [ -35.19372, -6.35806 ], [ -35.1883, -6.3583 ], [ -35.18641, -6.35722 ], [ -35.17806, -6.35725 ], [ -35.17668, -6.35692 ], [ -35.17489, -6.35649 ], [ -35.16997, -6.35532 ], [ -35.16739, -6.354 ], [ -35.16647, -6.35205 ], [ -35.16611, -6.34793 ], [ -35.16308, -6.3423 ], [ -35.16283, -6.33613 ], [ -35.16531, -6.32735 ], [ -35.16744, -6.322 ], [ -35.16645, -6.3201 ], [ -35.16509, -6.31864 ], [ -35.15596, -6.31315 ], [ -35.15494, -6.31306 ], [ -35.1518, -6.31389 ], [ -35.15008, -6.31531 ], [ -35.14716, -6.31746 ], [ -35.14548, -6.31689 ], [ -35.14696, -6.30253 ], [ -35.14612, -6.3002 ], [ -35.14525, -6.29903 ], [ -35.14381, -6.29727 ], [ -35.13966, -6.29502 ], [ -35.13573, -6.29099 ], [ -35.13559, -6.29085 ], [ -35.13129, -6.28642 ], [ -35.12852, -6.28532 ], [ -35.12352, -6.28453 ], [ -35.11676, -6.28175 ], [ -35.11789, -6.28427 ], [ -35.11747, -6.28905 ], [ -35.1164, -6.2926 ], [ -35.11633, -6.29599 ], [ -35.11685, -6.29864 ], [ -35.11891, -6.3021 ], [ -35.11885, -6.30326 ] ] ] } },
{ "type": "Feature", "properties": { "CD_MUN": "2410504", "NM_MUN": "Rafael Fernandes", "CD_RGI": "240010", "NM_RGI": "Pau dos Ferros", "CD_RGINT": "2403", "NM_RGINT": "Mossoró", "CD_UF": "24", "NM_UF": "Rio Grande do Norte", "SIGLA_UF": "RN", "CD_REGIA": "2", "NM_REGIA": "Nordeste", "SIGLA_RG": "NE", "CD_CONCU": null, "NM_CONCU": null, "AREA_KM2": 78.231 }, "geometry": { "type": "Polygon", "coordinates": [ [ [ -38.2491, -6.24704 ], [ -38.25678, -6.24157 ], [ -38.26105, -6.22961 ], [ -38.26146, -6.22845 ], [ -38.26147, -6.22844 ], [ -38.27197, -6.22262 ], [ -38.26528, -6.20923 ], [ -38.27115, -6.19774 ], [ -38.26675, -6.18418 ], [ -38.27012, -6.18209 ], [ -38.27755, -6.18104 ], [ -38.24912, -6.16379 ], [ -38.23907, -6.16385 ], [ -38.23885, -6.16385 ], [ -38.23627, -6.16387 ], [ -38.20719, -6.15557 ], [ -38.19473, -6.16084 ], [ -38.17347, -6.16998 ], [ -38.16853, -6.17488 ], [ -38.16316, -6.18119 ], [ -38.16173, -6.18476 ], [ -38.1618, -6.18601 ], [ -38.16397, -6.18673 ], [ -38.16556, -6.18805 ], [ -38.16607, -6.18869 ], [ -38.16618, -6.19103 ], [ -38.16964, -6.19406 ], [ -38.172, -6.1953 ], [ -38.18373, -6.20393 ], [ -38.19357, -6.22001 ], [ -38.19392, -6.22058 ], [ -38.19435, -6.22077 ], [ -38.22031, -6.23261 ], [ -38.2316, -6.23913 ], [ -38.24913, -6.24926 ], [ -38.2491, -6.24704 ] ] ] } },
{ "type": "Feature", "properties": { "CD_MUN": "2404002", "NM_MUN": "Frutuoso Gomes", "CD_RGI": "240010", "NM_RGI": "Pau dos Ferros", "CD_RGINT": "2403", "NM_RGINT": "Mossoró", "CD_UF": "24", "NM_UF": "Rio Grande do Norte", "SIGLA_UF": "RN", "CD_REGIA": "2", "NM_REGIA": "Nordeste", "SIGLA_RG": "NE", "CD_CONCU": null, "NM_CONCU": null, "AREA_KM2": 63.279 }, "geometry": { "type": "Polygon", "coordinates": [ [ [ -37.80272, -6.16182 ], [ -37.80214, -6.1632 ], [ -37.8034, -6.16415 ], [ -37.80646, -6.16363 ], [ -37.80882, -6.16406 ], [ -37.80919, -6.16433 ], [ -37.8107, -6.16813 ], [ -37.81001, -6.16866 ], [ -37.8097, -6.16865 ], [ -37.80832, -6.16862 ], [ -37.80623, -6.16945 ], [ -37.80608, -6.17041 ], [ -37.8062, -6.17061 ], [ -37.80648, -6.1711 ], [ -37.8084, -6.17209 ], [ -37.80858, -6.17308 ], [ -37.80683, -6.1767 ], [ -37.80494, -6.17758 ], [ -37.80428, -6.17852 ], [ -37.8032, -6.18339 ], [ -37.79996, -6.18822 ], [ -37.79874, -6.18938 ], [ -37.79726, -6.1927 ], [ -37.79762, -6.1959 ], [ -37.79649, -6.19857 ], [ -37.79601, -6.20182 ], [ -37.79862, -6.2046 ], [ -37.79931, -6.20626 ], [ -37.79813, -6.21151 ], [ -37.79565, -6.21436 ], [ -37.79796, -6.21608 ], [ -37.79808, -6.21656 ], [ -37.79779, -6.21726 ], [ -37.85507, -6.1838 ], [ -37.85983, -6.18328 ], [ -37.86061, -6.18339 ], [ -37.88724, -6.16816 ], [ -37.8895, -6.16687 ], [ -37.88904, -6.1662 ], [ -37.8862, -6.16418 ], [ -37.8856, -6.16348 ], [ -37.88469, -6.16156 ], [ -37.88388, -6.15816 ], [ -37.88312, -6.15695 ], [ -37.88095, -6.15502 ], [ -37.8808, -6.15069 ], [ -37.87802, -6.15011 ], [ -37.877, -6.14946 ], [ -37.87604, -6.14858 ], [ -37.87523, -6.14705 ], [ -37.87143, -6.14677 ], [ -37.87046, -6.14622 ], [ -37.87016, -6.14558 ], [ -37.87006, -6.14464 ], [ -37.87042, -6.14393 ], [ -37.87225, -6.14285 ], [ -37.8726, -6.14231 ], [ -37.87245, -6.14186 ], [ -37.87134, -6.14112 ], [ -37.87042, -6.14082 ], [ -37.86966, -6.14011 ], [ -37.87002, -6.13976 ], [ -37.8727, -6.13966 ], [ -37.87317, -6.13913 ], [ -37.87312, -6.13839 ], [ -37.8715, -6.13784 ], [ -37.87109, -6.13737 ], [ -37.87104, -6.13639 ], [ -37.87018, -6.13486 ], [ -37.87029, -6.13377 ], [ -37.8711, -6.13313 ], [ -37.87278, -6.1323 ], [ -37.87526, -6.13223 ], [ -37.87678, -6.13238 ], [ -37.87714, -6.13179 ], [ -37.87694, -6.12883 ], [ -37.8773, -6.12797 ], [ -37.87994, -6.12561 ], [ -37.88046, -6.12349 ], [ -37.88021, -6.12041 ], [ -37.8794, -6.11972 ], [ -37.87833, -6.11966 ], [ -37.87665, -6.12045 ], [ -37.87528, -6.12153 ], [ -37.87244, -6.12421 ], [ -37.86898, -6.12623 ], [ -37.86741, -6.12684 ], [ -37.86477, -6.12639 ], [ -37.86289, -6.12658 ], [ -37.86264, -6.12616 ], [ -37.86265, -6.12429 ], [ -37.86239, -6.12365 ], [ -37.86148, -6.12345 ], [ -37.86072, -6.12365 ], [ -37.85869, -6.12364 ], [ -37.85768, -6.12322 ], [ -37.85738, -6.12268 ], [ -37.85697, -6.12193 ], [ -37.85814, -6.12061 ], [ -37.85834, -6.12007 ], [ -37.85769, -6.11883 ], [ -37.85825, -6.11772 ], [ -37.85785, -6.11516 ], [ -37.85866, -6.11373 ], [ -37.86501, -6.10874 ], [ -37.86578, -6.10766 ], [ -37.86588, -6.10694 ], [ -37.86396, -6.10398 ], [ -37.85101, -6.11112 ], [ -37.83755, -6.12011 ], [ -37.82024, -6.13793 ], [ -37.81949, -6.1387 ], [ -37.81451, -6.14383 ], [ -37.81332, -6.14341 ], [ -37.81258, -6.14278 ], [ -37.81183, -6.14244 ], [ -37.81022, -6.14262 ], [ -37.80811, -6.14381 ], [ -37.80746, -6.14395 ], [ -37.80587, -6.14342 ], [ -37.80498, -6.14341 ], [ -37.80384, -6.14365 ], [ -37.80334, -6.14423 ], [ -37.80304, -6.14505 ], [ -37.80186, -6.15223 ], [ -37.80095, -6.15369 ], [ -37.80005, -6.15486 ], [ -37.80042, -6.15521 ], [ -37.80085, -6.15562 ], [ -37.80115, -6.15591 ], [ -37.80148, -6.15656 ], [ -37.80131, -6.15685 ], [ -37.80121, -6.15703 ], [ -37.8009, -6.15756 ], [ -37.79996, -6.15918 ], [ -37.80046, -6.16021 ], [ -37.80272, -6.16182 ] ] ] } },
{ "type": "Feature", "properties": { "CD_MUN": "2412302", "NM_MUN": "São José do Campestre", "CD_RGI": "240002", "NM_RGI": "Santo Antônio - Passa e Fica - Nova Cruz", "CD_RGINT": "2401", "NM_RGINT": "Natal", "CD_UF": "24", "NM_UF": "Rio Grande do Norte", "SIGLA_UF": "RN", "CD_REGIA": "2", "NM_REGIA": "Nordeste", "SIGLA_RG": "NE", "CD_CONCU": null, "NM_CONCU": null, "AREA_KM2": 341.115 }, "geometry": { "type": "Polygon", "coordinates": [ [ [ -35.66317, -6.199 ], [ -35.66305, -6.19986 ], [ -35.65999, -6.22221 ], [ -35.66259, -6.22783 ], [ -35.66363, -6.23274 ], [ -35.664, -6.23388 ], [ -35.66641, -6.23902 ], [ -35.66578, -6.24118 ], [ -35.66597, -6.24256 ], [ -35.66579, -6.24367 ], [ -35.66515, -6.24473 ], [ -35.66419, -6.2456 ], [ -35.66387, -6.2462 ], [ -35.66141, -6.26778 ], [ -35.64323, -6.32576 ], [ -35.64368, -6.32624 ], [ -35.64605, -6.32675 ], [ -35.64745, -6.32681 ], [ -35.64833, -6.32654 ], [ -35.64934, -6.32553 ], [ -35.64963, -6.3217 ], [ -35.64949, -6.32033 ], [ -35.64961, -6.31945 ], [ -35.65005, -6.31892 ], [ -35.65112, -6.31828 ], [ -35.65247, -6.31808 ], [ -35.65383, -6.31823 ], [ -35.65476, -6.31869 ], [ -35.65585, -6.31896 ], [ -35.65638, -6.31896 ], [ -35.65693, -6.31873 ], [ -35.65728, -6.31814 ], [ -35.6572, -6.31563 ], [ -35.65764, -6.31528 ], [ -35.6595, -6.31542 ], [ -35.66019, -6.31533 ], [ -35.6618, -6.31458 ], [ -35.66302, -6.31358 ], [ -35.66404, -6.31217 ], [ -35.66588, -6.31031 ], [ -35.66637, -6.3088 ], [ -35.66737, -6.30863 ], [ -35.66905, -6.30946 ], [ -35.67006, -6.31029 ], [ -35.67125, -6.31246 ], [ -35.67142, -6.31455 ], [ -35.67087, -6.32694 ], [ -35.66984, -6.33175 ], [ -35.66993, -6.3487 ], [ -35.6823, -6.35257 ], [ -35.68302, -6.35811 ], [ -35.72354, -6.38804 ], [ -35.73211, -6.39403 ], [ -35.74651, -6.40408 ], [ -35.76468, -6.41861 ], [ -35.77345, -6.40764 ], [ -35.7914, -6.39999 ], [ -35.84344, -6.37777 ], [ -35.84319, -6.3767 ], [ -35.84481, -6.37793 ], [ -35.84758, -6.37749 ], [ -35.84923, -6.3795 ], [ -35.85033, -6.38002 ], [ -35.85181, -6.3797 ], [ -35.85498, -6.38021 ], [ -35.85618, -6.37956 ], [ -35.85826, -6.37945 ], [ -35.86029, -6.37997 ], [ -35.86491, -6.38334 ], [ -35.86847, -6.38417 ], [ -35.87055, -6.36278 ], [ -35.86829, -6.36282 ], [ -35.86503, -6.36264 ], [ -35.8613, -6.36217 ], [ -35.85859, -6.36096 ], [ -35.85725, -6.36069 ], [ -35.8556, -6.36078 ], [ -35.85386, -6.36144 ], [ -35.84991, -6.36225 ], [ -35.84598, -6.36034 ], [ -35.84161, -6.35756 ], [ -35.83995, -6.35624 ], [ -35.83933, -6.35575 ], [ -35.83872, -6.35526 ], [ -35.83837, -6.35498 ], [ -35.83832, -6.35494 ], [ -35.83589, -6.35247 ], [ -35.83323, -6.34936 ], [ -35.83121, -6.34641 ], [ -35.83016, -6.34372 ], [ -35.82647, -6.34223 ], [ -35.82778, -6.33862 ], [ -35.8234, -6.33595 ], [ -35.82046, -6.33386 ], [ -35.82004, -6.33332 ], [ -35.81963, -6.33279 ], [ -35.81872, -6.33161 ], [ -35.81347, -6.32748 ], [ -35.80874, -6.32277 ], [ -35.80677, -6.32117 ], [ -35.80407, -6.31897 ], [ -35.80383, -6.318 ], [ -35.80291, -6.31693 ], [ -35.80203, -6.31268 ], [ -35.80144, -6.31063 ], [ -35.79936, -6.30795 ], [ -35.79814, -6.30553 ], [ -35.79685, -6.30144 ], [ -35.79593, -6.30015 ], [ -35.79597, -6.29708 ], [ -35.79642, -6.29536 ], [ -35.79641, -6.29363 ], [ -35.79588, -6.29153 ], [ -35.79507, -6.28992 ], [ -35.79332, -6.28454 ], [ -35.79405, -6.28254 ], [ -35.7952, -6.28135 ], [ -35.79875, -6.27929 ], [ -35.7992, -6.27885 ], [ -35.79948, -6.27774 ], [ -35.79669, -6.27632 ], [ -35.79503, -6.2758 ], [ -35.79361, -6.27559 ], [ -35.79281, -6.27485 ], [ -35.79237, -6.27408 ], [ -35.79118, -6.27334 ], [ -35.79015, -6.27231 ], [ -35.78833, -6.27106 ], [ -35.7871, -6.26977 ], [ -35.78676, -6.26832 ], [ -35.78645, -6.26703 ], [ -35.78447, -6.26608 ], [ -35.78498, -6.26441 ], [ -35.78607, -6.2627 ], [ -35.78552, -6.26211 ], [ -35.78544, -6.26137 ], [ -35.78581, -6.2606 ], [ -35.78464, -6.25959 ], [ -35.78483, -6.25852 ], [ -35.78577, -6.25725 ], [ -35.78656, -6.25666 ], [ -35.78631, -6.25562 ], [ -35.7852, -6.25385 ], [ -35.78586, -6.25277 ], [ -35.78563, -6.25259 ], [ -35.78539, -6.2524 ], [ -35.78428, -6.25204 ], [ -35.78332, -6.25034 ], [ -35.78316, -6.24893 ], [ -35.78272, -6.24778 ], [ -35.78295, -6.24652 ], [ -35.78405, -6.246 ], [ -35.78461, -6.24531 ], [ -35.78594, -6.24369 ], [ -35.78612, -6.24239 ], [ -35.78744, -6.23742 ], [ -35.78889, -6.23523 ], [ -35.79086, -6.2341 ], [ -35.79093, -6.23377 ], [ -35.79101, -6.23344 ], [ -35.79069, -6.23173 ], [ -35.79076, -6.2307 ], [ -35.79052, -6.22981 ], [ -35.78992, -6.22903 ], [ -35.78802, -6.22815 ], [ -35.7852, -6.22428 ], [ -35.7836, -6.22317 ], [ -35.78124, -6.22251 ], [ -35.78077, -6.22237 ], [ -35.77757, -6.22324 ], [ -35.77346, -6.22193 ], [ -35.77204, -6.22112 ], [ -35.77144, -6.21968 ], [ -35.77126, -6.21694 ], [ -35.77083, -6.21654 ], [ -35.77039, -6.21613 ], [ -35.77007, -6.21465 ], [ -35.76899, -6.21284 ], [ -35.76638, -6.21041 ], [ -35.76646, -6.21014 ], [ -35.76684, -6.20892 ], [ -35.76828, -6.20562 ], [ -35.76866, -6.20243 ], [ -35.76921, -6.20102 ], [ -35.7692, -6.20008 ], [ -35.7692, -6.19909 ], [ -35.76804, -6.19654 ], [ -35.76654, -6.19684 ], [ -35.76544, -6.19744 ], [ -35.76497, -6.1987 ], [ -35.76505, -6.19952 ], [ -35.7643, -6.20063 ], [ -35.76407, -6.20097 ], [ -35.76337, -6.20157 ], [ -35.76179, -6.20165 ], [ -35.76128, -6.20147 ], [ -35.76076, -6.20128 ], [ -35.76028, -6.20025 ], [ -35.76007, -6.19866 ], [ -35.75958, -6.19776 ], [ -35.75789, -6.1961 ], [ -35.75658, -6.19482 ], [ -35.75646, -6.19412 ], [ -35.75613, -6.19212 ], [ -35.7566, -6.19086 ], [ -35.7562, -6.19019 ], [ -35.75486, -6.1899 ], [ -35.75359, -6.18983 ], [ -35.75261, -6.19017 ], [ -35.7515, -6.19025 ], [ -35.75024, -6.18981 ], [ -35.74921, -6.18871 ], [ -35.74809, -6.18686 ], [ -35.74742, -6.18646 ], [ -35.74646, -6.18535 ], [ -35.74441, -6.18477 ], [ -35.74299, -6.18478 ], [ -35.74101, -6.18441 ], [ -35.74065, -6.18268 ], [ -35.68932, -6.1959 ], [ -35.66332, -6.1979 ], [ -35.66317, -6.199 ] ] ] } },
{ "type": "Feature", "properties": { "CD_MUN": "2413607", "NM_MUN": "Severiano Melo", "CD_RGI": "240009", "NM_RGI": "Mossoró", "CD_RGINT": "2403", "NM_RGINT": "Mossoró", "CD_UF": "24", "NM_UF": "Rio Grande do Norte", "SIGLA_UF": "RN", "CD_REGIA": "2", "NM_REGIA": "Nordeste", "SIGLA_RG": "NE", "CD_CONCU": null, "NM_CONCU": null, "AREA_KM2": 157.85 }, "geometry": { "type": "Polygon", "coordinates": [ [ [ -37.90903, -5.781 ], [ -37.90975, -5.78421 ], [ -37.91174, -5.78518 ], [ -37.91285, -5.78572 ], [ -37.91322, -5.78591 ], [ -37.91325, -5.78592 ], [ -37.91458, -5.78657 ], [ -37.91953, -5.789 ], [ -37.9385, -5.79831 ], [ -37.9388, -5.79845 ], [ -37.97517, -5.8163 ], [ -37.97773, -5.82503 ], [ -37.97982, -5.83213 ], [ -37.98013, -5.83318 ], [ -37.98291, -5.8302 ], [ -37.98438, -5.82962 ], [ -37.98697, -5.82818 ], [ -37.98818, -5.82805 ], [ -37.99052, -5.82908 ], [ -37.993, -5.83129 ], [ -37.99367, -5.83218 ], [ -37.99475, -5.83441 ], [ -37.99532, -5.8348 ], [ -37.99683, -5.83583 ], [ -37.99736, -5.83685 ], [ -37.9974, -5.83744 ], [ -37.99785, -5.8382 ], [ -37.99827, -5.83823 ], [ -37.99891, -5.83828 ], [ -37.9997, -5.83798 ], [ -38.00116, -5.83652 ], [ -38.0022, -5.83658 ], [ -38.00287, -5.83701 ], [ -38.00384, -5.83824 ], [ -38.00462, -5.83884 ], [ -38.00584, -5.83912 ], [ -38.00657, -5.83973 ], [ -38.00693, -5.84065 ], [ -38.00687, -5.84199 ], [ -38.00778, -5.84321 ], [ -38.00887, -5.84595 ], [ -38.00929, -5.84837 ], [ -38.01431, -5.85408 ], [ -38.0458, -5.78327 ], [ -38.05557, -5.76126 ], [ -38.05859, -5.75485 ], [ -37.99189, -5.73306 ], [ -37.99049, -5.7326 ], [ -37.97438, -5.72734 ], [ -37.95187, -5.71999 ], [ -37.95137, -5.71982 ], [ -37.93883, -5.71573 ], [ -37.93751, -5.71529 ], [ -37.88231, -5.69727 ], [ -37.88132, -5.69695 ], [ -37.88123, -5.69713 ], [ -37.90202, -5.74986 ], [ -37.90293, -5.75391 ], [ -37.90335, -5.75578 ], [ -37.90843, -5.77833 ], [ -37.90903, -5.781 ] ] ] } },
{ "type": "Feature", "properties": { "CD_MUN": "2401800", "NM_MUN": "Brejinho", "CD_RGI": "240001", "NM_RGI": "Natal", "CD_RGINT": "2401", "NM_RGINT": "Natal", "CD_UF": "24", "NM_UF": "Rio Grande do Norte", "SIGLA_UF": "RN", "CD_REGIA": "2", "NM_REGIA": "Nordeste", "SIGLA_RG": "NE", "CD_CONCU": null, "NM_CONCU": null, "AREA_KM2": 61.559 }, "geometry": { "type": "Polygon", "coordinates": [ [ [ -35.34495, -6.20412 ], [ -35.34499, -6.20454 ], [ -35.34508, -6.20541 ], [ -35.34519, -6.20588 ], [ -35.34519, -6.20588 ], [ -35.34527, -6.20615 ], [ -35.34562, -6.20727 ], [ -35.34513, -6.20879 ], [ -35.34541, -6.21184 ], [ -35.34677, -6.21591 ], [ -35.34697, -6.21677 ], [ -35.3477, -6.21817 ], [ -35.3479, -6.21956 ], [ -35.34837, -6.22106 ], [ -35.34946, -6.22313 ], [ -35.34993, -6.22488 ], [ -35.35813, -6.24981 ], [ -35.39487, -6.24605 ], [ -35.40113, -6.24541 ], [ -35.40136, -6.24539 ], [ -35.40138, -6.24545 ], [ -35.40166, -6.24622 ], [ -35.40167, -6.24848 ], [ -35.40113, -6.25091 ], [ -35.40109, -6.25244 ], [ -35.40149, -6.25415 ], [ -35.40194, -6.25514 ], [ -35.40399, -6.25845 ], [ -35.40444, -6.26008 ], [ -35.40435, -6.26125 ], [ -35.40515, -6.26353 ], [ -35.40589, -6.26407 ], [ -35.40827, -6.2651 ], [ -35.40897, -6.26561 ], [ -35.40986, -6.26635 ], [ -35.4108, -6.26773 ], [ -35.41195, -6.26862 ], [ -35.41507, -6.26977 ], [ -35.41735, -6.27154 ], [ -35.42094, -6.27323 ], [ -35.42212, -6.27218 ], [ -35.42275, -6.27163 ], [ -35.42276, -6.27162 ], [ -35.42393, -6.27006 ], [ -35.43643, -6.25343 ], [ -35.42344, -6.23668 ], [ -35.40302, -6.21032 ], [ -35.40295, -6.21015 ], [ -35.40294, -6.21014 ], [ -35.38139, -6.15846 ], [ -35.35238, -6.18197 ], [ -35.3521, -6.18204 ], [ -35.35168, -6.18216 ], [ -35.33937, -6.18545 ], [ -35.34174, -6.19031 ], [ -35.34434, -6.19347 ], [ -35.34528, -6.19508 ], [ -35.34543, -6.19532 ], [ -35.34579, -6.19711 ], [ -35.34573, -6.19841 ], [ -35.34511, -6.20281 ], [ -35.34513, -6.20358 ], [ -35.34513, -6.20365 ], [ -35.34492, -6.20373 ], [ -35.34492, -6.20374 ], [ -35.34495, -6.20412 ] ] ] } },
{ "type": "Feature", "properties": { "CD_MUN": "2411007", "NM_MUN": "Rodolfo Fernandes", "CD_RGI": "240009", "NM_RGI": "Mossoró", "CD_RGINT": "2403", "NM_RGINT": "Mossoró", "CD_UF": "24", "NM_UF": "Rio Grande do Norte", "SIGLA_UF": "RN", "CD_REGIA": "2", "NM_REGIA": "Nordeste", "SIGLA_RG": "NE", "CD_CONCU": null, "NM_CONCU": null, "AREA_KM2": 154.84 }, "geometry": { "type": "Polygon", "coordinates": [ [ [ -38.0458, -5.78327 ], [ -38.01431, -5.85408 ], [ -38.01444, -5.85424 ], [ -38.01392, -5.85495 ], [ -38.01411, -5.85563 ], [ -38.00429, -5.85686 ], [ -38.03952, -5.88448 ], [ -38.05109, -5.89668 ], [ -38.05731, -5.90184 ], [ -38.06037, -5.90378 ], [ -38.0741, -5.90922 ], [ -38.0804, -5.91052 ], [ -38.08997, -5.91522 ], [ -38.09862, -5.92043 ], [ -38.10205, -5.92333 ], [ -38.10745, -5.9326 ], [ -38.11158, -5.93613 ], [ -38.11443, -5.94119 ], [ -38.11621, -5.94225 ], [ -38.11978, -5.94318 ], [ -38.12027, -5.94357 ], [ -38.12154, -5.94583 ], [ -38.12306, -5.94571 ], [ -38.12309, -5.94515 ], [ -38.12163, -5.9417 ], [ -38.12302, -5.94105 ], [ -38.12743, -5.9406 ], [ -38.13024, -5.93967 ], [ -38.13211, -5.93988 ], [ -38.13242, -5.93901 ], [ -38.13747, -5.93639 ], [ -38.13965, -5.9374 ], [ -38.1421, -5.93981 ], [ -38.14317, -5.94001 ], [ -38.14914, -5.93878 ], [ -38.15304, -5.93888 ], [ -38.15757, -5.93834 ], [ -38.16349, -5.9389 ], [ -38.16544, -5.9321 ], [ -38.1647, -5.92893 ], [ -38.16406, -5.92746 ], [ -38.16321, -5.92669 ], [ -38.16001, -5.92496 ], [ -38.1593, -5.92458 ], [ -38.15806, -5.92391 ], [ -38.14672, -5.91618 ], [ -38.14463, -5.91375 ], [ -38.14391, -5.90891 ], [ -38.14415, -5.9059 ], [ -38.14415, -5.9059 ], [ -38.14351, -5.90315 ], [ -38.14255, -5.90164 ], [ -38.13952, -5.89917 ], [ -38.12764, -5.89156 ], [ -38.12671, -5.8902 ], [ -38.12494, -5.88761 ], [ -38.12252, -5.88174 ], [ -38.12055, -5.85835 ], [ -38.11629, -5.84799 ], [ -38.11616, -5.84315 ], [ -38.11698, -5.84029 ], [ -38.11883, -5.83614 ], [ -38.11912, -5.83488 ], [ -38.11886, -5.83283 ], [ -38.11664, -5.83118 ], [ -38.11585, -5.82939 ], [ -38.1151, -5.82378 ], [ -38.11436, -5.82226 ], [ -38.11154, -5.81865 ], [ -38.10049, -5.80453 ], [ -38.08761, -5.79305 ], [ -38.07616, -5.78106 ], [ -38.07354, -5.77787 ], [ -38.06814, -5.76854 ], [ -38.06576, -5.76524 ], [ -38.06151, -5.76205 ], [ -38.05981, -5.75874 ], [ -38.05859, -5.75485 ], [ -38.05557, -5.76126 ], [ -38.0458, -5.78327 ] ] ] } },
{ "type": "Feature", "properties": { "CD_MUN": "2406403", "NM_MUN": "Lagoa de Velhos", "CD_RGI": "240006", "NM_RGI": "São Paulo do Potengi", "CD_RGINT": "2401", "NM_RGINT": "Natal", "CD_UF": "24", "NM_UF": "Rio Grande do Norte", "SIGLA_UF": "RN", "CD_REGIA": "2", "NM_REGIA": "Nordeste", "SIGLA_RG": "NE", "CD_CONCU": null, "NM_CONCU": null, "AREA_KM2": 111.607 }, "geometry": { "type": "Polygon", "coordinates": [ [ [ -35.87884, -6.03875 ], [ -35.88127, -6.03726 ], [ -35.9248, -6.01063 ], [ -35.89846, -5.99204 ], [ -35.8652, -5.96856 ], [ -35.83477, -5.9471 ], [ -35.77834, -6.01588 ], [ -35.79869, -6.04258 ], [ -35.80535, -6.04332 ], [ -35.82253, -6.07318 ], [ -35.87165, -6.04315 ], [ -35.87884, -6.03875 ] ] ] } },
{ "type": "Feature", "properties": { "CD_MUN": "2414902", "NM_MUN": "Viçosa", "CD_RGI": "240010", "NM_RGI": "Pau dos Ferros", "CD_RGINT": "2403", "NM_RGINT": "Mossoró", "CD_UF": "24", "NM_UF": "Rio Grande do Norte", "SIGLA_UF": "RN", "CD_REGIA": "2", "NM_REGIA": "Nordeste", "SIGLA_RG": "NE", "CD_CONCU": null, "NM_CONCU": null, "AREA_KM2": 37.905 }, "geometry": { "type": "Polygon", "coordinates": [ [ [ -37.92119, -5.9598 ], [ -37.93401, -6.00214 ], [ -37.93393, -6.00427 ], [ -37.93488, -6.0172 ], [ -37.9354, -6.01557 ], [ -37.93642, -6.0145 ], [ -37.93667, -6.01359 ], [ -37.93732, -6.01299 ], [ -37.93884, -6.01203 ], [ -37.93962, -6.01098 ], [ -37.94027, -6.01043 ], [ -37.9414, -6.01008 ], [ -37.94321, -6.00983 ], [ -37.94308, -6.01143 ], [ -37.94325, -6.01349 ], [ -37.94381, -6.01542 ], [ -37.94467, -6.01689 ], [ -37.94617, -6.02028 ], [ -37.94759, -6.02154 ], [ -37.94898, -6.02234 ], [ -37.94984, -6.02351 ], [ -37.95014, -6.0243 ], [ -37.95064, -6.02705 ], [ -37.95251, -6.02847 ], [ -37.95442, -6.02955 ], [ -37.96561, -6.00902 ], [ -37.96696, -6.00909 ], [ -37.96773, -6.00953 ], [ -37.96823, -6.01165 ], [ -37.96876, -6.01252 ], [ -37.97125, -6.01296 ], [ -37.97157, -6.01337 ], [ -37.9715, -6.01411 ], [ -37.97201, -6.01493 ], [ -37.97291, -6.01518 ], [ -37.97374, -6.01605 ], [ -37.97519, -6.01717 ], [ -37.97637, -6.01711 ], [ -37.97669, -6.0168 ], [ -37.97669, -6.01643 ], [ -37.97701, -6.01606 ], [ -37.97785, -6.01609 ], [ -37.98028, -6.01671 ], [ -37.9817, -6.01628 ], [ -37.98388, -6.01523 ], [ -37.98516, -6.01486 ], [ -37.98747, -6.01483 ], [ -37.99151, -6.01582 ], [ -37.98915, -6.01025 ], [ -37.9878, -6.0082 ], [ -37.98755, -6.00746 ], [ -37.988, -6.00665 ], [ -37.98794, -6.00615 ], [ -37.98704, -6.00558 ], [ -37.98666, -6.00515 ], [ -37.98551, -6.00278 ], [ -37.98506, -6.0024 ], [ -37.98326, -6.00224 ], [ -37.98268, -6.00187 ], [ -37.97712, -5.99416 ], [ -37.97853, -5.99248 ], [ -37.97931, -5.9908 ], [ -37.97944, -5.98909 ], [ -37.97918, -5.98765 ], [ -37.97874, -5.98672 ], [ -37.97726, -5.9851 ], [ -37.97316, -5.98206 ], [ -37.97317, -5.98132 ], [ -37.97368, -5.98063 ], [ -37.97464, -5.98013 ], [ -37.97586, -5.97983 ], [ -37.97683, -5.97907 ], [ -37.97837, -5.97413 ], [ -37.97857, -5.97282 ], [ -37.97915, -5.97201 ], [ -37.97931, -5.97087 ], [ -37.98047, -5.96891 ], [ -37.98114, -5.96832 ], [ -37.98175, -5.96807 ], [ -37.98243, -5.96817 ], [ -37.98281, -5.96849 ], [ -37.98355, -5.96782 ], [ -37.98374, -5.96744 ], [ -37.98294, -5.96611 ], [ -37.98279, -5.96397 ], [ -37.98231, -5.96294 ], [ -37.98186, -5.96238 ], [ -37.98032, -5.96113 ], [ -37.97993, -5.96106 ], [ -37.97777, -5.96145 ], [ -37.97592, -5.9615 ], [ -37.97425, -5.96134 ], [ -37.9725, -5.95995 ], [ -37.97135, -5.95851 ], [ -37.97048, -5.95656 ], [ -37.95359, -5.95586 ], [ -37.92119, -5.9598 ] ] ] } },
{ "type": "Feature", "properties": { "CD_MUN": "2405108", "NM_MUN": "Jandaíra", "CD_RGI": "240005", "NM_RGI": "João Câmara", "CD_RGINT": "2401", "NM_RGINT": "Natal", "CD_UF": "24", "NM_UF": "Rio Grande do Norte", "SIGLA_UF": "RN", "CD_REGIA": "2", "NM_REGIA": "Nordeste", "SIGLA_RG": "NE", "CD_CONCU": null, "NM_CONCU": null, "AREA_KM2": 442.754 }, "geometry": { "type": "Polygon", "coordinates": [ [ [ -36.13802, -5.44996 ], [ -36.15994, -5.43411 ], [ -36.22323, -5.43387 ], [ -36.2413, -5.38432 ], [ -36.27565, -5.28999 ], [ -36.27584, -5.28948 ], [ -36.16012, -5.25966 ], [ -36.1601, -5.25868 ], [ -36.1601, -5.25853 ], [ -36.1598, -5.25614 ], [ -36.1591, -5.2556 ], [ -36.1568, -5.25553 ], [ -36.15437, -5.25621 ], [ -36.15173, -5.25719 ], [ -36.15058, -5.25672 ], [ -36.13379, -5.26698 ], [ -36.10354, -5.28652 ], [ -36.08391, -5.29232 ], [ -36.07092, -5.29657 ], [ -36.06826, -5.29705 ], [ -36.06237, -5.30401 ], [ -36.05082, -5.29876 ], [ -36.03826, -5.3003 ], [ -36.03691, -5.30124 ], [ -36.0124, -5.39905 ], [ -36.00041, -5.41513 ], [ -35.99974, -5.41602 ], [ -35.99241, -5.46379 ], [ -36.02767, -5.44525 ], [ -36.02802, -5.44485 ], [ -36.0633, -5.4054 ], [ -36.12855, -5.45682 ], [ -36.13802, -5.44996 ] ] ] } },
{ "type": "Feature", "properties": { "CD_MUN": "2408201", "NM_MUN": "Nísia Floresta", "CD_RGI": "240001", "NM_RGI": "Natal", "CD_RGINT": "2401", "NM_RGINT": "Natal", "CD_UF": "24", "NM_UF": "Rio Grande do Norte", "SIGLA_UF": "RN", "CD_REGIA": "2", "NM_REGIA": "Nordeste", "SIGLA_RG": "NE", "CD_CONCU": null, "NM_CONCU": null, "AREA_KM2": 307.719 }, "geometry": { "type": "Polygon", "coordinates": [ [ [ -35.09985, -6.0984 ], [ -35.0999, -6.09955 ], [ -35.09995, -6.10038 ], [ -35.09997, -6.10127 ], [ -35.10002, -6.10264 ], [ -35.10003, -6.10349 ], [ -35.10018, -6.1041 ], [ -35.10018, -6.1049 ], [ -35.10018, -6.10542 ], [ -35.10021, -6.10646 ], [ -35.10025, -6.10739 ], [ -35.10028, -6.10792 ], [ -35.1003, -6.10912 ], [ -35.1003, -6.10991 ], [ -35.10029, -6.11067 ], [ -35.10023, -6.11116 ], [ -35.10013, -6.11129 ], [ -35.10009, -6.11135 ], [ -35.10012, -6.11159 ], [ -35.10016, -6.11185 ], [ -35.10008, -6.11205 ], [ -35.10005, -6.11214 ], [ -35.09997, -6.11233 ], [ -35.09991, -6.1132 ], [ -35.09978, -6.11368 ], [ -35.09941, -6.11456 ], [ -35.0994, -6.11458 ], [ -35.0992, -6.11606 ], [ -35.09891, -6.11683 ], [ -35.09855, -6.11727 ], [ -35.09853, -6.1173 ], [ -35.09832, -6.11761 ], [ -35.09821, -6.11847 ], [ -35.09827, -6.12031 ], [ -35.09834, -6.12149 ], [ -35.09843, -6.12225 ], [ -35.09861, -6.12299 ], [ -35.09845, -6.12415 ], [ -35.09833, -6.12514 ], [ -35.09828, -6.1256 ], [ -35.09824, -6.12995 ], [ -35.09817, -6.13316 ], [ -35.098, -6.13576 ], [ -35.09789, -6.13681 ], [ -35.09783, -6.13742 ], [ -35.09781, -6.13975 ], [ -35.09843, -6.13934 ], [ -35.09848, -6.13931 ], [ -35.09894, -6.13901 ], [ -35.10044, -6.13846 ], [ -35.10045, -6.13846 ], [ -35.10757, -6.13587 ], [ -35.111, -6.13464 ], [ -35.11116, -6.13458 ], [ -35.12757, -6.14599 ], [ -35.12689, -6.14426 ], [ -35.12705, -6.14359 ], [ -35.12777, -6.14228 ], [ -35.12807, -6.14091 ], [ -35.12862, -6.13986 ], [ -35.12911, -6.13958 ], [ -35.13017, -6.13929 ], [ -35.13084, -6.1386 ], [ -35.13126, -6.13728 ], [ -35.13168, -6.13671 ], [ -35.1323, -6.1367 ], [ -35.13285, -6.1375 ], [ -35.13382, -6.13801 ], [ -35.13471, -6.1379 ], [ -35.13544, -6.13835 ], [ -35.13618, -6.13858 ], [ -35.13606, -6.14035 ], [ -35.13655, -6.1411 ], [ -35.13772, -6.14212 ], [ -35.13842, -6.14224 ], [ -35.13922, -6.14157 ], [ -35.13926, -6.14153 ], [ -35.13925, -6.14152 ], [ -35.14142, -6.13892 ], [ -35.14276, -6.13765 ], [ -35.1454, -6.13605 ], [ -35.14675, -6.13573 ], [ -35.1477, -6.1355 ], [ -35.15273, -6.13502 ], [ -35.1584, -6.13511 ], [ -35.16048, -6.1355 ], [ -35.16231, -6.13607 ], [ -35.16314, -6.13704 ], [ -35.16284, -6.13864 ], [ -35.16181, -6.14019 ], [ -35.16072, -6.14117 ], [ -35.15962, -6.14158 ], [ -35.15852, -6.14234 ], [ -35.15785, -6.1432 ], [ -35.15703, -6.14816 ], [ -35.15665, -6.14993 ], [ -35.15691, -6.15081 ], [ -35.16016, -6.15435 ], [ -35.16441, -6.15748 ], [ -35.16839, -6.16067 ], [ -35.17451, -6.16454 ], [ -35.17549, -6.16494 ], [ -35.18278, -6.16519 ], [ -35.18763, -6.16518 ], [ -35.19038, -6.16459 ], [ -35.19416, -6.16326 ], [ -35.19602, -6.16354 ], [ -35.19803, -6.1645 ], [ -35.20436, -6.16871 ], [ -35.20731, -6.17088 ], [ -35.21239, -6.17394 ], [ -35.21353, -6.17435 ], [ -35.21404, -6.17379 ], [ -35.21525, -6.17324 ], [ -35.21678, -6.17284 ], [ -35.21807, -6.17228 ], [ -35.21926, -6.1716 ], [ -35.22027, -6.17078 ], [ -35.22118, -6.16968 ], [ -35.22615, -6.16289 ], [ -35.22644, -6.16237 ], [ -35.22681, -6.15796 ], [ -35.22927, -6.12296 ], [ -35.22924, -6.12238 ], [ -35.23024, -6.12002 ], [ -35.23244, -6.11692 ], [ -35.23343, -6.11584 ], [ -35.23355, -6.11571 ], [ -35.23361, -6.1156 ], [ -35.23456, -6.10225 ], [ -35.23455, -6.1015 ], [ -35.23374, -6.10164 ], [ -35.23283, -6.10158 ], [ -35.23253, -6.10219 ], [ -35.2313, -6.10256 ], [ -35.22921, -6.10383 ], [ -35.22788, -6.10532 ], [ -35.22731, -6.10658 ], [ -35.22655, -6.10682 ], [ -35.22606, -6.10663 ], [ -35.22802, -6.08402 ], [ -35.2281, -6.08307 ], [ -35.22845, -6.07904 ], [ -35.22833, -6.07491 ], [ -35.22807, -6.07345 ], [ -35.22933, -6.07277 ], [ -35.2305, -6.07244 ], [ -35.23166, -6.07211 ], [ -35.23206, -6.072 ], [ -35.23216, -6.07197 ], [ -35.23219, -6.07179 ], [ -35.23247, -6.07151 ], [ -35.23346, -6.07122 ], [ -35.23363, -6.0711 ], [ -35.23502, -6.07015 ], [ -35.23505, -6.07013 ], [ -35.23535, -6.06983 ], [ -35.23556, -6.06969 ], [ -35.23648, -6.06924 ], [ -35.23703, -6.06897 ], [ -35.23712, -6.0689 ], [ -35.23742, -6.0684 ], [ -35.23754, -6.06825 ], [ -35.23758, -6.06682 ], [ -35.23754, -6.06664 ], [ -35.23732, -6.06563 ], [ -35.23678, -6.06006 ], [ -35.23648, -6.05693 ], [ -35.2363, -6.0551 ], [ -35.23621, -6.05422 ], [ -35.23611, -6.05366 ], [ -35.23565, -6.04893 ], [ -35.23473, -6.04534 ], [ -35.23448, -6.04437 ], [ -35.23427, -6.04338 ], [ -35.23319, -6.03836 ], [ -35.2328, -6.03656 ], [ -35.23252, -6.03416 ], [ -35.23208, -6.03045 ], [ -35.23193, -6.02994 ], [ -35.23106, -6.02709 ], [ -35.23074, -6.02538 ], [ -35.22971, -6.01996 ], [ -35.22975, -6.01965 ], [ -35.23108, -6.01597 ], [ -35.23283, -6.00796 ], [ -35.23316, -6.00496 ], [ -35.23224, -6.00069 ], [ -35.23261, -5.99786 ], [ -35.23259, -5.99775 ], [ -35.23273, -5.99743 ], [ -35.23238, -5.99677 ], [ -35.23107, -5.99428 ], [ -35.22915, -5.99138 ], [ -35.22925, -5.98624 ], [ -35.22995, -5.98217 ], [ -35.23032, -5.97381 ], [ -35.23344, -5.95559 ], [ -35.23538, -5.95168 ], [ -35.23753, -5.95136 ], [ -35.23934, -5.95155 ], [ -35.24472, -5.95427 ], [ -35.24624, -5.95416 ], [ -35.2444, -5.95188 ], [ -35.24297, -5.95112 ], [ -35.24146, -5.9511 ], [ -35.24024, -5.94904 ], [ -35.23957, -5.94869 ], [ -35.23733, -5.9481 ], [ -35.23728, -5.94806 ], [ -35.23672, -5.94768 ], [ -35.23648, -5.94738 ], [ -35.2364, -5.94727 ], [ -35.23588, -5.94661 ], [ -35.23429, -5.9464 ], [ -35.2328, -5.94598 ], [ -35.23204, -5.94561 ], [ -35.22955, -5.9434 ], [ -35.22571, -5.94149 ], [ -35.22471, -5.9412 ], [ -35.22079, -5.93861 ], [ -35.2183, -5.9377 ], [ -35.2168, -5.93744 ], [ -35.21484, -5.93668 ], [ -35.21309, -5.93526 ], [ -35.21204, -5.93475 ], [ -35.2108, -5.93446 ], [ -35.20924, -5.9341 ], [ -35.20595, -5.93382 ], [ -35.20405, -5.93349 ], [ -35.1889, -5.93654 ], [ -35.18272, -5.93778 ], [ -35.18147, -5.93906 ], [ -35.18135, -5.93918 ], [ -35.17563, -5.94705 ], [ -35.17489, -5.94756 ], [ -35.16589, -5.95188 ], [ -35.16305, -5.95324 ], [ -35.16212, -5.95369 ], [ -35.16143, -5.95402 ], [ -35.16049, -5.95448 ], [ -35.16045, -5.95449 ], [ -35.15932, -5.95604 ], [ -35.15916, -5.95627 ], [ -35.15481, -5.96109 ], [ -35.15466, -5.96126 ], [ -35.15149, -5.96443 ], [ -35.14594, -5.96877 ], [ -35.14217, -5.97171 ], [ -35.13942, -5.97421 ], [ -35.13309, -5.97927 ], [ -35.13042, -5.98157 ], [ -35.12979, -5.98212 ], [ -35.12833, -5.9822 ], [ -35.12725, -5.98365 ], [ -35.127, -5.98398 ], [ -35.12608, -5.98425 ], [ -35.12506, -5.98454 ], [ -35.12376, -5.9847 ], [ -35.12353, -5.98472 ], [ -35.1227, -5.98466 ], [ -35.12217, -5.98373 ], [ -35.12188, -5.98321 ], [ -35.12185, -5.98317 ], [ -35.12184, -5.98314 ], [ -35.12172, -5.98295 ], [ -35.12098, -5.98172 ], [ -35.1207, -5.98259 ], [ -35.12054, -5.98263 ], [ -35.1203, -5.98269 ], [ -35.12001, -5.98285 ], [ -35.11999, -5.98285 ], [ -35.1199, -5.98295 ], [ -35.11982, -5.98303 ], [ -35.11975, -5.98323 ], [ -35.11939, -5.98367 ], [ -35.11885, -5.98433 ], [ -35.1181, -5.98525 ], [ -35.1173, -5.9858 ], [ -35.11678, -5.98595 ], [ -35.11622, -5.98596 ], [ -35.11577, -5.98582 ], [ -35.11553, -5.98575 ], [ -35.11508, -5.98568 ], [ -35.11434, -5.98596 ], [ -35.11364, -5.98669 ], [ -35.11327, -5.9873 ], [ -35.11318, -5.98753 ], [ -35.11303, -5.98792 ], [ -35.11288, -5.9883 ], [ -35.11287, -5.98848 ], [ -35.11286, -5.98866 ], [ -35.11292, -5.98896 ], [ -35.11293, -5.98925 ], [ -35.11284, -5.98953 ], [ -35.11266, -5.98978 ], [ -35.11262, -5.98987 ], [ -35.11243, -5.99033 ], [ -35.11234, -5.99079 ], [ -35.11247, -5.99134 ], [ -35.11251, -5.99149 ], [ -35.11264, -5.99197 ], [ -35.11288, -5.99263 ], [ -35.1129, -5.99372 ], [ -35.11264, -5.99555 ], [ -35.11252, -5.99617 ], [ -35.11231, -5.99665 ], [ -35.11196, -5.99712 ], [ -35.11181, -5.99761 ], [ -35.11159, -5.99842 ], [ -35.11152, -5.99879 ], [ -35.11146, -5.99909 ], [ -35.11118, -5.9997 ], [ -35.11113, -5.99982 ], [ -35.11084, -6.00023 ], [ -35.11056, -6.00062 ], [ -35.11033, -6.00092 ], [ -35.10974, -6.00167 ], [ -35.10917, -6.00269 ], [ -35.10861, -6.00418 ], [ -35.10825, -6.00503 ], [ -35.10808, -6.00545 ], [ -35.10735, -6.00607 ], [ -35.10669, -6.00643 ], [ -35.10632, -6.00655 ], [ -35.10623, -6.00692 ], [ -35.1062, -6.00738 ], [ -35.10622, -6.00789 ], [ -35.10627, -6.00823 ], [ -35.10644, -6.00864 ], [ -35.10653, -6.00923 ], [ -35.10651, -6.00983 ], [ -35.10646, -6.0101 ], [ -35.1061, -6.01056 ], [ -35.10614, -6.01072 ], [ -35.10611, -6.01101 ], [ -35.10611, -6.01106 ], [ -35.10607, -6.01153 ], [ -35.10606, -6.01195 ], [ -35.10611, -6.0123 ], [ -35.10629, -6.01264 ], [ -35.10635, -6.01274 ], [ -35.10635, -6.01275 ], [ -35.10637, -6.01295 ], [ -35.10644, -6.01313 ], [ -35.10658, -6.01336 ], [ -35.10682, -6.01353 ], [ -35.10712, -6.0139 ], [ -35.10732, -6.01407 ], [ -35.10767, -6.01532 ], [ -35.10769, -6.01537 ], [ -35.10788, -6.01607 ], [ -35.10794, -6.0163 ], [ -35.10836, -6.01849 ], [ -35.10898, -6.02186 ], [ -35.109, -6.02194 ], [ -35.10929, -6.02428 ], [ -35.1094, -6.0251 ], [ -35.10966, -6.02728 ], [ -35.10973, -6.02831 ], [ -35.10979, -6.0297 ], [ -35.10991, -6.03188 ], [ -35.10999, -6.03376 ], [ -35.11004, -6.03492 ], [ -35.11004, -6.03722 ], [ -35.10996, -6.03907 ], [ -35.10994, -6.03959 ], [ -35.10993, -6.03987 ], [ -35.10976, -6.04303 ], [ -35.10948, -6.04489 ], [ -35.10937, -6.04558 ], [ -35.10882, -6.04764 ], [ -35.10809, -6.0499 ], [ -35.10764, -6.05103 ], [ -35.10711, -6.05217 ], [ -35.10695, -6.05252 ], [ -35.10631, -6.05346 ], [ -35.10599, -6.05405 ], [ -35.10542, -6.05448 ], [ -35.10513, -6.05465 ], [ -35.1048, -6.05477 ], [ -35.10438, -6.05516 ], [ -35.10367, -6.05583 ], [ -35.10249, -6.05646 ], [ -35.10169, -6.0567 ], [ -35.10159, -6.05673 ], [ -35.10078, -6.05666 ], [ -35.10048, -6.05648 ], [ -35.09997, -6.0559 ], [ -35.09982, -6.05561 ], [ -35.09954, -6.05538 ], [ -35.09924, -6.05529 ], [ -35.09902, -6.0552 ], [ -35.09892, -6.05507 ], [ -35.09881, -6.05491 ], [ -35.09857, -6.05488 ], [ -35.09844, -6.05497 ], [ -35.09825, -6.0551 ], [ -35.098, -6.05519 ], [ -35.09769, -6.05522 ], [ -35.0974, -6.05522 ], [ -35.0973, -6.05529 ], [ -35.09708, -6.05543 ], [ -35.09702, -6.05559 ], [ -35.09701, -6.05562 ], [ -35.09697, -6.0559 ], [ -35.09686, -6.0562 ], [ -35.09658, -6.05673 ], [ -35.09633, -6.05724 ], [ -35.0963, -6.05729 ], [ -35.09627, -6.05788 ], [ -35.09629, -6.05806 ], [ -35.09634, -6.05844 ], [ -35.09642, -6.05886 ], [ -35.0965, -6.05944 ], [ -35.09656, -6.06035 ], [ -35.09659, -6.06092 ], [ -35.09671, -6.06133 ], [ -35.097, -6.06178 ], [ -35.09742, -6.06233 ], [ -35.09762, -6.06256 ], [ -35.09778, -6.06275 ], [ -35.09793, -6.063 ], [ -35.09801, -6.06314 ], [ -35.09809, -6.06327 ], [ -35.09822, -6.06371 ], [ -35.09828, -6.06393 ], [ -35.09842, -6.06444 ], [ -35.09846, -6.06461 ], [ -35.09855, -6.06533 ], [ -35.09857, -6.06584 ], [ -35.09853, -6.06619 ], [ -35.09848, -6.06629 ], [ -35.09833, -6.06658 ], [ -35.09809, -6.06694 ], [ -35.09765, -6.06738 ], [ -35.09758, -6.06744 ], [ -35.09745, -6.06755 ], [ -35.09743, -6.06761 ], [ -35.09741, -6.06769 ], [ -35.09742, -6.06773 ], [ -35.09753, -6.06805 ], [ -35.09767, -6.06839 ], [ -35.0977, -6.06847 ], [ -35.09771, -6.06849 ], [ -35.09772, -6.06861 ], [ -35.09774, -6.06879 ], [ -35.09764, -6.06914 ], [ -35.09759, -6.06951 ], [ -35.09756, -6.06994 ], [ -35.0976, -6.07016 ], [ -35.09771, -6.0703 ], [ -35.09807, -6.07036 ], [ -35.0981, -6.07037 ], [ -35.09847, -6.0705 ], [ -35.09896, -6.0709 ], [ -35.09917, -6.07107 ], [ -35.09924, -6.07112 ], [ -35.09948, -6.07133 ], [ -35.09989, -6.07205 ], [ -35.1003, -6.07296 ], [ -35.10053, -6.07376 ], [ -35.10053, -6.07383 ], [ -35.10054, -6.07438 ], [ -35.10047, -6.07521 ], [ -35.10043, -6.0758 ], [ -35.10028, -6.0765 ], [ -35.10011, -6.07702 ], [ -35.1001, -6.07704 ], [ -35.09985, -6.07737 ], [ -35.09951, -6.07766 ], [ -35.09935, -6.07778 ], [ -35.09936, -6.07801 ], [ -35.09955, -6.07829 ], [ -35.09962, -6.07836 ], [ -35.09979, -6.07853 ], [ -35.09997, -6.07881 ], [ -35.10013, -6.0791 ], [ -35.10023, -6.07952 ], [ -35.10016, -6.07999 ], [ -35.09998, -6.08053 ], [ -35.09976, -6.08096 ], [ -35.09966, -6.08108 ], [ -35.09931, -6.08152 ], [ -35.09901, -6.0817 ], [ -35.09871, -6.08214 ], [ -35.09866, -6.08264 ], [ -35.09874, -6.08311 ], [ -35.09889, -6.08369 ], [ -35.09897, -6.08411 ], [ -35.09896, -6.08456 ], [ -35.09901, -6.08547 ], [ -35.09908, -6.08613 ], [ -35.09924, -6.08665 ], [ -35.09917, -6.08703 ], [ -35.09919, -6.08733 ], [ -35.09931, -6.08793 ], [ -35.09928, -6.08836 ], [ -35.09924, -6.08889 ], [ -35.09929, -6.08948 ], [ -35.09932, -6.0902 ], [ -35.09939, -6.09072 ], [ -35.09944, -6.0911 ], [ -35.09942, -6.09137 ], [ -35.09939, -6.09213 ], [ -35.09937, -6.09274 ], [ -35.09952, -6.09412 ], [ -35.0996, -6.09506 ], [ -35.09972, -6.09635 ], [ -35.09978, -6.09734 ], [ -35.09985, -6.09835 ], [ -35.09985, -6.0984 ] ] ] } },
{ "type": "Feature", "properties": { "CD_MUN": "2400505", "NM_MUN": "Alexandria", "CD_RGI": "240010", "NM_RGI": "Pau dos Ferros", "CD_RGINT": "2403", "NM_RGINT": "Mossoró", "CD_UF": "24", "NM_UF": "Rio Grande do Norte", "SIGLA_UF": "RN", "CD_REGIA": "2", "NM_REGIA": "Nordeste", "SIGLA_RG": "NE", "CD_CONCU": null, "NM_CONCU": null, "AREA_KM2": 381.205 }, "geometry": { "type": "Polygon", "coordinates": [ [ [ -38.01912, -6.3185 ], [ -37.99162, -6.31236 ], [ -37.99137, -6.3123 ], [ -37.98391, -6.31063 ], [ -37.98216, -6.30695 ], [ -37.9795, -6.3045 ], [ -37.97901, -6.30352 ], [ -37.97917, -6.30117 ], [ -37.97937, -6.2983 ], [ -37.97742, -6.29233 ], [ -37.96612, -6.27244 ], [ -37.96549, -6.27004 ], [ -37.96515, -6.26328 ], [ -37.96371, -6.25924 ], [ -37.96333, -6.25645 ], [ -37.92922, -6.26342 ], [ -37.92671, -6.26393 ], [ -37.88179, -6.2731 ], [ -37.88498, -6.27613 ], [ -37.88795, -6.27794 ], [ -37.9081, -6.28519 ], [ -37.90241, -6.29778 ], [ -37.90085, -6.31802 ], [ -37.90082, -6.31832 ], [ -37.88895, -6.32228 ], [ -37.86713, -6.32957 ], [ -37.86406, -6.33239 ], [ -37.86211, -6.33274 ], [ -37.8605, -6.33226 ], [ -37.85841, -6.33079 ], [ -37.85715, -6.33055 ], [ -37.8533, -6.33256 ], [ -37.8432, -6.33309 ], [ -37.84293, -6.3358 ], [ -37.84169, -6.33721 ], [ -37.83432, -6.34173 ], [ -37.83426, -6.34239 ], [ -37.83529, -6.34572 ], [ -37.83907, -6.34978 ], [ -37.84257, -6.35233 ], [ -37.84412, -6.35436 ], [ -37.84431, -6.35615 ], [ -37.8434, -6.35768 ], [ -37.84092, -6.35928 ], [ -37.84064, -6.36134 ], [ -37.84074, -6.36151 ], [ -37.84153, -6.36303 ], [ -37.84542, -6.36474 ], [ -37.85089, -6.36502 ], [ -37.85424, -6.36632 ], [ -37.85889, -6.37435 ], [ -37.85983, -6.37488 ], [ -37.86244, -6.37449 ], [ -37.8721, -6.36921 ], [ -37.87475, -6.36841 ], [ -37.88329, -6.36702 ], [ -37.88758, -6.36414 ], [ -37.88822, -6.36437 ], [ -37.88859, -6.36506 ], [ -37.88914, -6.37045 ], [ -37.88851, -6.38721 ], [ -37.88731, -6.38916 ], [ -37.88515, -6.39015 ], [ -37.88449, -6.39077 ], [ -37.88426, -6.39168 ], [ -37.88443, -6.39239 ], [ -37.8848, -6.39395 ], [ -37.88625, -6.397 ], [ -37.88821, -6.39949 ], [ -37.89026, -6.40014 ], [ -37.89395, -6.39886 ], [ -37.89684, -6.39863 ], [ -37.89889, -6.39879 ], [ -37.90153, -6.39968 ], [ -37.90694, -6.40359 ], [ -37.91074, -6.40635 ], [ -37.91945, -6.41165 ], [ -37.92293, -6.41466 ], [ -37.92418, -6.41929 ], [ -37.92605, -6.42114 ], [ -37.92812, -6.42159 ], [ -37.93271, -6.42323 ], [ -37.93843, -6.42405 ], [ -37.94227, -6.42406 ], [ -37.94544, -6.42262 ], [ -37.94938, -6.41798 ], [ -37.95521, -6.40806 ], [ -37.95555, -6.40494 ], [ -37.95551, -6.40294 ], [ -37.9554, -6.39821 ], [ -37.9606, -6.40046 ], [ -37.96308, -6.40079 ], [ -37.96572, -6.4024 ], [ -37.96802, -6.40512 ], [ -37.96774, -6.41618 ], [ -37.96868, -6.41874 ], [ -37.97106, -6.42243 ], [ -37.97908, -6.42669 ], [ -37.98026, -6.42708 ], [ -37.98344, -6.42814 ], [ -37.9874, -6.42849 ], [ -37.98902, -6.42864 ], [ -37.99112, -6.42864 ], [ -37.99728, -6.42649 ], [ -38.00282, -6.42801 ], [ -38.00665, -6.42809 ], [ -38.0137, -6.42743 ], [ -38.01485, -6.42878 ], [ -38.01439, -6.43039 ], [ -38.00963, -6.43004 ], [ -38.00838, -6.43109 ], [ -38.00823, -6.43219 ], [ -38.01208, -6.43829 ], [ -38.01552, -6.44199 ], [ -38.01967, -6.44463 ], [ -38.01997, -6.446 ], [ -38.01985, -6.44694 ], [ -38.01273, -6.46827 ], [ -38.01279, -6.46845 ], [ -38.01284, -6.46858 ], [ -38.01295, -6.46885 ], [ -38.01427, -6.46939 ], [ -38.01564, -6.4694 ], [ -38.01881, -6.46829 ], [ -38.02014, -6.46814 ], [ -38.02182, -6.46846 ], [ -38.02349, -6.47007 ], [ -38.02507, -6.47335 ], [ -38.02676, -6.47476 ], [ -38.02713, -6.47506 ], [ -38.02948, -6.47584 ], [ -38.03372, -6.47585 ], [ -38.03417, -6.47585 ], [ -38.03742, -6.47523 ], [ -38.04064, -6.47304 ], [ -38.04107, -6.47117 ], [ -38.04092, -6.47029 ], [ -38.0387, -6.46646 ], [ -38.03643, -6.4616 ], [ -38.03626, -6.45999 ], [ -38.03701, -6.45705 ], [ -38.04392, -6.45198 ], [ -38.04447, -6.44927 ], [ -38.04309, -6.446 ], [ -38.0434, -6.44335 ], [ -38.04532, -6.44138 ], [ -38.04635, -6.44093 ], [ -38.04971, -6.44105 ], [ -38.05145, -6.44241 ], [ -38.05187, -6.44337 ], [ -38.05199, -6.44624 ], [ -38.05395, -6.45368 ], [ -38.05504, -6.45391 ], [ -38.05768, -6.45279 ], [ -38.05924, -6.45313 ], [ -38.06062, -6.45449 ], [ -38.06104, -6.45838 ], [ -38.06194, -6.45945 ], [ -38.06662, -6.46044 ], [ -38.06714, -6.46055 ], [ -38.07015, -6.46275 ], [ -38.07087, -6.46393 ], [ -38.07713, -6.46366 ], [ -38.08482, -6.459 ], [ -38.08983, -6.45596 ], [ -38.09681, -6.4428 ], [ -38.09787, -6.43125 ], [ -38.09804, -6.42941 ], [ -38.09172, -6.41528 ], [ -38.10556, -6.41069 ], [ -38.1104, -6.40211 ], [ -38.10968, -6.39777 ], [ -38.10645, -6.37849 ], [ -38.1213, -6.37217 ], [ -38.12561, -6.36724 ], [ -38.10361, -6.35626 ], [ -38.10066, -6.33594 ], [ -38.09984, -6.3303 ], [ -38.09737, -6.33122 ], [ -38.08894, -6.33313 ], [ -38.08939, -6.31706 ], [ -38.08492, -6.31671 ], [ -38.07474, -6.314 ], [ -38.06978, -6.31387 ], [ -38.06312, -6.31457 ], [ -38.0618, -6.31428 ], [ -38.05646, -6.3112 ], [ -38.05547, -6.31099 ], [ -38.05415, -6.31238 ], [ -38.05217, -6.31252 ], [ -38.05026, -6.31354 ], [ -38.04946, -6.31303 ], [ -38.04346, -6.31249 ], [ -38.04348, -6.32058 ], [ -38.03565, -6.32159 ], [ -38.03108, -6.32118 ], [ -38.01912, -6.3185 ] ] ] } },
{ "type": "Feature", "properties": { "CD_MUN": "2401859", "NM_MUN": "Caiçara do Norte", "CD_RGI": "240005", "NM_RGI": "João Câmara", "CD_RGINT": "2401", "NM_RGINT": "Natal", "CD_UF": "24", "NM_UF": "Rio Grande do Norte", "SIGLA_UF": "RN", "CD_REGIA": "2", "NM_REGIA": "Nordeste", "SIGLA_RG": "NE", "CD_CONCU": null, "NM_CONCU": null, "AREA_KM2": 225.633 }, "geometry": { "type": "Polygon", "coordinates": [ [ [ -36.08391, -5.29232 ], [ -36.10354, -5.28652 ], [ -36.13379, -5.26698 ], [ -36.15058, -5.25672 ], [ -36.15173, -5.25719 ], [ -36.09945, -5.07717 ], [ -36.09888, -5.07691 ], [ -36.09766, -5.07636 ], [ -36.09672, -5.07588 ], [ -36.09606, -5.07555 ], [ -36.09548, -5.07527 ], [ -36.09483, -5.07493 ], [ -36.09413, -5.0745 ], [ -36.09352, -5.07409 ], [ -36.09283, -5.07356 ], [ -36.09241, -5.07324 ], [ -36.092, -5.07286 ], [ -36.09173, -5.0726 ], [ -36.09119, -5.07217 ], [ -36.09059, -5.07174 ], [ -36.08934, -5.07107 ], [ -36.08828, -5.07052 ], [ -36.08635, -5.06967 ], [ -36.08498, -5.06907 ], [ -36.08332, -5.06826 ], [ -36.0819, -5.06748 ], [ -36.08153, -5.06727 ], [ -36.08082, -5.06678 ], [ -36.08005, -5.06634 ], [ -36.07892, -5.06594 ], [ -36.07753, -5.06556 ], [ -36.07669, -5.06531 ], [ -36.0758, -5.06513 ], [ -36.07538, -5.06505 ], [ -36.07501, -5.06497 ], [ -36.07462, -5.06494 ], [ -36.07387, -5.06495 ], [ -36.0728, -5.06492 ], [ -36.07209, -5.06489 ], [ -36.07166, -5.06491 ], [ -36.07049, -5.06494 ], [ -36.06945, -5.06494 ], [ -36.0681, -5.06488 ], [ -36.06696, -5.06481 ], [ -36.06547, -5.06472 ], [ -36.06402, -5.06454 ], [ -36.06288, -5.06435 ], [ -36.062, -5.0642 ], [ -36.06141, -5.06409 ], [ -36.06073, -5.06398 ], [ -36.06014, -5.06389 ], [ -36.05877, -5.06373 ], [ -36.0574, -5.06351 ], [ -36.05622, -5.06325 ], [ -36.05464, -5.06285 ], [ -36.05292, -5.06228 ], [ -36.05274, -5.06222 ], [ -36.05067, -5.06143 ], [ -36.04878, -5.06068 ], [ -36.04832, -5.06046 ], [ -36.04781, -5.06023 ], [ -36.04756, -5.06011 ], [ -36.0461, -5.0594 ], [ -36.04469, -5.05858 ], [ -36.04345, -5.05779 ], [ -36.04246, -5.05711 ], [ -36.04167, -5.0565 ], [ -36.04103, -5.05596 ], [ -36.04053, -5.05552 ], [ -36.04007, -5.05513 ], [ -36.03969, -5.05473 ], [ -36.0394, -5.05432 ], [ -36.03907, -5.0537 ], [ -36.03902, -5.05349 ], [ -36.03898, -5.05329 ], [ -36.03894, -5.05309 ], [ -36.03894, -5.05294 ], [ -36.03894, -5.0529 ], [ -36.03896, -5.05273 ], [ -36.039, -5.05255 ], [ -36.0391, -5.05233 ], [ -36.03918, -5.05218 ], [ -36.0393, -5.05206 ], [ -36.03938, -5.05198 ], [ -36.03947, -5.05188 ], [ -36.03953, -5.05179 ], [ -36.03957, -5.05168 ], [ -36.03958, -5.0516 ], [ -36.03958, -5.05153 ], [ -36.03956, -5.05145 ], [ -36.03944, -5.0514 ], [ -36.03928, -5.05138 ], [ -36.03912, -5.05142 ], [ -36.03897, -5.05147 ], [ -36.0387, -5.05148 ], [ -36.03829, -5.05151 ], [ -36.03787, -5.05148 ], [ -36.03754, -5.05147 ], [ -36.038, -5.05246 ], [ -36.04281, -5.06273 ], [ -36.04312, -5.06337 ], [ -36.0435, -5.06419 ], [ -36.04279, -5.06713 ], [ -36.04279, -5.06716 ], [ -36.04277, -5.06723 ], [ -36.04276, -5.06728 ], [ -36.0427, -5.06753 ], [ -36.03968, -5.06961 ], [ -36.03358, -5.07382 ], [ -36.04131, -5.0826 ], [ -36.04207, -5.08381 ], [ -36.04249, -5.08686 ], [ -36.04263, -5.09045 ], [ -36.04254, -5.10862 ], [ -36.04666, -5.13543 ], [ -36.04879, -5.15582 ], [ -36.04907, -5.1572 ], [ -36.04968, -5.15884 ], [ -36.05102, -5.16184 ], [ -36.0518, -5.16528 ], [ -36.05232, -5.16889 ], [ -36.05503, -5.18037 ], [ -36.0552, -5.1865 ], [ -36.05383, -5.20079 ], [ -36.05395, -5.20281 ], [ -36.05879, -5.22178 ], [ -36.06097, -5.2287 ], [ -36.06183, -5.23012 ], [ -36.06297, -5.23139 ], [ -36.06564, -5.23369 ], [ -36.06593, -5.23412 ], [ -36.06559, -5.23468 ], [ -36.0646, -5.23529 ], [ -36.0622, -5.23629 ], [ -36.06103, -5.23743 ], [ -36.05984, -5.23767 ], [ -36.05877, -5.23813 ], [ -36.05844, -5.23812 ], [ -36.05704, -5.2373 ], [ -36.05616, -5.23703 ], [ -36.05492, -5.23716 ], [ -36.0518, -5.23808 ], [ -36.04967, -5.23832 ], [ -36.04683, -5.23945 ], [ -36.04265, -5.23915 ], [ -36.04104, -5.23953 ], [ -36.0398, -5.24043 ], [ -36.03921, -5.24127 ], [ -36.03847, -5.24319 ], [ -36.03785, -5.24423 ], [ -36.03695, -5.24504 ], [ -36.03596, -5.24543 ], [ -36.03126, -5.24653 ], [ -36.02875, -5.24652 ], [ -36.02743, -5.24669 ], [ -36.02563, -5.24741 ], [ -36.02502, -5.24747 ], [ -36.02431, -5.24729 ], [ -36.02296, -5.24729 ], [ -36.02193, -5.24804 ], [ -36.02115, -5.2498 ], [ -36.02036, -5.25027 ], [ -36.01807, -5.25102 ], [ -36.01569, -5.25205 ], [ -36.01436, -5.25292 ], [ -36.01288, -5.25268 ], [ -36.01162, -5.25187 ], [ -36.01122, -5.25187 ], [ -36.00863, -5.25286 ], [ -36.00612, -5.25299 ], [ -36.00195, -5.25611 ], [ -36.05082, -5.29876 ], [ -36.06237, -5.30401 ], [ -36.06826, -5.29705 ], [ -36.07092, -5.29657 ], [ -36.08391, -5.29232 ] ] ] } },
{ "type": "Feature", "properties": { "CD_MUN": "2411056", "NM_MUN": "Tibau", "CD_RGI": "240009", "NM_RGI": "Mossoró", "CD_RGINT": "2403", "NM_RGINT": "Mossoró", "CD_UF": "24", "NM_UF": "Rio Grande do Norte", "SIGLA_UF": "RN", "CD_REGIA": "2", "NM_REGIA": "Nordeste", "SIGLA_RG": "NE", "CD_CONCU": null, "NM_CONCU": null, "AREA_KM2": 169.365 }, "geometry": { "type": "Polygon", "coordinates": [ [ [ -37.23633, -4.85864 ], [ -37.23622, -4.85881 ], [ -37.23544, -4.85995 ], [ -37.23459, -4.86133 ], [ -37.23311, -4.86365 ], [ -37.23218, -4.86526 ], [ -37.2316, -4.86606 ], [ -37.23079, -4.86723 ], [ -37.23069, -4.86738 ], [ -37.22989, -4.86845 ], [ -37.22914, -4.86949 ], [ -37.22817, -4.87096 ], [ -37.22714, -4.87258 ], [ -37.22629, -4.8738 ], [ -37.22561, -4.87491 ], [ -37.22467, -4.87628 ], [ -37.22394, -4.87734 ], [ -37.22323, -4.87836 ], [ -37.2227, -4.87914 ], [ -37.22183, -4.88024 ], [ -37.22136, -4.88089 ], [ -37.221, -4.8814 ], [ -37.22164, -4.88174 ], [ -37.22449, -4.88325 ], [ -37.23118, -4.88677 ], [ -37.23332, -4.88845 ], [ -37.23428, -4.89117 ], [ -37.23417, -4.89299 ], [ -37.26235, -4.90387 ], [ -37.26268, -4.90412 ], [ -37.26628, -4.9099 ], [ -37.26672, -4.91037 ], [ -37.26896, -4.91165 ], [ -37.2693, -4.91216 ], [ -37.2694, -4.91317 ], [ -37.26917, -4.91438 ], [ -37.26913, -4.91617 ], [ -37.2698, -4.91843 ], [ -37.2698, -4.91928 ], [ -37.26872, -4.92367 ], [ -37.26876, -4.92507 ], [ -37.26947, -4.92672 ], [ -37.27068, -4.92785 ], [ -37.27089, -4.92837 ], [ -37.27083, -4.93088 ], [ -37.26925, -4.93358 ], [ -37.269, -4.93557 ], [ -37.26908, -4.93806 ], [ -37.26997, -4.94174 ], [ -37.27033, -4.94534 ], [ -37.27035, -4.94553 ], [ -37.28564, -4.9412 ], [ -37.28724, -4.94093 ], [ -37.29027, -4.94094 ], [ -37.29202, -4.94115 ], [ -37.30466, -4.94309 ], [ -37.3075, -4.94353 ], [ -37.30785, -4.9456 ], [ -37.30838, -4.94536 ], [ -37.3121, -4.94362 ], [ -37.31392, -4.94278 ], [ -37.31615, -4.94296 ], [ -37.31644, -4.94296 ], [ -37.32329, -4.94298 ], [ -37.32484, -4.94351 ], [ -37.32751, -4.94324 ], [ -37.3286, -4.94275 ], [ -37.32987, -4.94123 ], [ -37.33131, -4.93987 ], [ -37.33237, -4.93938 ], [ -37.33351, -4.93922 ], [ -37.33446, -4.93886 ], [ -37.33637, -4.93704 ], [ -37.33831, -4.93621 ], [ -37.33904, -4.9362 ], [ -37.34526, -4.93501 ], [ -37.3472, -4.93327 ], [ -37.34876, -4.93132 ], [ -37.35048, -4.92955 ], [ -37.3514, -4.92888 ], [ -37.35626, -4.92292 ], [ -37.35896, -4.92013 ], [ -37.36165, -4.91694 ], [ -37.36287, -4.91484 ], [ -37.36373, -4.91176 ], [ -37.36443, -4.91008 ], [ -37.36507, -4.90744 ], [ -37.36729, -4.90726 ], [ -37.36846, -4.90822 ], [ -37.36993, -4.908 ], [ -37.37424, -4.91016 ], [ -37.37616, -4.90989 ], [ -37.39196, -4.91152 ], [ -37.39323, -4.91182 ], [ -37.39432, -4.91182 ], [ -37.39798, -4.91094 ], [ -37.39862, -4.91058 ], [ -37.39927, -4.91048 ], [ -37.40118, -4.91046 ], [ -37.40305, -4.90994 ], [ -37.40309, -4.90975 ], [ -37.40314, -4.90939 ], [ -37.4116, -4.90584 ], [ -37.41542, -4.90704 ], [ -37.41616, -4.9078 ], [ -37.42142, -4.907 ], [ -37.42296, -4.90944 ], [ -37.42446, -4.90994 ], [ -37.42726, -4.91149 ], [ -37.44645, -4.88096 ], [ -37.44641, -4.88095 ], [ -37.44632, -4.88093 ], [ -37.3569, -4.85806 ], [ -37.35681, -4.85803 ], [ -37.35679, -4.85803 ], [ -37.28056, -4.83853 ], [ -37.27851, -4.83801 ], [ -37.27842, -4.83798 ], [ -37.27489, -4.83708 ], [ -37.27482, -4.83706 ], [ -37.27229, -4.83641 ], [ -37.26993, -4.83581 ], [ -37.26448, -4.83442 ], [ -37.2638, -4.83424 ], [ -37.25945, -4.83313 ], [ -37.25871, -4.83294 ], [ -37.25789, -4.83273 ], [ -37.25439, -4.83184 ], [ -37.25439, -4.83184 ], [ -37.25329, -4.83156 ], [ -37.25266, -4.83139 ], [ -37.25262, -4.83138 ], [ -37.25237, -4.83157 ], [ -37.25174, -4.83224 ], [ -37.25155, -4.83258 ], [ -37.25144, -4.83277 ], [ -37.25127, -4.83306 ], [ -37.25111, -4.83331 ], [ -37.25088, -4.83372 ], [ -37.25068, -4.8341 ], [ -37.25022, -4.83495 ], [ -37.24963, -4.8359 ], [ -37.24904, -4.83717 ], [ -37.24792, -4.83929 ], [ -37.24737, -4.84011 ], [ -37.24702, -4.84078 ], [ -37.24663, -4.84135 ], [ -37.24643, -4.84165 ], [ -37.2459, -4.84246 ], [ -37.24549, -4.84309 ], [ -37.24482, -4.84421 ], [ -37.24446, -4.84478 ], [ -37.2443, -4.84503 ], [ -37.24377, -4.84581 ], [ -37.24301, -4.84721 ], [ -37.2429, -4.84741 ], [ -37.24204, -4.84887 ], [ -37.24129, -4.85013 ], [ -37.24102, -4.85059 ], [ -37.24052, -4.85142 ], [ -37.23959, -4.85326 ], [ -37.23889, -4.85448 ], [ -37.23799, -4.85592 ], [ -37.23734, -4.85699 ], [ -37.23633, -4.85864 ] ] ] } },
{ "type": "Feature", "properties": { "CD_MUN": "2414100", "NM_MUN": "Tenente Ananias", "CD_RGI": "240010", "NM_RGI": "Pau dos Ferros", "CD_RGINT": "2403", "NM_RGINT": "Mossoró", "CD_UF": "24", "NM_UF": "Rio Grande do Norte", "SIGLA_UF": "RN", "CD_REGIA": "2", "NM_REGIA": "Nordeste", "SIGLA_RG": "NE", "CD_CONCU": null, "NM_CONCU": null, "AREA_KM2": 223.671 }, "geometry": { "type": "Polygon", "coordinates": [ [ [ -38.23485, -6.47032 ], [ -38.25115, -6.43391 ], [ -38.25268, -6.41838 ], [ -38.23845, -6.38559 ], [ -38.20311, -6.38078 ], [ -38.19552, -6.36818 ], [ -38.19147, -6.36657 ], [ -38.18836, -6.36173 ], [ -38.18229, -6.36815 ], [ -38.16471, -6.38676 ], [ -38.12561, -6.36724 ], [ -38.1213, -6.37217 ], [ -38.10645, -6.37849 ], [ -38.10968, -6.39777 ], [ -38.1104, -6.40211 ], [ -38.10556, -6.41069 ], [ -38.09172, -6.41528 ], [ -38.09804, -6.42941 ], [ -38.09787, -6.43125 ], [ -38.09681, -6.4428 ], [ -38.08983, -6.45596 ], [ -38.08482, -6.459 ], [ -38.07713, -6.46366 ], [ -38.07087, -6.46393 ], [ -38.07344, -6.46816 ], [ -38.07564, -6.47333 ], [ -38.07832, -6.47559 ], [ -38.07907, -6.47683 ], [ -38.08143, -6.48349 ], [ -38.08302, -6.48589 ], [ -38.08558, -6.48819 ], [ -38.09007, -6.491 ], [ -38.0954, -6.49359 ], [ -38.09594, -6.49608 ], [ -38.09586, -6.49903 ], [ -38.09663, -6.50546 ], [ -38.09713, -6.50815 ], [ -38.09799, -6.50949 ], [ -38.10234, -6.51191 ], [ -38.10613, -6.51688 ], [ -38.1132, -6.52132 ], [ -38.11706, -6.52267 ], [ -38.12021, -6.52238 ], [ -38.125, -6.52194 ], [ -38.13323, -6.52001 ], [ -38.13552, -6.51848 ], [ -38.13724, -6.51547 ], [ -38.13812, -6.51278 ], [ -38.13912, -6.50594 ], [ -38.14143, -6.50218 ], [ -38.14509, -6.49417 ], [ -38.14788, -6.49149 ], [ -38.14896, -6.49171 ], [ -38.15675, -6.49626 ], [ -38.15848, -6.49639 ], [ -38.15979, -6.4986 ], [ -38.16117, -6.49911 ], [ -38.16241, -6.49895 ], [ -38.16435, -6.49764 ], [ -38.16904, -6.50002 ], [ -38.17068, -6.49995 ], [ -38.17319, -6.49983 ], [ -38.18745, -6.49919 ], [ -38.19173, -6.49859 ], [ -38.19226, -6.49833 ], [ -38.19359, -6.4971 ], [ -38.19607, -6.49335 ], [ -38.19916, -6.48958 ], [ -38.20055, -6.48828 ], [ -38.20273, -6.48762 ], [ -38.20573, -6.48697 ], [ -38.21166, -6.48637 ], [ -38.22712, -6.48395 ], [ -38.22758, -6.48388 ], [ -38.22902, -6.48335 ], [ -38.23485, -6.47032 ] ] ] } },
{ "type": "Feature", "properties": { "CD_MUN": "2404903", "NM_MUN": "Itaú", "CD_RGI": "240009", "NM_RGI": "Mossoró", "CD_RGINT": "2403", "NM_RGINT": "Mossoró", "CD_UF": "24", "NM_UF": "Rio Grande do Norte", "SIGLA_UF": "RN", "CD_REGIA": "2", "NM_REGIA": "Nordeste", "SIGLA_RG": "NE", "CD_CONCU": null, "NM_CONCU": null, "AREA_KM2": 133.031 }, "geometry": { "type": "Polygon", "coordinates": [ [ [ -37.9168, -5.85491 ], [ -37.91691, -5.85267 ], [ -37.91711, -5.8527 ], [ -37.91991, -5.85312 ], [ -37.92516, -5.85327 ], [ -37.92709, -5.85397 ], [ -37.92794, -5.85445 ], [ -37.92913, -5.85552 ], [ -37.93019, -5.85622 ], [ -37.93175, -5.85686 ], [ -37.93312, -5.8571 ], [ -37.93521, -5.85673 ], [ -37.93694, -5.85668 ], [ -37.9384, -5.85696 ], [ -37.94234, -5.85887 ], [ -37.94539, -5.86062 ], [ -37.94858, -5.86099 ], [ -37.95026, -5.86248 ], [ -37.951, -5.8635 ], [ -38.00429, -5.85686 ], [ -38.01411, -5.85563 ], [ -38.01392, -5.85495 ], [ -38.01444, -5.85424 ], [ -38.01431, -5.85408 ], [ -38.00929, -5.84837 ], [ -38.00887, -5.84595 ], [ -38.00778, -5.84321 ], [ -38.00687, -5.84199 ], [ -38.00693, -5.84065 ], [ -38.00657, -5.83973 ], [ -38.00584, -5.83912 ], [ -38.00462, -5.83884 ], [ -38.00384, -5.83824 ], [ -38.00287, -5.83701 ], [ -38.0022, -5.83658 ], [ -38.00116, -5.83652 ], [ -37.9997, -5.83798 ], [ -37.99891, -5.83828 ], [ -37.99827, -5.83823 ], [ -37.99785, -5.8382 ], [ -37.9974, -5.83744 ], [ -37.99736, -5.83685 ], [ -37.99683, -5.83583 ], [ -37.99532, -5.8348 ], [ -37.99475, -5.83441 ], [ -37.99367, -5.83218 ], [ -37.993, -5.83129 ], [ -37.99052, -5.82908 ], [ -37.98818, -5.82805 ], [ -37.98697, -5.82818 ], [ -37.98438, -5.82962 ], [ -37.98291, -5.8302 ], [ -37.98013, -5.83318 ], [ -37.97982, -5.83213 ], [ -37.97773, -5.82503 ], [ -37.97517, -5.8163 ], [ -37.9388, -5.79845 ], [ -37.9385, -5.79831 ], [ -37.91953, -5.789 ], [ -37.91458, -5.78657 ], [ -37.91325, -5.78592 ], [ -37.91322, -5.78591 ], [ -37.91285, -5.78572 ], [ -37.91174, -5.78518 ], [ -37.90975, -5.78421 ], [ -37.90903, -5.781 ], [ -37.90843, -5.77833 ], [ -37.90335, -5.75578 ], [ -37.90293, -5.75391 ], [ -37.90202, -5.74986 ], [ -37.88123, -5.69713 ], [ -37.85838, -5.74278 ], [ -37.85741, -5.74472 ], [ -37.85737, -5.74482 ], [ -37.85635, -5.74686 ], [ -37.85608, -5.74738 ], [ -37.87986, -5.75432 ], [ -37.87888, -5.77045 ], [ -37.87824, -5.78087 ], [ -37.87225, -5.87865 ], [ -37.91315, -5.90353 ], [ -37.9136, -5.9024 ], [ -37.91312, -5.90123 ], [ -37.91254, -5.90065 ], [ -37.91285, -5.89954 ], [ -37.91419, -5.8984 ], [ -37.91625, -5.89728 ], [ -37.91712, -5.89647 ], [ -37.91704, -5.89576 ], [ -37.91602, -5.89473 ], [ -37.91609, -5.89362 ], [ -37.9167, -5.89301 ], [ -37.91675, -5.89234 ], [ -37.91563, -5.89138 ], [ -37.91582, -5.88908 ], [ -37.91494, -5.8886 ], [ -37.91453, -5.88735 ], [ -37.91407, -5.88655 ], [ -37.91344, -5.88595 ], [ -37.91332, -5.8853 ], [ -37.91349, -5.8847 ], [ -37.91447, -5.88428 ], [ -37.91495, -5.88337 ], [ -37.91544, -5.88151 ], [ -37.9168, -5.85491 ] ] ] } },
{ "type": "Feature", "properties": { "CD_MUN": "2403608", "NM_MUN": "Extremoz", "CD_RGI": "240001", "NM_RGI": "Natal", "CD_RGINT": "2401", "NM_RGINT": "Natal", "CD_UF": "24", "NM_UF": "Rio Grande do Norte", "SIGLA_UF": "RN", "CD_REGIA": "2", "NM_REGIA": "Nordeste", "SIGLA_RG": "NE", "CD_CONCU": "2408102", "NM_CONCU": "Natal\/RN", "AREA_KM2": 140.639 }, "geometry": { "type": "Polygon", "coordinates": [ [ [ -35.27644, -5.70322 ], [ -35.27721, -5.70441 ], [ -35.28035, -5.70516 ], [ -35.28063, -5.70523 ], [ -35.28149, -5.70598 ], [ -35.2821, -5.70638 ], [ -35.28405, -5.7086 ], [ -35.28516, -5.71016 ], [ -35.28541, -5.71103 ], [ -35.28546, -5.71278 ], [ -35.28561, -5.71798 ], [ -35.28649, -5.72089 ], [ -35.28699, -5.72194 ], [ -35.28963, -5.72365 ], [ -35.29363, -5.72534 ], [ -35.29819, -5.72793 ], [ -35.30119, -5.72915 ], [ -35.30427, -5.73087 ], [ -35.30688, -5.73267 ], [ -35.30817, -5.7345 ], [ -35.30963, -5.73579 ], [ -35.31132, -5.73699 ], [ -35.31321, -5.73797 ], [ -35.31444, -5.73805 ], [ -35.31538, -5.7379 ], [ -35.3166, -5.73739 ], [ -35.31899, -5.73572 ], [ -35.31964, -5.73504 ], [ -35.3208, -5.73447 ], [ -35.32172, -5.73434 ], [ -35.32921, -5.73447 ], [ -35.33236, -5.73496 ], [ -35.33427, -5.73581 ], [ -35.33494, -5.7365 ], [ -35.33661, -5.7377 ], [ -35.33755, -5.73816 ], [ -35.33886, -5.73835 ], [ -35.33982, -5.73823 ], [ -35.34066, -5.73779 ], [ -35.34113, -5.73693 ], [ -35.34182, -5.73494 ], [ -35.34291, -5.73305 ], [ -35.34447, -5.73179 ], [ -35.34633, -5.7309 ], [ -35.35149, -5.73001 ], [ -35.35511, -5.72921 ], [ -35.35802, -5.72894 ], [ -35.3606, -5.72857 ], [ -35.36103, -5.72851 ], [ -35.3516, -5.7156 ], [ -35.33603, -5.6943 ], [ -35.33585, -5.69406 ], [ -35.32576, -5.68027 ], [ -35.32559, -5.68004 ], [ -35.31231, -5.66188 ], [ -35.29323, -5.6358 ], [ -35.29275, -5.63514 ], [ -35.28481, -5.62429 ], [ -35.28044, -5.62337 ], [ -35.27937, -5.62314 ], [ -35.27929, -5.62313 ], [ -35.26915, -5.62099 ], [ -35.23518, -5.61383 ], [ -35.22839, -5.61237 ], [ -35.2277, -5.61225 ], [ -35.22713, -5.61215 ], [ -35.2271, -5.6131 ], [ -35.22689, -5.61415 ], [ -35.22652, -5.6163 ], [ -35.22632, -5.61813 ], [ -35.22604, -5.6195 ], [ -35.22567, -5.62115 ], [ -35.22541, -5.62246 ], [ -35.22506, -5.62348 ], [ -35.225, -5.62368 ], [ -35.22449, -5.62483 ], [ -35.22384, -5.62625 ], [ -35.22321, -5.6274 ], [ -35.22238, -5.62859 ], [ -35.22144, -5.62957 ], [ -35.22106, -5.62984 ], [ -35.2207, -5.63003 ], [ -35.22023, -5.63025 ], [ -35.21989, -5.63038 ], [ -35.21937, -5.63043 ], [ -35.21902, -5.63035 ], [ -35.21883, -5.63025 ], [ -35.21871, -5.63011 ], [ -35.21851, -5.62988 ], [ -35.21833, -5.6297 ], [ -35.21816, -5.62948 ], [ -35.21812, -5.62942 ], [ -35.21793, -5.62916 ], [ -35.21767, -5.62908 ], [ -35.21755, -5.62911 ], [ -35.21737, -5.62919 ], [ -35.21703, -5.62922 ], [ -35.21685, -5.62905 ], [ -35.21682, -5.62873 ], [ -35.21674, -5.62845 ], [ -35.21654, -5.62841 ], [ -35.21636, -5.6284 ], [ -35.21621, -5.62849 ], [ -35.21605, -5.6287 ], [ -35.21583, -5.62905 ], [ -35.21548, -5.62942 ], [ -35.21519, -5.62962 ], [ -35.2145, -5.63003 ], [ -35.21484, -5.63052 ], [ -35.21504, -5.63091 ], [ -35.21524, -5.63064 ], [ -35.21579, -5.63073 ], [ -35.21627, -5.63099 ], [ -35.21665, -5.63124 ], [ -35.21698, -5.63147 ], [ -35.21711, -5.63184 ], [ -35.21712, -5.63293 ], [ -35.21729, -5.63419 ], [ -35.21731, -5.63471 ], [ -35.21733, -5.63541 ], [ -35.21734, -5.63585 ], [ -35.21735, -5.63634 ], [ -35.21742, -5.63712 ], [ -35.21746, -5.63751 ], [ -35.2175, -5.63843 ], [ -35.21753, -5.63926 ], [ -35.21749, -5.64023 ], [ -35.2175, -5.64109 ], [ -35.21754, -5.64207 ], [ -35.21759, -5.64273 ], [ -35.21761, -5.64339 ], [ -35.21771, -5.64411 ], [ -35.21777, -5.64505 ], [ -35.21772, -5.64621 ], [ -35.21773, -5.6467 ], [ -35.21773, -5.6469 ], [ -35.21772, -5.64716 ], [ -35.21766, -5.64786 ], [ -35.21751, -5.64854 ], [ -35.21737, -5.64913 ], [ -35.21716, -5.64965 ], [ -35.21702, -5.65095 ], [ -35.21697, -5.65229 ], [ -35.2168, -5.65283 ], [ -35.21636, -5.65376 ], [ -35.21603, -5.65422 ], [ -35.21603, -5.65444 ], [ -35.21627, -5.65497 ], [ -35.21652, -5.65583 ], [ -35.21661, -5.65648 ], [ -35.21652, -5.65706 ], [ -35.21623, -5.65755 ], [ -35.21603, -5.65788 ], [ -35.21587, -5.65832 ], [ -35.21576, -5.6587 ], [ -35.21597, -5.65911 ], [ -35.21647, -5.65951 ], [ -35.21694, -5.65998 ], [ -35.21732, -5.66068 ], [ -35.21746, -5.66092 ], [ -35.21766, -5.66216 ], [ -35.21772, -5.66309 ], [ -35.21765, -5.66445 ], [ -35.21776, -5.66624 ], [ -35.21764, -5.66735 ], [ -35.21749, -5.66897 ], [ -35.21756, -5.66972 ], [ -35.21762, -5.67106 ], [ -35.21738, -5.67233 ], [ -35.217, -5.67345 ], [ -35.21648, -5.67489 ], [ -35.21619, -5.67638 ], [ -35.21586, -5.67719 ], [ -35.21528, -5.67841 ], [ -35.21514, -5.67872 ], [ -35.21433, -5.68017 ], [ -35.21357, -5.68152 ], [ -35.21276, -5.68312 ], [ -35.21202, -5.68443 ], [ -35.21154, -5.68493 ], [ -35.21107, -5.68534 ], [ -35.21058, -5.6859 ], [ -35.21017, -5.68643 ], [ -35.20857, -5.68851 ], [ -35.20812, -5.68908 ], [ -35.20716, -5.69024 ], [ -35.2057, -5.69192 ], [ -35.20447, -5.69328 ], [ -35.20331, -5.6941 ], [ -35.20255, -5.69455 ], [ -35.20179, -5.69481 ], [ -35.2015, -5.69482 ], [ -35.20127, -5.6948 ], [ -35.20083, -5.6947 ], [ -35.20054, -5.69452 ], [ -35.20031, -5.69433 ], [ -35.20016, -5.69425 ], [ -35.20005, -5.69422 ], [ -35.2, -5.69421 ], [ -35.19988, -5.69421 ], [ -35.1997, -5.69419 ], [ -35.19959, -5.69409 ], [ -35.19949, -5.69398 ], [ -35.19925, -5.69382 ], [ -35.19898, -5.69373 ], [ -35.19875, -5.69365 ], [ -35.19834, -5.69362 ], [ -35.19803, -5.69366 ], [ -35.1978, -5.69374 ], [ -35.1975, -5.69376 ], [ -35.19733, -5.69369 ], [ -35.19707, -5.69343 ], [ -35.19657, -5.6932 ], [ -35.19615, -5.69308 ], [ -35.19587, -5.69308 ], [ -35.19571, -5.69315 ], [ -35.19555, -5.69333 ], [ -35.19547, -5.69352 ], [ -35.19541, -5.69374 ], [ -35.19545, -5.6939 ], [ -35.19544, -5.69402 ], [ -35.19525, -5.69417 ], [ -35.195, -5.69445 ], [ -35.19456, -5.69505 ], [ -35.19442, -5.69539 ], [ -35.19424, -5.69582 ], [ -35.19395, -5.69636 ], [ -35.19383, -5.69695 ], [ -35.19367, -5.69738 ], [ -35.19353, -5.69786 ], [ -35.19332, -5.69851 ], [ -35.19313, -5.69891 ], [ -35.19308, -5.699 ], [ -35.19286, -5.69935 ], [ -35.19264, -5.69971 ], [ -35.1922, -5.70059 ], [ -35.19224, -5.70139 ], [ -35.19241, -5.70208 ], [ -35.19256, -5.70257 ], [ -35.19284, -5.70315 ], [ -35.19325, -5.70352 ], [ -35.19369, -5.70374 ], [ -35.1942, -5.70435 ], [ -35.19469, -5.70498 ], [ -35.195, -5.7057 ], [ -35.1953, -5.70624 ], [ -35.19581, -5.70719 ], [ -35.19594, -5.70806 ], [ -35.19619, -5.70859 ], [ -35.19641, -5.70893 ], [ -35.19679, -5.7099 ], [ -35.19705, -5.71281 ], [ -35.19746, -5.71349 ], [ -35.19869, -5.71533 ], [ -35.19943, -5.71753 ], [ -35.19948, -5.7177 ], [ -35.20036, -5.72086 ], [ -35.20095, -5.72391 ], [ -35.20102, -5.72457 ], [ -35.20127, -5.72658 ], [ -35.20175, -5.72931 ], [ -35.20206, -5.73095 ], [ -35.20278, -5.73337 ], [ -35.20309, -5.7349 ], [ -35.20253, -5.73562 ], [ -35.20253, -5.73609 ], [ -35.20296, -5.73617 ], [ -35.20316, -5.73659 ], [ -35.20332, -5.73777 ], [ -35.20355, -5.74016 ], [ -35.2036, -5.74242 ], [ -35.20363, -5.74324 ], [ -35.20425, -5.74301 ], [ -35.20547, -5.74254 ], [ -35.20551, -5.74247 ], [ -35.20567, -5.74219 ], [ -35.20633, -5.74104 ], [ -35.20785, -5.74023 ], [ -35.20756, -5.73996 ], [ -35.20712, -5.73954 ], [ -35.21065, -5.73704 ], [ -35.21126, -5.73656 ], [ -35.21139, -5.73645 ], [ -35.21152, -5.73629 ], [ -35.21155, -5.73627 ], [ -35.21307, -5.73524 ], [ -35.22607, -5.72725 ], [ -35.2258, -5.72726 ], [ -35.2258, -5.72651 ], [ -35.22587, -5.72648 ], [ -35.22594, -5.72645 ], [ -35.22615, -5.72636 ], [ -35.22649, -5.72621 ], [ -35.22675, -5.7259 ], [ -35.22721, -5.72545 ], [ -35.22733, -5.72526 ], [ -35.2275, -5.7251 ], [ -35.22796, -5.72463 ], [ -35.22856, -5.72423 ], [ -35.2292, -5.72397 ], [ -35.22967, -5.72371 ], [ -35.23004, -5.72294 ], [ -35.23036, -5.72246 ], [ -35.23067, -5.72225 ], [ -35.23106, -5.72204 ], [ -35.23127, -5.72206 ], [ -35.2314, -5.72194 ], [ -35.23155, -5.72148 ], [ -35.23202, -5.7211 ], [ -35.23205, -5.72105 ], [ -35.23209, -5.72098 ], [ -35.23268, -5.72001 ], [ -35.2331, -5.71874 ], [ -35.23317, -5.71853 ], [ -35.23351, -5.7182 ], [ -35.23376, -5.71808 ], [ -35.23408, -5.71792 ], [ -35.23492, -5.71709 ], [ -35.23623, -5.71554 ], [ -35.23638, -5.71538 ], [ -35.23711, -5.7146 ], [ -35.23755, -5.71439 ], [ -35.23772, -5.71446 ], [ -35.23814, -5.71469 ], [ -35.23859, -5.71497 ], [ -35.23904, -5.71514 ], [ -35.23969, -5.71574 ], [ -35.24015, -5.71598 ], [ -35.24041, -5.716 ], [ -35.24061, -5.71603 ], [ -35.24112, -5.71609 ], [ -35.24173, -5.71607 ], [ -35.24195, -5.71635 ], [ -35.24221, -5.71656 ], [ -35.24245, -5.71678 ], [ -35.2429, -5.71683 ], [ -35.24305, -5.71683 ], [ -35.24327, -5.71664 ], [ -35.24365, -5.71632 ], [ -35.24437, -5.71578 ], [ -35.24471, -5.71535 ], [ -35.24497, -5.71503 ], [ -35.24585, -5.71421 ], [ -35.24644, -5.7138 ], [ -35.24673, -5.7134 ], [ -35.24673, -5.71244 ], [ -35.24688, -5.71208 ], [ -35.24751, -5.71164 ], [ -35.24847, -5.71104 ], [ -35.2492, -5.71056 ], [ -35.2499, -5.71016 ], [ -35.25057, -5.70997 ], [ -35.25093, -5.70986 ], [ -35.25157, -5.71004 ], [ -35.25197, -5.71013 ], [ -35.25225, -5.71013 ], [ -35.25246, -5.71001 ], [ -35.25276, -5.70991 ], [ -35.25311, -5.70991 ], [ -35.25342, -5.70993 ], [ -35.25408, -5.71003 ], [ -35.25468, -5.7101 ], [ -35.25533, -5.70981 ], [ -35.25606, -5.70939 ], [ -35.25645, -5.70917 ], [ -35.25674, -5.709 ], [ -35.25725, -5.70855 ], [ -35.25801, -5.70794 ], [ -35.25807, -5.70789 ], [ -35.25995, -5.70621 ], [ -35.26032, -5.70706 ], [ -35.26033, -5.70707 ], [ -35.26037, -5.70719 ], [ -35.26159, -5.7061 ], [ -35.26356, -5.70507 ], [ -35.26554, -5.70405 ], [ -35.26944, -5.70185 ], [ -35.27413, -5.7007 ], [ -35.27544, -5.70062 ], [ -35.27601, -5.70091 ], [ -35.27624, -5.70132 ], [ -35.27644, -5.70322 ] ] ] } },
{ "type": "Feature", "properties": { "CD_MUN": "2414159", "NM_MUN": "Tenente Laurentino Cruz", "CD_RGI": "240008", "NM_RGI": "Currais Novos", "CD_RGINT": "2402", "NM_RGINT": "Caicó", "CD_UF": "24", "NM_UF": "Rio Grande do Norte", "SIGLA_UF": "RN", "CD_REGIA": "2", "NM_REGIA": "Nordeste", "SIGLA_RG": "NE", "CD_CONCU": null, "NM_CONCU": null, "AREA_KM2": 68.556 }, "geometry": { "type": "Polygon", "coordinates": [ [ [ -36.70133, -6.15054 ], [ -36.70115, -6.1543 ], [ -36.69997, -6.16371 ], [ -36.69996, -6.16375 ], [ -36.70568, -6.16829 ], [ -36.70537, -6.1802 ], [ -36.70562, -6.18297 ], [ -36.70721, -6.18838 ], [ -36.70913, -6.19021 ], [ -36.71232, -6.19155 ], [ -36.71292, -6.1918 ], [ -36.71504, -6.19363 ], [ -36.71604, -6.19628 ], [ -36.71577, -6.19896 ], [ -36.71352, -6.20524 ], [ -36.70274, -6.21988 ], [ -36.70261, -6.22006 ], [ -36.70297, -6.22087 ], [ -36.7037, -6.22076 ], [ -36.70747, -6.22024 ], [ -36.71267, -6.218 ], [ -36.72745, -6.21379 ], [ -36.73024, -6.21339 ], [ -36.7381, -6.21351 ], [ -36.73989, -6.21283 ], [ -36.74145, -6.21074 ], [ -36.74279, -6.20993 ], [ -36.74704, -6.20737 ], [ -36.76384, -6.20264 ], [ -36.7675, -6.20183 ], [ -36.77001, -6.20188 ], [ -36.7723, -6.20116 ], [ -36.77496, -6.19934 ], [ -36.77744, -6.19725 ], [ -36.77913, -6.19703 ], [ -36.78288, -6.19704 ], [ -36.78544, -6.19668 ], [ -36.78676, -6.1951 ], [ -36.78571, -6.19462 ], [ -36.78464, -6.19385 ], [ -36.78334, -6.19216 ], [ -36.78267, -6.19035 ], [ -36.7823, -6.18935 ], [ -36.78084, -6.18836 ], [ -36.77998, -6.1885 ], [ -36.77795, -6.18763 ], [ -36.77658, -6.18631 ], [ -36.77548, -6.18559 ], [ -36.77284, -6.18483 ], [ -36.77045, -6.18327 ], [ -36.76798, -6.18196 ], [ -36.76278, -6.18079 ], [ -36.76145, -6.17905 ], [ -36.75959, -6.17515 ], [ -36.75895, -6.17332 ], [ -36.75717, -6.17159 ], [ -36.75579, -6.16836 ], [ -36.75501, -6.16465 ], [ -36.75414, -6.1633 ], [ -36.75339, -6.16306 ], [ -36.75195, -6.16336 ], [ -36.7512, -6.16374 ], [ -36.74989, -6.16482 ], [ -36.74926, -6.1649 ], [ -36.74729, -6.16449 ], [ -36.74556, -6.16388 ], [ -36.7394, -6.15912 ], [ -36.72974, -6.14977 ], [ -36.72832, -6.1447 ], [ -36.72813, -6.14402 ], [ -36.72604, -6.13652 ], [ -36.72681, -6.13506 ], [ -36.72781, -6.1338 ], [ -36.72818, -6.13224 ], [ -36.7282, -6.13101 ], [ -36.72867, -6.12966 ], [ -36.72889, -6.12813 ], [ -36.73015, -6.12572 ], [ -36.73189, -6.12125 ], [ -36.732, -6.1202 ], [ -36.73134, -6.11657 ], [ -36.73131, -6.11502 ], [ -36.73153, -6.11291 ], [ -36.7322, -6.11051 ], [ -36.73268, -6.11019 ], [ -36.73356, -6.11034 ], [ -36.73697, -6.11206 ], [ -36.73862, -6.11227 ], [ -36.73917, -6.11219 ], [ -36.73931, -6.11178 ], [ -36.73888, -6.11088 ], [ -36.7383, -6.11028 ], [ -36.73592, -6.10849 ], [ -36.73384, -6.10761 ], [ -36.732, -6.10647 ], [ -36.73105, -6.1053 ], [ -36.73053, -6.10393 ], [ -36.73007, -6.10357 ], [ -36.72903, -6.10348 ], [ -36.7279, -6.10356 ], [ -36.72717, -6.10385 ], [ -36.72661, -6.10375 ], [ -36.72567, -6.10086 ], [ -36.72477, -6.10011 ], [ -36.72348, -6.09963 ], [ -36.72239, -6.09846 ], [ -36.72124, -6.09649 ], [ -36.71989, -6.09526 ], [ -36.71491, -6.09982 ], [ -36.71016, -6.10185 ], [ -36.70175, -6.10448 ], [ -36.69546, -6.10542 ], [ -36.69366, -6.104 ], [ -36.69341, -6.1037 ], [ -36.68765, -6.10572 ], [ -36.67843, -6.10895 ], [ -36.67842, -6.10895 ], [ -36.66875, -6.11234 ], [ -36.65327, -6.11184 ], [ -36.65318, -6.11208 ], [ -36.68282, -6.12774 ], [ -36.68316, -6.12808 ], [ -36.70059, -6.14533 ], [ -36.70031, -6.14813 ], [ -36.70133, -6.15054 ] ] ] } },
{ "type": "Feature", "properties": { "CD_MUN": "2409506", "NM_MUN": "Pedra Grande", "CD_RGI": "240005", "NM_RGI": "João Câmara", "CD_RGINT": "2401", "NM_RGINT": "Natal", "CD_UF": "24", "NM_UF": "Rio Grande do Norte", "SIGLA_UF": "RN", "CD_REGIA": "2", "NM_REGIA": "Nordeste", "SIGLA_RG": "NE", "CD_CONCU": null, "NM_CONCU": null, "AREA_KM2": 221.167 }, "geometry": { "type": "Polygon", "coordinates": [ [ [ -35.84509, -5.07139 ], [ -35.84424, -5.07167 ], [ -35.8426, -5.07213 ], [ -35.84119, -5.07255 ], [ -35.84006, -5.07285 ], [ -35.8388, -5.07321 ], [ -35.8376, -5.07347 ], [ -35.83654, -5.0737 ], [ -35.83529, -5.07395 ], [ -35.83465, -5.07416 ], [ -35.83388, -5.07442 ], [ -35.83281, -5.07473 ], [ -35.83178, -5.07491 ], [ -35.83063, -5.07508 ], [ -35.82955, -5.07525 ], [ -35.82882, -5.07522 ], [ -35.82824, -5.07522 ], [ -35.82726, -5.07512 ], [ -35.82616, -5.07493 ], [ -35.82485, -5.07468 ], [ -35.82368, -5.07443 ], [ -35.82284, -5.0743 ], [ -35.82244, -5.07424 ], [ -35.82192, -5.07416 ], [ -35.82174, -5.07413 ], [ -35.821, -5.07404 ], [ -35.82002, -5.07396 ], [ -35.81888, -5.07393 ], [ -35.8178, -5.07397 ], [ -35.8177, -5.07398 ], [ -35.81699, -5.07402 ], [ -35.81619, -5.07402 ], [ -35.81531, -5.074 ], [ -35.81377, -5.07404 ], [ -35.81278, -5.07394 ], [ -35.81183, -5.07387 ], [ -35.81092, -5.07372 ], [ -35.81041, -5.07361 ], [ -35.81003, -5.07353 ], [ -35.80959, -5.07342 ], [ -35.80912, -5.0733 ], [ -35.8089, -5.0732 ], [ -35.80868, -5.07308 ], [ -35.80839, -5.07295 ], [ -35.80815, -5.07287 ], [ -35.80781, -5.07289 ], [ -35.80743, -5.07296 ], [ -35.80697, -5.07313 ], [ -35.80653, -5.07322 ], [ -35.80613, -5.0733 ], [ -35.80566, -5.07329 ], [ -35.80535, -5.07326 ], [ -35.80485, -5.07319 ], [ -35.80441, -5.07308 ], [ -35.8041, -5.07297 ], [ -35.80357, -5.07293 ], [ -35.80306, -5.07309 ], [ -35.80276, -5.0732 ], [ -35.80262, -5.07325 ], [ -35.80225, -5.07344 ], [ -35.80184, -5.07383 ], [ -35.80137, -5.07424 ], [ -35.80068, -5.07483 ], [ -35.79987, -5.07543 ], [ -35.79893, -5.07599 ], [ -35.79826, -5.07641 ], [ -35.79703, -5.07694 ], [ -35.79582, -5.07733 ], [ -35.79474, -5.07759 ], [ -35.79354, -5.07772 ], [ -35.79201, -5.07758 ], [ -35.79092, -5.0774 ], [ -35.80552, -5.12467 ], [ -35.82848, -5.19905 ], [ -35.83186, -5.21002 ], [ -35.83899, -5.21164 ], [ -35.91203, -5.22825 ], [ -35.91464, -5.22885 ], [ -35.95215, -5.23738 ], [ -35.93668, -5.17467 ], [ -35.93553, -5.17209 ], [ -35.93597, -5.17176 ], [ -35.91387, -5.08219 ], [ -35.90826, -5.05948 ], [ -35.90817, -5.05948 ], [ -35.90798, -5.0595 ], [ -35.90753, -5.05957 ], [ -35.90713, -5.0597 ], [ -35.90668, -5.05986 ], [ -35.90607, -5.06007 ], [ -35.90542, -5.06039 ], [ -35.9047, -5.06074 ], [ -35.90382, -5.06125 ], [ -35.90378, -5.06127 ], [ -35.90286, -5.06162 ], [ -35.90192, -5.06198 ], [ -35.90106, -5.06229 ], [ -35.90013, -5.06256 ], [ -35.8992, -5.06282 ], [ -35.89817, -5.06311 ], [ -35.8971, -5.0634 ], [ -35.89665, -5.06352 ], [ -35.89576, -5.06376 ], [ -35.89514, -5.06397 ], [ -35.89357, -5.06449 ], [ -35.89197, -5.06494 ], [ -35.89035, -5.06543 ], [ -35.88924, -5.06578 ], [ -35.88816, -5.0661 ], [ -35.88713, -5.0664 ], [ -35.88608, -5.06668 ], [ -35.88525, -5.06685 ], [ -35.88481, -5.06694 ], [ -35.88362, -5.06714 ], [ -35.88287, -5.06729 ], [ -35.88193, -5.06746 ], [ -35.88101, -5.06764 ], [ -35.88002, -5.06783 ], [ -35.87941, -5.06796 ], [ -35.87916, -5.06801 ], [ -35.87855, -5.06808 ], [ -35.87793, -5.06815 ], [ -35.87717, -5.06819 ], [ -35.87647, -5.06824 ], [ -35.87609, -5.06825 ], [ -35.87555, -5.06826 ], [ -35.87513, -5.0683 ], [ -35.87471, -5.06832 ], [ -35.87437, -5.06835 ], [ -35.87408, -5.0684 ], [ -35.87363, -5.06848 ], [ -35.8732, -5.06852 ], [ -35.87281, -5.06854 ], [ -35.87246, -5.06854 ], [ -35.87201, -5.0685 ], [ -35.87156, -5.06849 ], [ -35.87123, -5.06848 ], [ -35.87111, -5.06847 ], [ -35.87074, -5.06848 ], [ -35.87055, -5.0685 ], [ -35.8704, -5.06851 ], [ -35.87012, -5.06854 ], [ -35.86978, -5.06857 ], [ -35.86947, -5.0686 ], [ -35.86915, -5.06862 ], [ -35.86873, -5.06864 ], [ -35.86812, -5.06867 ], [ -35.86764, -5.0687 ], [ -35.8672, -5.0687 ], [ -35.86671, -5.06866 ], [ -35.86626, -5.06863 ], [ -35.86553, -5.06854 ], [ -35.86511, -5.06853 ], [ -35.86472, -5.06852 ], [ -35.86442, -5.06847 ], [ -35.86411, -5.06839 ], [ -35.86393, -5.06829 ], [ -35.86372, -5.06813 ], [ -35.86352, -5.06798 ], [ -35.86325, -5.06775 ], [ -35.86293, -5.06749 ], [ -35.86276, -5.06741 ], [ -35.86245, -5.06739 ], [ -35.86206, -5.06741 ], [ -35.8615, -5.06744 ], [ -35.86091, -5.0675 ], [ -35.86075, -5.06751 ], [ -35.86015, -5.06755 ], [ -35.85966, -5.06757 ], [ -35.85898, -5.06767 ], [ -35.85876, -5.06771 ], [ -35.85838, -5.06781 ], [ -35.8582, -5.06787 ], [ -35.85781, -5.068 ], [ -35.8573, -5.06814 ], [ -35.85697, -5.06819 ], [ -35.85657, -5.06827 ], [ -35.85591, -5.06847 ], [ -35.85516, -5.06872 ], [ -35.85458, -5.06892 ], [ -35.85415, -5.06901 ], [ -35.85368, -5.06906 ], [ -35.85281, -5.06915 ], [ -35.85275, -5.06916 ], [ -35.85236, -5.06922 ], [ -35.85158, -5.06937 ], [ -35.85087, -5.06951 ], [ -35.85013, -5.06973 ], [ -35.84866, -5.07018 ], [ -35.84719, -5.07063 ], [ -35.84542, -5.07128 ], [ -35.84509, -5.07139 ] ] ] } },
{ "type": "Feature", "properties": { "CD_MUN": "2402303", "NM_MUN": "Caraúbas", "CD_RGI": "240009", "NM_RGI": "Mossoró", "CD_RGINT": "2403", "NM_RGINT": "Mossoró", "CD_UF": "24", "NM_UF": "Rio Grande do Norte", "SIGLA_UF": "RN", "CD_REGIA": "2", "NM_REGIA": "Nordeste", "SIGLA_RG": "NE", "CD_CONCU": null, "NM_CONCU": null, "AREA_KM2": 1094.488 }, "geometry": { "type": "Polygon", "coordinates": [ [ [ -37.57856, -5.5716 ], [ -37.49324, -5.56684 ], [ -37.44212, -5.58693 ], [ -37.44448, -5.61199 ], [ -37.44541, -5.62162 ], [ -37.44598, -5.62762 ], [ -37.44867, -5.62731 ], [ -37.46745, -5.75228 ], [ -37.46063, -5.8039 ], [ -37.46059, -5.80417 ], [ -37.45445, -5.8505 ], [ -37.44751, -5.90272 ], [ -37.44882, -5.90251 ], [ -37.44958, -5.90154 ], [ -37.44926, -5.90019 ], [ -37.44986, -5.89949 ], [ -37.45126, -5.89982 ], [ -37.45239, -5.89982 ], [ -37.45379, -5.89939 ], [ -37.45589, -5.90021 ], [ -37.45713, -5.90032 ], [ -37.45805, -5.90011 ], [ -37.46031, -5.9006 ], [ -37.46233, -5.90061 ], [ -37.46385, -5.90002 ], [ -37.46533, -5.90013 ], [ -37.46668, -5.89921 ], [ -37.46752, -5.89897 ], [ -37.46892, -5.89957 ], [ -37.46943, -5.89948 ], [ -37.46986, -5.89924 ], [ -37.47046, -5.89822 ], [ -37.47094, -5.89827 ], [ -37.47175, -5.89887 ], [ -37.47329, -5.89939 ], [ -37.47663, -5.89959 ], [ -37.47768, -5.89891 ], [ -37.47923, -5.89667 ], [ -37.4799, -5.89625 ], [ -37.48071, -5.89617 ], [ -37.48217, -5.89706 ], [ -37.48462, -5.89568 ], [ -37.48651, -5.89531 ], [ -37.48768, -5.89407 ], [ -37.48851, -5.89399 ], [ -37.48951, -5.89421 ], [ -37.49097, -5.89397 ], [ -37.4931, -5.89395 ], [ -37.49412, -5.89417 ], [ -37.49458, -5.89458 ], [ -37.49514, -5.89566 ], [ -37.49536, -5.89652 ], [ -37.49676, -5.89772 ], [ -37.49883, -5.90064 ], [ -37.49893, -5.90129 ], [ -37.49882, -5.90234 ], [ -37.49912, -5.90296 ], [ -37.49987, -5.90334 ], [ -37.50095, -5.90359 ], [ -37.50143, -5.90483 ], [ -37.50213, -5.90562 ], [ -37.50289, -5.90613 ], [ -37.50467, -5.90668 ], [ -37.50891, -5.90757 ], [ -37.50958, -5.91017 ], [ -37.50885, -5.9107 ], [ -37.50867, -5.91112 ], [ -37.50897, -5.91134 ], [ -37.5099, -5.91083 ], [ -37.51084, -5.91066 ], [ -37.51104, -5.91178 ], [ -37.51059, -5.9129 ], [ -37.51069, -5.91355 ], [ -37.51089, -5.91366 ], [ -37.51138, -5.91323 ], [ -37.51251, -5.91141 ], [ -37.51281, -5.9106 ], [ -37.51319, -5.91066 ], [ -37.51344, -5.91098 ], [ -37.51357, -5.91211 ], [ -37.51339, -5.91374 ], [ -37.51541, -5.91184 ], [ -37.51552, -5.91099 ], [ -37.51574, -5.91057 ], [ -37.51621, -5.91022 ], [ -37.51729, -5.91024 ], [ -37.51769, -5.90997 ], [ -37.51839, -5.90987 ], [ -37.51866, -5.91018 ], [ -37.51861, -5.91075 ], [ -37.51786, -5.91307 ], [ -37.51803, -5.91313 ], [ -37.51868, -5.9126 ], [ -37.51933, -5.91183 ], [ -37.5206, -5.91266 ], [ -37.52062, -5.91303 ], [ -37.51958, -5.91378 ], [ -37.52087, -5.91463 ], [ -37.52082, -5.91496 ], [ -37.52037, -5.91546 ], [ -37.52032, -5.91586 ], [ -37.52086, -5.91736 ], [ -37.52109, -5.91751 ], [ -37.52225, -5.91597 ], [ -37.52326, -5.91641 ], [ -37.52401, -5.91722 ], [ -37.52576, -5.91755 ], [ -37.52739, -5.91925 ], [ -37.5274, -5.91978 ], [ -37.52695, -5.92041 ], [ -37.527, -5.92078 ], [ -37.52795, -5.92041 ], [ -37.52852, -5.92063 ], [ -37.52887, -5.92154 ], [ -37.52864, -5.92231 ], [ -37.52889, -5.92244 ], [ -37.52971, -5.92239 ], [ -37.53071, -5.92424 ], [ -37.53176, -5.92432 ], [ -37.53213, -5.92415 ], [ -37.53216, -5.92375 ], [ -37.53163, -5.92307 ], [ -37.53221, -5.92272 ], [ -37.53213, -5.92235 ], [ -37.53102, -5.92145 ], [ -37.53027, -5.92061 ], [ -37.52962, -5.92039 ], [ -37.52932, -5.91999 ], [ -37.52905, -5.91873 ], [ -37.52823, -5.91761 ], [ -37.52795, -5.91668 ], [ -37.52811, -5.91658 ], [ -37.5297, -5.91881 ], [ -37.53022, -5.91983 ], [ -37.53406, -5.92309 ], [ -37.53495, -5.92447 ], [ -37.53704, -5.92843 ], [ -37.54978, -5.94967 ], [ -37.55461, -5.95894 ], [ -37.55785, -5.96185 ], [ -37.56015, -5.96336 ], [ -37.56539, -5.96562 ], [ -37.56884, -5.96518 ], [ -37.5708, -5.96558 ], [ -37.57274, -5.96649 ], [ -37.57479, -5.96845 ], [ -37.58317, -5.9793 ], [ -37.58603, -5.98085 ], [ -37.5931, -5.98192 ], [ -37.64858, -5.94131 ], [ -37.71299, -5.91906 ], [ -37.73379, -5.91187 ], [ -37.73367, -5.91171 ], [ -37.72999, -5.86315 ], [ -37.72584, -5.80729 ], [ -37.72333, -5.77356 ], [ -37.72087, -5.74046 ], [ -37.71456, -5.73161 ], [ -37.71075, -5.72627 ], [ -37.70956, -5.72518 ], [ -37.70772, -5.72126 ], [ -37.70751, -5.71779 ], [ -37.70526, -5.70849 ], [ -37.69974, -5.68567 ], [ -37.69799, -5.67996 ], [ -37.6973, -5.67868 ], [ -37.69508, -5.67544 ], [ -37.69461, -5.67475 ], [ -37.69443, -5.67449 ], [ -37.69425, -5.67423 ], [ -37.69375, -5.67289 ], [ -37.69177, -5.66769 ], [ -37.69157, -5.6604 ], [ -37.69288, -5.65811 ], [ -37.69158, -5.65637 ], [ -37.69126, -5.65517 ], [ -37.69159, -5.65321 ], [ -37.68964, -5.65114 ], [ -37.68671, -5.64939 ], [ -37.68541, -5.6505 ], [ -37.68411, -5.65028 ], [ -37.68161, -5.65065 ], [ -37.67998, -5.64962 ], [ -37.67923, -5.64693 ], [ -37.67815, -5.64508 ], [ -37.67768, -5.64078 ], [ -37.67635, -5.63791 ], [ -37.67645, -5.63514 ], [ -37.6762, -5.63476 ], [ -37.67616, -5.63478 ], [ -37.67537, -5.63427 ], [ -37.67504, -5.63406 ], [ -37.67496, -5.63411 ], [ -37.67462, -5.63413 ], [ -37.67458, -5.63405 ], [ -37.67456, -5.63393 ], [ -37.6745, -5.63378 ], [ -37.67444, -5.63368 ], [ -37.67435, -5.63348 ], [ -37.67421, -5.63353 ], [ -37.67392, -5.63334 ], [ -37.6738, -5.63332 ], [ -37.67333, -5.63321 ], [ -37.67337, -5.63299 ], [ -37.67298, -5.63274 ], [ -37.65824, -5.6233 ], [ -37.58389, -5.57568 ], [ -37.57871, -5.57236 ], [ -37.57864, -5.57201 ], [ -37.57864, -5.57201 ], [ -37.57856, -5.5716 ], [ -37.57856, -5.5716 ] ] ] } },
{ "type": "Feature", "properties": { "CD_MUN": "2410603", "NM_MUN": "Rafael Godeiro", "CD_RGI": "240010", "NM_RGI": "Pau dos Ferros", "CD_RGINT": "2403", "NM_RGINT": "Mossoró", "CD_UF": "24", "NM_UF": "Rio Grande do Norte", "SIGLA_UF": "RN", "CD_REGIA": "2", "NM_REGIA": "Nordeste", "SIGLA_RG": "NE", "CD_CONCU": null, "NM_CONCU": null, "AREA_KM2": 100.073 }, "geometry": { "type": "Polygon", "coordinates": [ [ [ -37.75098, -6.10125 ], [ -37.75286, -6.09731 ], [ -37.75504, -6.09495 ], [ -37.75702, -6.09447 ], [ -37.75926, -6.09315 ], [ -37.76232, -6.09279 ], [ -37.76128, -6.09016 ], [ -37.7595, -6.0888 ], [ -37.75719, -6.08791 ], [ -37.75861, -6.08597 ], [ -37.76194, -6.08432 ], [ -37.76511, -6.0773 ], [ -37.77218, -6.0707 ], [ -37.77326, -6.06785 ], [ -37.77736, -6.06778 ], [ -37.77756, -6.06445 ], [ -37.77721, -6.06345 ], [ -37.77745, -6.06067 ], [ -37.7778, -6.05976 ], [ -37.7785, -6.05892 ], [ -37.78028, -6.05548 ], [ -37.77936, -6.05296 ], [ -37.77932, -6.05212 ], [ -37.77991, -6.04951 ], [ -37.78045, -6.04809 ], [ -37.78269, -6.04632 ], [ -37.78362, -6.04404 ], [ -37.78409, -6.04145 ], [ -37.78297, -6.0407 ], [ -37.78228, -6.03851 ], [ -37.78275, -6.0371 ], [ -37.78193, -6.03599 ], [ -37.78205, -6.03459 ], [ -37.78147, -6.03353 ], [ -37.78022, -6.02875 ], [ -37.77962, -6.0259 ], [ -37.77957, -6.02466 ], [ -37.77901, -6.02319 ], [ -37.77818, -6.02172 ], [ -37.778, -6.02155 ], [ -37.77785, -6.0214 ], [ -37.77689, -6.02043 ], [ -37.77672, -6.01955 ], [ -37.77862, -6.01848 ], [ -37.77926, -6.01784 ], [ -37.77964, -6.0169 ], [ -37.77973, -6.01539 ], [ -37.77947, -6.01447 ], [ -37.7785, -6.01312 ], [ -37.77767, -6.01163 ], [ -37.77668, -6.00923 ], [ -37.77563, -6.00769 ], [ -37.77448, -6.00717 ], [ -37.77348, -6.00694 ], [ -37.77243, -6.00638 ], [ -37.77209, -6.00596 ], [ -37.77159, -6.00471 ], [ -37.77174, -6.00285 ], [ -37.77224, -6.00184 ], [ -37.77138, -6.00194 ], [ -37.76949, -6.00276 ], [ -37.76879, -6.003 ], [ -37.76655, -6.00374 ], [ -37.76372, -6.00521 ], [ -37.76009, -6.00638 ], [ -37.75639, -6.00627 ], [ -37.75412, -6.00772 ], [ -37.75246, -6.00775 ], [ -37.74858, -6.0087 ], [ -37.74788, -6.00836 ], [ -37.74747, -6.00994 ], [ -37.7471, -6.01025 ], [ -37.74507, -6.01153 ], [ -37.74382, -6.0116 ], [ -37.74267, -6.01201 ], [ -37.74075, -6.01317 ], [ -37.73973, -6.01671 ], [ -37.73942, -6.01731 ], [ -37.7394, -6.01775 ], [ -37.74073, -6.02008 ], [ -37.74094, -6.02081 ], [ -37.74089, -6.02132 ], [ -37.73998, -6.02272 ], [ -37.73987, -6.02329 ], [ -37.73598, -6.02476 ], [ -37.73528, -6.02543 ], [ -37.73427, -6.02683 ], [ -37.73469, -6.0275 ], [ -37.73544, -6.02813 ], [ -37.7357, -6.0287 ], [ -37.73575, -6.02986 ], [ -37.73553, -6.03142 ], [ -37.73494, -6.03302 ], [ -37.73468, -6.03328 ], [ -37.73414, -6.03312 ], [ -37.73335, -6.0325 ], [ -37.73285, -6.03249 ], [ -37.73184, -6.03519 ], [ -37.72854, -6.03296 ], [ -37.727, -6.03284 ], [ -37.72611, -6.03341 ], [ -37.72558, -6.03548 ], [ -37.72498, -6.03651 ], [ -37.72256, -6.03671 ], [ -37.72208, -6.03722 ], [ -37.72196, -6.04055 ], [ -37.72166, -6.04113 ], [ -37.7188, -6.04243 ], [ -37.7174, -6.04327 ], [ -37.7164, -6.04407 ], [ -37.71563, -6.04522 ], [ -37.71509, -6.04556 ], [ -37.71368, -6.04573 ], [ -37.71166, -6.04728 ], [ -37.70995, -6.04782 ], [ -37.70864, -6.04937 ], [ -37.70618, -6.04857 ], [ -37.70463, -6.04844 ], [ -37.70219, -6.04928 ], [ -37.70081, -6.05058 ], [ -37.7003, -6.05023 ], [ -37.69833, -6.0497 ], [ -37.69445, -6.04966 ], [ -37.68925, -6.04875 ], [ -37.6854, -6.04787 ], [ -37.68358, -6.04709 ], [ -37.68109, -6.04674 ], [ -37.67976, -6.04693 ], [ -37.67488, -6.04705 ], [ -37.67245, -6.04793 ], [ -37.67256, -6.04902 ], [ -37.67442, -6.0676 ], [ -37.68764, -6.10931 ], [ -37.69428, -6.11833 ], [ -37.70372, -6.12786 ], [ -37.70383, -6.12807 ], [ -37.70491, -6.12844 ], [ -37.70804, -6.12804 ], [ -37.71106, -6.13082 ], [ -37.7422, -6.12174 ], [ -37.74429, -6.11652 ], [ -37.74595, -6.11492 ], [ -37.74795, -6.11131 ], [ -37.74796, -6.10825 ], [ -37.75003, -6.10487 ], [ -37.75075, -6.10173 ], [ -37.75098, -6.10125 ] ] ] } },
{ "type": "Feature", "properties": { "CD_MUN": "2401008", "NM_MUN": "Apodi", "CD_RGI": "240009", "NM_RGI": "Mossoró", "CD_RGINT": "2403", "NM_RGINT": "Mossoró", "CD_UF": "24", "NM_UF": "Rio Grande do Norte", "SIGLA_UF": "RN", "CD_REGIA": "2", "NM_REGIA": "Nordeste", "SIGLA_RG": "NE", "CD_CONCU": null, "NM_CONCU": null, "AREA_KM2": 1569.146 }, "geometry": { "type": "Polygon", "coordinates": [ [ [ -37.69974, -5.68567 ], [ -37.70526, -5.70849 ], [ -37.70751, -5.71779 ], [ -37.70772, -5.72126 ], [ -37.70956, -5.72518 ], [ -37.71075, -5.72627 ], [ -37.71456, -5.73161 ], [ -37.72087, -5.74046 ], [ -37.72333, -5.77356 ], [ -37.72584, -5.80729 ], [ -37.72999, -5.86315 ], [ -37.73367, -5.91171 ], [ -37.73379, -5.91187 ], [ -37.73385, -5.91195 ], [ -37.73734, -5.91006 ], [ -37.7642, -5.89557 ], [ -37.76522, -5.89585 ], [ -37.82556, -5.91266 ], [ -37.86112, -5.9256 ], [ -37.88318, -5.93437 ], [ -37.89684, -5.9398 ], [ -37.89803, -5.93792 ], [ -37.89819, -5.93632 ], [ -37.89963, -5.93422 ], [ -37.90017, -5.9318 ], [ -37.90005, -5.93128 ], [ -37.89737, -5.92919 ], [ -37.89742, -5.9279 ], [ -37.89918, -5.92724 ], [ -37.90118, -5.92719 ], [ -37.90349, -5.92431 ], [ -37.90639, -5.92202 ], [ -37.90788, -5.91783 ], [ -37.91032, -5.91687 ], [ -37.91202, -5.91406 ], [ -37.9127, -5.91373 ], [ -37.91244, -5.91044 ], [ -37.91315, -5.90353 ], [ -37.87225, -5.87865 ], [ -37.87824, -5.78087 ], [ -37.87888, -5.77045 ], [ -37.87986, -5.75432 ], [ -37.85608, -5.74738 ], [ -37.85635, -5.74686 ], [ -37.85737, -5.74482 ], [ -37.85741, -5.74472 ], [ -37.85838, -5.74278 ], [ -37.88123, -5.69713 ], [ -37.88132, -5.69695 ], [ -37.88231, -5.69727 ], [ -37.93751, -5.71529 ], [ -37.93883, -5.71573 ], [ -37.95137, -5.71982 ], [ -37.95187, -5.71999 ], [ -37.97438, -5.72734 ], [ -37.99049, -5.7326 ], [ -37.99189, -5.73306 ], [ -38.05859, -5.75485 ], [ -38.05859, -5.75479 ], [ -38.05858, -5.75467 ], [ -38.05857, -5.75447 ], [ -38.05857, -5.75444 ], [ -38.05838, -5.75109 ], [ -38.05754, -5.74816 ], [ -38.05518, -5.74497 ], [ -38.0511, -5.74182 ], [ -38.04965, -5.73982 ], [ -38.04688, -5.73294 ], [ -38.04701, -5.73026 ], [ -38.05056, -5.7283 ], [ -38.05059, -5.72828 ], [ -38.05748, -5.72974 ], [ -38.0575, -5.72975 ], [ -38.06176, -5.72525 ], [ -38.06177, -5.72524 ], [ -38.06342, -5.72486 ], [ -38.06835, -5.72545 ], [ -38.07324, -5.72357 ], [ -38.07523, -5.72347 ], [ -38.08016, -5.72551 ], [ -38.08484, -5.72931 ], [ -38.08717, -5.73052 ], [ -38.08824, -5.73004 ], [ -38.08895, -5.72809 ], [ -38.0901, -5.72048 ], [ -38.09014, -5.72023 ], [ -38.08969, -5.71485 ], [ -38.08284, -5.6984 ], [ -38.08453, -5.68426 ], [ -38.08412, -5.67739 ], [ -38.08287, -5.67255 ], [ -38.08284, -5.67244 ], [ -38.08273, -5.67214 ], [ -38.08199, -5.67012 ], [ -38.07927, -5.66612 ], [ -38.07585, -5.66306 ], [ -38.0676, -5.65872 ], [ -38.06425, -5.65632 ], [ -38.05338, -5.6461 ], [ -38.04918, -5.64402 ], [ -38.04628, -5.64325 ], [ -38.03719, -5.63969 ], [ -38.03668, -5.63949 ], [ -38.03574, -5.63858 ], [ -38.03427, -5.63715 ], [ -38.03193, -5.63272 ], [ -38.02807, -5.62332 ], [ -38.02781, -5.62271 ], [ -38.02406, -5.61356 ], [ -38.01396, -5.5944 ], [ -38.01016, -5.59139 ], [ -37.99943, -5.58653 ], [ -37.99833, -5.58532 ], [ -37.99906, -5.58148 ], [ -37.99868, -5.57802 ], [ -37.99868, -5.57802 ], [ -37.9995, -5.57539 ], [ -37.99967, -5.57483 ], [ -37.99789, -5.56809 ], [ -37.99778, -5.56794 ], [ -37.9957, -5.56517 ], [ -37.99318, -5.55929 ], [ -37.99004, -5.5558 ], [ -37.98725, -5.55449 ], [ -37.9852, -5.55436 ], [ -37.97569, -5.55077 ], [ -37.97189, -5.54881 ], [ -37.96927, -5.54598 ], [ -37.96424, -5.54336 ], [ -37.96017, -5.54021 ], [ -37.95062, -5.53661 ], [ -37.94806, -5.53464 ], [ -37.94571, -5.53127 ], [ -37.94449, -5.52725 ], [ -37.94165, -5.52355 ], [ -37.93815, -5.5129 ], [ -37.9347, -5.50528 ], [ -37.93263, -5.50311 ], [ -37.93096, -5.50224 ], [ -37.92727, -5.50223 ], [ -37.92459, -5.50277 ], [ -37.92457, -5.50278 ], [ -37.9204, -5.50537 ], [ -37.92038, -5.50537 ], [ -37.91749, -5.50536 ], [ -37.91062, -5.50394 ], [ -37.90995, -5.50328 ], [ -37.90547, -5.50142 ], [ -37.90513, -5.50128 ], [ -37.90478, -5.50114 ], [ -37.90225, -5.50066 ], [ -37.90158, -5.49979 ], [ -37.90199, -5.49751 ], [ -37.90153, -5.49547 ], [ -37.90149, -5.49526 ], [ -37.90068, -5.4916 ], [ -37.90042, -5.49044 ], [ -37.89842, -5.48588 ], [ -37.89686, -5.48435 ], [ -37.89267, -5.48163 ], [ -37.89223, -5.48076 ], [ -37.88954, -5.45229 ], [ -37.88888, -5.44935 ], [ -37.88648, -5.44383 ], [ -37.88377, -5.43945 ], [ -37.88124, -5.4362 ], [ -37.88123, -5.43618 ], [ -37.8808, -5.43529 ], [ -37.87698, -5.42739 ], [ -37.87096, -5.42031 ], [ -37.86421, -5.41237 ], [ -37.86325, -5.41091 ], [ -37.86048, -5.40669 ], [ -37.86067, -5.40189 ], [ -37.85932, -5.39573 ], [ -37.86272, -5.38172 ], [ -37.86428, -5.37835 ], [ -37.86374, -5.37409 ], [ -37.85864, -5.3672 ], [ -37.85846, -5.36531 ], [ -37.85766, -5.35672 ], [ -37.84747, -5.34002 ], [ -37.83571, -5.33539 ], [ -37.82287, -5.32294 ], [ -37.8128, -5.31657 ], [ -37.64221, -5.41516 ], [ -37.6431, -5.41639 ], [ -37.64364, -5.41588 ], [ -37.65566, -5.43239 ], [ -37.69168, -5.48189 ], [ -37.71162, -5.50929 ], [ -37.76144, -5.57774 ], [ -37.76106, -5.57801 ], [ -37.73388, -5.59704 ], [ -37.71842, -5.60787 ], [ -37.70267, -5.6179 ], [ -37.70165, -5.61855 ], [ -37.69952, -5.61991 ], [ -37.6762, -5.63476 ], [ -37.67645, -5.63514 ], [ -37.67635, -5.63791 ], [ -37.67768, -5.64078 ], [ -37.67815, -5.64508 ], [ -37.67923, -5.64693 ], [ -37.67998, -5.64962 ], [ -37.68161, -5.65065 ], [ -37.68411, -5.65028 ], [ -37.68541, -5.6505 ], [ -37.68671, -5.64939 ], [ -37.68964, -5.65114 ], [ -37.69159, -5.65321 ], [ -37.69126, -5.65517 ], [ -37.69158, -5.65637 ], [ -37.69288, -5.65811 ], [ -37.69157, -5.6604 ], [ -37.69177, -5.66769 ], [ -37.69375, -5.67289 ], [ -37.69425, -5.67423 ], [ -37.69443, -5.67449 ], [ -37.69461, -5.67475 ], [ -37.69508, -5.67544 ], [ -37.6973, -5.67868 ], [ -37.69799, -5.67996 ], [ -37.69974, -5.68567 ] ] ] } },
{ "type": "Feature", "properties": { "CD_MUN": "2411908", "NM_MUN": "São Francisco do Oeste", "CD_RGI": "240010", "NM_RGI": "Pau dos Ferros", "CD_RGINT": "2403", "NM_RGINT": "Mossoró", "CD_UF": "24", "NM_UF": "Rio Grande do Norte", "SIGLA_UF": "RN", "CD_REGIA": "2", "NM_REGIA": "Nordeste", "SIGLA_RG": "NE", "CD_CONCU": null, "NM_CONCU": null, "AREA_KM2": 75.588 }, "geometry": { "type": "Polygon", "coordinates": [ [ [ -38.16226, -5.99799 ], [ -38.16347, -5.99811 ], [ -38.16448, -5.99896 ], [ -38.16548, -6.00048 ], [ -38.16564, -6.00224 ], [ -38.16603, -6.0025 ], [ -38.16601, -6.00294 ], [ -38.16513, -6.00513 ], [ -38.16275, -6.00843 ], [ -38.16303, -6.00919 ], [ -38.16546, -6.00969 ], [ -38.16659, -6.01069 ], [ -38.16705, -6.01205 ], [ -38.16999, -6.01311 ], [ -38.17193, -6.01441 ], [ -38.17342, -6.01452 ], [ -38.1758, -6.01307 ], [ -38.17781, -6.01287 ], [ -38.18083, -6.01408 ], [ -38.18346, -6.01574 ], [ -38.18433, -6.01804 ], [ -38.18423, -6.0201 ], [ -38.18365, -6.0214 ], [ -38.18388, -6.02597 ], [ -38.183, -6.03061 ], [ -38.18336, -6.03268 ], [ -38.18627, -6.0353 ], [ -38.18797, -6.0351 ], [ -38.18977, -6.03621 ], [ -38.19215, -6.0418 ], [ -38.19158, -6.04335 ], [ -38.18946, -6.04498 ], [ -38.18944, -6.04628 ], [ -38.19553, -6.04109 ], [ -38.19592, -6.04076 ], [ -38.21546, -6.02411 ], [ -38.25217, -6.01016 ], [ -38.24944, -6.00535 ], [ -38.24531, -6.00204 ], [ -38.2445, -5.99946 ], [ -38.2445, -5.99946 ], [ -38.23003, -5.98687 ], [ -38.22143, -5.97938 ], [ -38.22143, -5.97938 ], [ -38.21841, -5.97727 ], [ -38.21802, -5.977 ], [ -38.21728, -5.97588 ], [ -38.21448, -5.9743 ], [ -38.21183, -5.97134 ], [ -38.20852, -5.96653 ], [ -38.20602, -5.96435 ], [ -38.202, -5.9621 ], [ -38.19855, -5.96145 ], [ -38.19237, -5.95956 ], [ -38.18957, -5.95734 ], [ -38.18358, -5.95022 ], [ -38.18079, -5.95085 ], [ -38.18077, -5.95086 ], [ -38.17759, -5.95347 ], [ -38.17758, -5.95347 ], [ -38.17543, -5.9534 ], [ -38.17397, -5.95267 ], [ -38.17108, -5.94969 ], [ -38.16479, -5.94653 ], [ -38.16378, -5.94544 ], [ -38.16315, -5.94361 ], [ -38.16315, -5.94361 ], [ -38.16301, -5.94056 ], [ -38.16349, -5.9389 ], [ -38.15757, -5.93834 ], [ -38.15304, -5.93888 ], [ -38.14914, -5.93878 ], [ -38.14317, -5.94001 ], [ -38.1421, -5.93981 ], [ -38.13965, -5.9374 ], [ -38.13747, -5.93639 ], [ -38.13242, -5.93901 ], [ -38.13211, -5.93988 ], [ -38.13024, -5.93967 ], [ -38.12743, -5.9406 ], [ -38.12302, -5.94105 ], [ -38.12163, -5.9417 ], [ -38.12309, -5.94515 ], [ -38.12306, -5.94571 ], [ -38.12154, -5.94583 ], [ -38.1201, -5.94605 ], [ -38.11896, -5.9468 ], [ -38.11844, -5.94796 ], [ -38.11612, -5.9493 ], [ -38.11597, -5.95016 ], [ -38.11789, -5.95174 ], [ -38.11801, -5.95246 ], [ -38.11769, -5.95442 ], [ -38.11547, -5.95462 ], [ -38.11485, -5.95567 ], [ -38.11453, -5.95915 ], [ -38.11687, -5.96099 ], [ -38.11842, -5.96119 ], [ -38.11992, -5.96104 ], [ -38.12188, -5.9587 ], [ -38.12372, -5.95909 ], [ -38.12475, -5.96015 ], [ -38.12696, -5.96471 ], [ -38.12739, -5.96747 ], [ -38.12806, -5.96863 ], [ -38.12899, -5.96978 ], [ -38.13079, -5.97079 ], [ -38.13656, -5.97195 ], [ -38.14444, -5.97226 ], [ -38.14593, -5.97271 ], [ -38.14732, -5.97387 ], [ -38.14843, -5.97654 ], [ -38.14788, -5.97997 ], [ -38.14837, -5.98139 ], [ -38.15162, -5.9838 ], [ -38.15566, -5.98591 ], [ -38.15669, -5.98897 ], [ -38.15612, -5.99148 ], [ -38.15779, -5.99473 ], [ -38.16058, -5.99676 ], [ -38.16191, -5.99795 ], [ -38.16226, -5.99799 ] ] ] } },
{ "type": "Feature", "properties": { "CD_MUN": "2413706", "NM_MUN": "Sítio Novo", "CD_RGI": "240004", "NM_RGI": "Santa Cruz", "CD_RGINT": "2401", "NM_RGINT": "Natal", "CD_UF": "24", "NM_UF": "Rio Grande do Norte", "SIGLA_UF": "RN", "CD_REGIA": "2", "NM_REGIA": "Nordeste", "SIGLA_RG": "NE", "CD_CONCU": null, "NM_CONCU": null, "AREA_KM2": 213.456 }, "geometry": { "type": "Polygon", "coordinates": [ [ [ -35.9853, -6.14662 ], [ -35.98656, -6.14522 ], [ -35.98688, -6.14422 ], [ -35.987, -6.14292 ], [ -35.98534, -6.13856 ], [ -35.98283, -6.13444 ], [ -35.98124, -6.12756 ], [ -35.98094, -6.12427 ], [ -35.98297, -6.11461 ], [ -35.9845, -6.11246 ], [ -35.98621, -6.11114 ], [ -35.98761, -6.10716 ], [ -35.98759, -6.10325 ], [ -35.98656, -6.1014 ], [ -35.98644, -6.10118 ], [ -35.98646, -6.09828 ], [ -35.98719, -6.09759 ], [ -35.98955, -6.09666 ], [ -35.99061, -6.09573 ], [ -35.99154, -6.09427 ], [ -35.99389, -6.09181 ], [ -35.99607, -6.08812 ], [ -35.99802, -6.08658 ], [ -35.99952, -6.08631 ], [ -36.00098, -6.08666 ], [ -36.00472, -6.08867 ], [ -36.00572, -6.08868 ], [ -36.0071, -6.08774 ], [ -36.01378, -6.08228 ], [ -36.01679, -6.07928 ], [ -36.01838, -6.07741 ], [ -36.01933, -6.07663 ], [ -36.02273, -6.07507 ], [ -36.02474, -6.07365 ], [ -36.02578, -6.07253 ], [ -36.02742, -6.07027 ], [ -36.02841, -6.06939 ], [ -36.02954, -6.06939 ], [ -36.03183, -6.06939 ], [ -35.96793, -6.03481 ], [ -35.94318, -6.02093 ], [ -35.9248, -6.01063 ], [ -35.88127, -6.03726 ], [ -35.87884, -6.03875 ], [ -35.87165, -6.04315 ], [ -35.82253, -6.07318 ], [ -35.82321, -6.07436 ], [ -35.89503, -6.14121 ], [ -35.91821, -6.16279 ], [ -35.92533, -6.16401 ], [ -35.9275, -6.16407 ], [ -35.92837, -6.16441 ], [ -35.92952, -6.16545 ], [ -35.93061, -6.16813 ], [ -35.93151, -6.16827 ], [ -35.93735, -6.16577 ], [ -35.93908, -6.16569 ], [ -35.94055, -6.16592 ], [ -35.94279, -6.16674 ], [ -35.94926, -6.17015 ], [ -35.95367, -6.17059 ], [ -35.9586, -6.17018 ], [ -35.9646, -6.1716 ], [ -35.96689, -6.17182 ], [ -35.9677, -6.17143 ], [ -35.96802, -6.17059 ], [ -35.96755, -6.16684 ], [ -35.96787, -6.16538 ], [ -35.96819, -6.15961 ], [ -35.96771, -6.15742 ], [ -35.96729, -6.15665 ], [ -35.96623, -6.15618 ], [ -35.96402, -6.1556 ], [ -35.96244, -6.15576 ], [ -35.96088, -6.15562 ], [ -35.95958, -6.15501 ], [ -35.95941, -6.15387 ], [ -35.96001, -6.15329 ], [ -35.96019, -6.15312 ], [ -35.96217, -6.15278 ], [ -35.96242, -6.15239 ], [ -35.9617, -6.14857 ], [ -35.96227, -6.14788 ], [ -35.96333, -6.14756 ], [ -35.96443, -6.14809 ], [ -35.96533, -6.14901 ], [ -35.9668, -6.14816 ], [ -35.96908, -6.14731 ], [ -35.96973, -6.14753 ], [ -35.97035, -6.14822 ], [ -35.97076, -6.14928 ], [ -35.97144, -6.14962 ], [ -35.97232, -6.14951 ], [ -35.97435, -6.14888 ], [ -35.97618, -6.14887 ], [ -35.9787, -6.14771 ], [ -35.97984, -6.14656 ], [ -35.98041, -6.14694 ], [ -35.98156, -6.14838 ], [ -35.98233, -6.14875 ], [ -35.9847, -6.14729 ], [ -35.9853, -6.14662 ] ] ] } },
{ "type": "Feature", "properties": { "CD_MUN": "2407807", "NM_MUN": "Monte Alegre", "CD_RGI": "240001", "NM_RGI": "Natal", "CD_RGINT": "2401", "NM_RGINT": "Natal", "CD_UF": "24", "NM_UF": "Rio Grande do Norte", "SIGLA_UF": "RN", "CD_REGIA": "2", "NM_REGIA": "Nordeste", "SIGLA_RG": "NE", "CD_CONCU": null, "NM_CONCU": null, "AREA_KM2": 211.259 }, "geometry": { "type": "Polygon", "coordinates": [ [ [ -35.30522, -6.08568 ], [ -35.31151, -6.09873 ], [ -35.31422, -6.10436 ], [ -35.31544, -6.1069 ], [ -35.32207, -6.10926 ], [ -35.32261, -6.10945 ], [ -35.32355, -6.12212 ], [ -35.32359, -6.12271 ], [ -35.32609, -6.14083 ], [ -35.33046, -6.14344 ], [ -35.34259, -6.16421 ], [ -35.34042, -6.16487 ], [ -35.35238, -6.18197 ], [ -35.38139, -6.15846 ], [ -35.41351, -6.13242 ], [ -35.41395, -6.13263 ], [ -35.41475, -6.13301 ], [ -35.41713, -6.13339 ], [ -35.42095, -6.13331 ], [ -35.42332, -6.13269 ], [ -35.42415, -6.13302 ], [ -35.42539, -6.13391 ], [ -35.43146, -6.13522 ], [ -35.43157, -6.13524 ], [ -35.43239, -6.13542 ], [ -35.43317, -6.1363 ], [ -35.43479, -6.13951 ], [ -35.43584, -6.14022 ], [ -35.43849, -6.13943 ], [ -35.44153, -6.13909 ], [ -35.44374, -6.14055 ], [ -35.45027, -6.13489 ], [ -35.45208, -6.13332 ], [ -35.46555, -6.12164 ], [ -35.46554, -6.12161 ], [ -35.4656, -6.12161 ], [ -35.4698, -6.12155 ], [ -35.47144, -6.12152 ], [ -35.47219, -6.12151 ], [ -35.47354, -6.12123 ], [ -35.47373, -6.12132 ], [ -35.47384, -6.12128 ], [ -35.47385, -6.12128 ], [ -35.47462, -6.12099 ], [ -35.47508, -6.12082 ], [ -35.4757, -6.12059 ], [ -35.47578, -6.12056 ], [ -35.47604, -6.12046 ], [ -35.47633, -6.12035 ], [ -35.47663, -6.12023 ], [ -35.47693, -6.11992 ], [ -35.47693, -6.11992 ], [ -35.47723, -6.11962 ], [ -35.47745, -6.11952 ], [ -35.47766, -6.11949 ], [ -35.47836, -6.11945 ], [ -35.47836, -6.11913 ], [ -35.47862, -6.11843 ], [ -35.4788, -6.11818 ], [ -35.4788, -6.11817 ], [ -35.47881, -6.11816 ], [ -35.47912, -6.1178 ], [ -35.47957, -6.11769 ], [ -35.47888, -6.11738 ], [ -35.47719, -6.11659 ], [ -35.47716, -6.11604 ], [ -35.48323, -6.11444 ], [ -35.48406, -6.1155 ], [ -35.48549, -6.11872 ], [ -35.48987, -6.11352 ], [ -35.49515, -6.11242 ], [ -35.50022, -6.11215 ], [ -35.50574, -6.10739 ], [ -35.50821, -6.10448 ], [ -35.50947, -6.10359 ], [ -35.51066, -6.10308 ], [ -35.51308, -6.10275 ], [ -35.51358, -6.10212 ], [ -35.51433, -6.10047 ], [ -35.51584, -6.09939 ], [ -35.51769, -6.0973 ], [ -35.51856, -6.0966 ], [ -35.52089, -6.09577 ], [ -35.52145, -6.09508 ], [ -35.52183, -6.09425 ], [ -35.52286, -6.09324 ], [ -35.52518, -6.09171 ], [ -35.52648, -6.09057 ], [ -35.52652, -6.09054 ], [ -35.53112, -6.09198 ], [ -35.53172, -6.09164 ], [ -35.5342, -6.09023 ], [ -35.53484, -6.08967 ], [ -35.53601, -6.08811 ], [ -35.53642, -6.08701 ], [ -35.53638, -6.08584 ], [ -35.53603, -6.08401 ], [ -35.53605, -6.08312 ], [ -35.53793, -6.08078 ], [ -35.53681, -6.07674 ], [ -35.53665, -6.07536 ], [ -35.53705, -6.07444 ], [ -35.53799, -6.07317 ], [ -35.54086, -6.06644 ], [ -35.54244, -6.06025 ], [ -35.54286, -6.05931 ], [ -35.54338, -6.05816 ], [ -35.54474, -6.05645 ], [ -35.54492, -6.05622 ], [ -35.54493, -6.05621 ], [ -35.54539, -6.05564 ], [ -35.54539, -6.05563 ], [ -35.54357, -6.05491 ], [ -35.54344, -6.05486 ], [ -35.54341, -6.05485 ], [ -35.54315, -6.05474 ], [ -35.5415, -6.05409 ], [ -35.5415, -6.05409 ], [ -35.54149, -6.05409 ], [ -35.54084, -6.0541 ], [ -35.54, -6.05412 ], [ -35.53999, -6.05412 ], [ -35.53955, -6.05404 ], [ -35.53954, -6.05403 ], [ -35.53896, -6.05366 ], [ -35.53895, -6.05366 ], [ -35.53827, -6.05302 ], [ -35.5378, -6.05287 ], [ -35.53779, -6.05287 ], [ -35.53733, -6.05272 ], [ -35.53568, -6.05302 ], [ -35.53434, -6.05309 ], [ -35.53083, -6.05308 ], [ -35.52578, -6.05326 ], [ -35.52352, -6.05358 ], [ -35.5214, -6.05371 ], [ -35.51892, -6.05354 ], [ -35.51674, -6.05308 ], [ -35.51556, -6.05262 ], [ -35.51384, -6.05154 ], [ -35.51257, -6.05111 ], [ -35.51044, -6.05099 ], [ -35.50873, -6.05135 ], [ -35.50868, -6.05334 ], [ -35.50753, -6.05334 ], [ -35.50533, -6.05413 ], [ -35.50384, -6.05442 ], [ -35.502, -6.05461 ], [ -35.50126, -6.05477 ], [ -35.50064, -6.05508 ], [ -35.50024, -6.05518 ], [ -35.49996, -6.05543 ], [ -35.49987, -6.05633 ], [ -35.49968, -6.05683 ], [ -35.49864, -6.05855 ], [ -35.49836, -6.05886 ], [ -35.4965, -6.05986 ], [ -35.49538, -6.06089 ], [ -35.49402, -6.06127 ], [ -35.49312, -6.06118 ], [ -35.49259, -6.06088 ], [ -35.49203, -6.06075 ], [ -35.49141, -6.06076 ], [ -35.49037, -6.06138 ], [ -35.48963, -6.06251 ], [ -35.48838, -6.06295 ], [ -35.49163, -6.06964 ], [ -35.49264, -6.07453 ], [ -35.49204, -6.07419 ], [ -35.49173, -6.07413 ], [ -35.49111, -6.07403 ], [ -35.48924, -6.07411 ], [ -35.48766, -6.0737 ], [ -35.48611, -6.07292 ], [ -35.48378, -6.07232 ], [ -35.47835, -6.07267 ], [ -35.47608, -6.07195 ], [ -35.47408, -6.073 ], [ -35.47105, -6.07319 ], [ -35.46121, -6.07736 ], [ -35.46121, -6.07736 ], [ -35.46121, -6.07736 ], [ -35.4612, -6.07736 ], [ -35.4612, -6.07736 ], [ -35.46112, -6.07738 ], [ -35.46099, -6.07741 ], [ -35.46086, -6.07744 ], [ -35.46073, -6.07747 ], [ -35.46072, -6.07747 ], [ -35.46071, -6.07748 ], [ -35.4607, -6.07748 ], [ -35.46068, -6.07748 ], [ -35.46066, -6.07749 ], [ -35.46065, -6.07749 ], [ -35.46064, -6.07749 ], [ -35.46063, -6.07749 ], [ -35.46061, -6.0775 ], [ -35.46059, -6.0775 ], [ -35.46057, -6.07751 ], [ -35.46055, -6.07751 ], [ -35.46054, -6.07752 ], [ -35.46052, -6.07752 ], [ -35.46051, -6.07752 ], [ -35.46049, -6.07753 ], [ -35.46047, -6.07753 ], [ -35.46046, -6.07753 ], [ -35.46044, -6.07754 ], [ -35.46043, -6.07754 ], [ -35.46041, -6.07754 ], [ -35.4604, -6.07755 ], [ -35.4604, -6.07755 ], [ -35.46039, -6.07755 ], [ -35.46039, -6.07755 ], [ -35.46028, -6.07758 ], [ -35.46028, -6.07758 ], [ -35.45977, -6.0777 ], [ -35.45925, -6.07782 ], [ -35.45923, -6.07782 ], [ -35.45922, -6.07783 ], [ -35.45921, -6.07783 ], [ -35.45921, -6.07783 ], [ -35.4592, -6.07783 ], [ -35.4592, -6.07783 ], [ -35.45919, -6.07783 ], [ -35.45918, -6.07783 ], [ -35.45917, -6.07784 ], [ -35.45916, -6.07784 ], [ -35.45916, -6.07784 ], [ -35.45915, -6.07784 ], [ -35.45908, -6.07786 ], [ -35.45901, -6.07788 ], [ -35.45893, -6.07789 ], [ -35.45886, -6.07791 ], [ -35.45878, -6.07793 ], [ -35.4587, -6.07795 ], [ -35.45867, -6.07795 ], [ -35.45863, -6.07796 ], [ -35.45859, -6.07797 ], [ -35.45855, -6.07798 ], [ -35.45851, -6.07799 ], [ -35.45846, -6.078 ], [ -35.45838, -6.07802 ], [ -35.4583, -6.07804 ], [ -35.45822, -6.07806 ], [ -35.45814, -6.07808 ], [ -35.45806, -6.0781 ], [ -35.45798, -6.07812 ], [ -35.45789, -6.07814 ], [ -35.45662, -6.07844 ], [ -35.45656, -6.07845 ], [ -35.45656, -6.07845 ], [ -35.45129, -6.0774 ], [ -35.44913, -6.07499 ], [ -35.44435, -6.07039 ], [ -35.44318, -6.06773 ], [ -35.44264, -6.0619 ], [ -35.43743, -6.06374 ], [ -35.43635, -6.06412 ], [ -35.43221, -6.06546 ], [ -35.43069, -6.05733 ], [ -35.42996, -6.05349 ], [ -35.42955, -6.0513 ], [ -35.42939, -6.05048 ], [ -35.42936, -6.05043 ], [ -35.42921, -6.0502 ], [ -35.42901, -6.04987 ], [ -35.42854, -6.0491 ], [ -35.42784, -6.04795 ], [ -35.4268, -6.04622 ], [ -35.42674, -6.04622 ], [ -35.4246, -6.04645 ], [ -35.42227, -6.04748 ], [ -35.42024, -6.04788 ], [ -35.41487, -6.05236 ], [ -35.4116, -6.05379 ], [ -35.40683, -6.05303 ], [ -35.40316, -6.05273 ], [ -35.39917, -6.05111 ], [ -35.39417, -6.05113 ], [ -35.39129, -6.05184 ], [ -35.38896, -6.05443 ], [ -35.38718, -6.05867 ], [ -35.38242, -6.06017 ], [ -35.37946, -6.06089 ], [ -35.375, -6.06005 ], [ -35.37078, -6.05952 ], [ -35.36789, -6.05852 ], [ -35.36633, -6.05884 ], [ -35.36514, -6.05553 ], [ -35.36472, -6.05574 ], [ -35.36057, -6.057 ], [ -35.35342, -6.04993 ], [ -35.32326, -6.04825 ], [ -35.31947, -6.04906 ], [ -35.31952, -6.05482 ], [ -35.31013, -6.06189 ], [ -35.29843, -6.0664 ], [ -35.29866, -6.07206 ], [ -35.30522, -6.08568 ] ] ] } },
{ "type": "Feature", "properties": { "CD_MUN": "2404101", "NM_MUN": "Galinhos", "CD_RGI": "240005", "NM_RGI": "João Câmara", "CD_RGINT": "2401", "NM_RGINT": "Natal", "CD_UF": "24", "NM_UF": "Rio Grande do Norte", "SIGLA_UF": "RN", "CD_REGIA": "2", "NM_REGIA": "Nordeste", "SIGLA_RG": "NE", "CD_CONCU": null, "NM_CONCU": null, "AREA_KM2": 340.769 }, "geometry": { "type": "Polygon", "coordinates": [ [ [ -36.27868, -5.09079 ], [ -36.27765, -5.09069 ], [ -36.27681, -5.09054 ], [ -36.27645, -5.0904 ], [ -36.27624, -5.09018 ], [ -36.27602, -5.08985 ], [ -36.2759, -5.08952 ], [ -36.27584, -5.08933 ], [ -36.27576, -5.08887 ], [ -36.27581, -5.08871 ], [ -36.27589, -5.08858 ], [ -36.2759, -5.08851 ], [ -36.27579, -5.08848 ], [ -36.27505, -5.0887 ], [ -36.27456, -5.08885 ], [ -36.27363, -5.08909 ], [ -36.27294, -5.0893 ], [ -36.27172, -5.08967 ], [ -36.27161, -5.08971 ], [ -36.27047, -5.09007 ], [ -36.26877, -5.0906 ], [ -36.26623, -5.09153 ], [ -36.26328, -5.09255 ], [ -36.26263, -5.09275 ], [ -36.26139, -5.09313 ], [ -36.2585, -5.09387 ], [ -36.2583, -5.09392 ], [ -36.25668, -5.09429 ], [ -36.25319, -5.09499 ], [ -36.25188, -5.09517 ], [ -36.2502, -5.09542 ], [ -36.249, -5.09563 ], [ -36.24763, -5.0958 ], [ -36.24674, -5.09595 ], [ -36.24573, -5.09603 ], [ -36.24469, -5.0961 ], [ -36.24371, -5.0961 ], [ -36.24254, -5.09604 ], [ -36.24162, -5.09593 ], [ -36.24083, -5.09574 ], [ -36.24021, -5.09555 ], [ -36.2399, -5.0954 ], [ -36.23974, -5.09514 ], [ -36.23965, -5.09489 ], [ -36.23964, -5.09472 ], [ -36.23958, -5.09461 ], [ -36.2395, -5.09456 ], [ -36.23939, -5.09452 ], [ -36.2392, -5.09449 ], [ -36.23879, -5.09448 ], [ -36.23819, -5.09445 ], [ -36.23751, -5.09453 ], [ -36.23685, -5.09459 ], [ -36.23586, -5.09469 ], [ -36.2346, -5.09483 ], [ -36.23352, -5.09497 ], [ -36.23265, -5.09507 ], [ -36.23183, -5.09515 ], [ -36.23073, -5.09524 ], [ -36.22998, -5.0953 ], [ -36.2292, -5.09533 ], [ -36.22861, -5.09536 ], [ -36.22811, -5.09537 ], [ -36.22748, -5.09539 ], [ -36.22689, -5.09544 ], [ -36.22602, -5.09549 ], [ -36.22515, -5.09556 ], [ -36.22451, -5.0956 ], [ -36.22377, -5.09562 ], [ -36.22306, -5.09567 ], [ -36.22247, -5.09571 ], [ -36.22202, -5.09572 ], [ -36.22125, -5.09572 ], [ -36.22056, -5.09575 ], [ -36.21954, -5.09575 ], [ -36.21921, -5.0958 ], [ -36.21866, -5.09582 ], [ -36.21823, -5.09582 ], [ -36.21759, -5.0958 ], [ -36.21698, -5.09577 ], [ -36.21646, -5.09574 ], [ -36.21589, -5.09572 ], [ -36.21544, -5.09571 ], [ -36.21489, -5.09572 ], [ -36.21427, -5.09573 ], [ -36.21265, -5.09567 ], [ -36.21094, -5.09559 ], [ -36.21023, -5.09556 ], [ -36.20943, -5.09551 ], [ -36.2087, -5.09546 ], [ -36.20747, -5.09536 ], [ -36.20697, -5.09534 ], [ -36.20657, -5.09534 ], [ -36.2062, -5.09535 ], [ -36.20592, -5.09536 ], [ -36.20504, -5.09527 ], [ -36.20399, -5.09521 ], [ -36.20263, -5.0951 ], [ -36.20201, -5.09508 ], [ -36.20147, -5.09506 ], [ -36.2009, -5.09506 ], [ -36.19957, -5.09506 ], [ -36.19876, -5.09508 ], [ -36.19753, -5.09515 ], [ -36.19687, -5.0952 ], [ -36.19596, -5.09527 ], [ -36.19504, -5.09537 ], [ -36.19416, -5.09545 ], [ -36.1936, -5.09545 ], [ -36.19245, -5.0955 ], [ -36.19191, -5.09549 ], [ -36.19132, -5.09548 ], [ -36.19031, -5.09538 ], [ -36.18967, -5.09535 ], [ -36.18904, -5.09535 ], [ -36.18795, -5.09543 ], [ -36.18759, -5.09547 ], [ -36.18686, -5.09557 ], [ -36.18607, -5.09568 ], [ -36.18514, -5.09579 ], [ -36.18506, -5.0958 ], [ -36.18431, -5.09585 ], [ -36.18337, -5.09586 ], [ -36.18217, -5.0958 ], [ -36.18162, -5.09578 ], [ -36.18103, -5.09574 ], [ -36.18063, -5.09573 ], [ -36.17981, -5.09578 ], [ -36.17913, -5.09583 ], [ -36.17791, -5.0959 ], [ -36.17671, -5.09593 ], [ -36.176, -5.09595 ], [ -36.17497, -5.09601 ], [ -36.17412, -5.09606 ], [ -36.1732, -5.09613 ], [ -36.17218, -5.09622 ], [ -36.17132, -5.09628 ], [ -36.17015, -5.09637 ], [ -36.16952, -5.09638 ], [ -36.16855, -5.09642 ], [ -36.16733, -5.09647 ], [ -36.16608, -5.09652 ], [ -36.16449, -5.09654 ], [ -36.16304, -5.09656 ], [ -36.16179, -5.09657 ], [ -36.16054, -5.09655 ], [ -36.15886, -5.09643 ], [ -36.15688, -5.09629 ], [ -36.15479, -5.0961 ], [ -36.15341, -5.09595 ], [ -36.15183, -5.09579 ], [ -36.15074, -5.09566 ], [ -36.14916, -5.09549 ], [ -36.14827, -5.0954 ], [ -36.14726, -5.0953 ], [ -36.14607, -5.0952 ], [ -36.14534, -5.09513 ], [ -36.14487, -5.09507 ], [ -36.14418, -5.09497 ], [ -36.14344, -5.09484 ], [ -36.14235, -5.09464 ], [ -36.14165, -5.09452 ], [ -36.14097, -5.09442 ], [ -36.14054, -5.09434 ], [ -36.14006, -5.09428 ], [ -36.13931, -5.09417 ], [ -36.13824, -5.094 ], [ -36.13793, -5.09397 ], [ -36.13753, -5.09391 ], [ -36.13711, -5.09383 ], [ -36.1362, -5.09363 ], [ -36.13558, -5.0935 ], [ -36.13501, -5.09339 ], [ -36.13442, -5.09329 ], [ -36.13385, -5.0932 ], [ -36.13289, -5.09306 ], [ -36.13245, -5.09299 ], [ -36.13191, -5.09291 ], [ -36.13125, -5.09279 ], [ -36.13083, -5.09272 ], [ -36.12989, -5.09255 ], [ -36.12935, -5.09246 ], [ -36.12896, -5.09239 ], [ -36.1282, -5.09222 ], [ -36.12725, -5.09199 ], [ -36.12614, -5.09168 ], [ -36.12549, -5.09147 ], [ -36.12497, -5.09126 ], [ -36.12423, -5.09095 ], [ -36.12358, -5.09064 ], [ -36.12306, -5.09039 ], [ -36.12239, -5.09004 ], [ -36.12211, -5.08989 ], [ -36.12171, -5.08962 ], [ -36.12142, -5.08942 ], [ -36.12093, -5.08916 ], [ -36.12057, -5.08898 ], [ -36.12022, -5.08881 ], [ -36.11979, -5.0885 ], [ -36.1192, -5.08817 ], [ -36.11865, -5.0879 ], [ -36.1177, -5.08753 ], [ -36.11675, -5.08728 ], [ -36.11603, -5.08705 ], [ -36.11532, -5.08681 ], [ -36.11466, -5.08654 ], [ -36.11429, -5.08637 ], [ -36.11406, -5.08627 ], [ -36.11375, -5.08616 ], [ -36.11339, -5.08605 ], [ -36.11284, -5.08582 ], [ -36.11259, -5.08568 ], [ -36.11226, -5.08547 ], [ -36.112, -5.08532 ], [ -36.11149, -5.08508 ], [ -36.11102, -5.08485 ], [ -36.11072, -5.0847 ], [ -36.11034, -5.08448 ], [ -36.11012, -5.08429 ], [ -36.10999, -5.0841 ], [ -36.10985, -5.08387 ], [ -36.10974, -5.0836 ], [ -36.1097, -5.08341 ], [ -36.10969, -5.08318 ], [ -36.1097, -5.083 ], [ -36.10975, -5.08279 ], [ -36.10977, -5.08267 ], [ -36.10975, -5.08261 ], [ -36.10969, -5.08253 ], [ -36.10951, -5.08246 ], [ -36.10922, -5.08229 ], [ -36.10881, -5.08209 ], [ -36.10849, -5.08193 ], [ -36.10801, -5.08174 ], [ -36.10722, -5.08139 ], [ -36.1061, -5.08093 ], [ -36.10552, -5.08066 ], [ -36.10498, -5.0804 ], [ -36.1044, -5.0801 ], [ -36.1038, -5.07981 ], [ -36.10336, -5.07958 ], [ -36.10254, -5.07905 ], [ -36.10186, -5.07861 ], [ -36.10102, -5.07808 ], [ -36.10028, -5.07763 ], [ -36.0995, -5.07719 ], [ -36.09945, -5.07717 ], [ -36.15173, -5.25719 ], [ -36.15437, -5.25621 ], [ -36.1568, -5.25553 ], [ -36.1591, -5.2556 ], [ -36.1598, -5.25614 ], [ -36.1601, -5.25853 ], [ -36.1601, -5.25868 ], [ -36.16012, -5.25966 ], [ -36.27584, -5.28948 ], [ -36.27556, -5.28457 ], [ -36.27614, -5.2718 ], [ -36.27633, -5.26179 ], [ -36.2765, -5.25826 ], [ -36.2765, -5.25824 ], [ -36.27668, -5.25456 ], [ -36.27668, -5.25453 ], [ -36.27706, -5.24637 ], [ -36.27729, -5.23466 ], [ -36.27715, -5.23123 ], [ -36.27836, -5.22461 ], [ -36.27819, -5.22362 ], [ -36.27679, -5.22176 ], [ -36.27647, -5.22095 ], [ -36.27624, -5.2195 ], [ -36.27631, -5.20722 ], [ -36.27822, -5.19996 ], [ -36.2796, -5.19105 ], [ -36.28572, -5.16127 ], [ -36.28639, -5.15693 ], [ -36.28673, -5.15625 ], [ -36.28727, -5.15583 ], [ -36.28899, -5.15564 ], [ -36.28911, -5.1302 ], [ -36.28848, -5.12952 ], [ -36.28809, -5.12866 ], [ -36.28784, -5.12674 ], [ -36.28799, -5.12502 ], [ -36.28822, -5.12447 ], [ -36.29008, -5.12288 ], [ -36.29098, -5.11946 ], [ -36.29219, -5.11629 ], [ -36.29357, -5.11468 ], [ -36.29541, -5.11359 ], [ -36.29838, -5.11238 ], [ -36.30036, -5.11198 ], [ -36.30502, -5.11219 ], [ -36.30702, -5.11198 ], [ -36.30834, -5.11108 ], [ -36.3092, -5.10965 ], [ -36.3096, -5.10712 ], [ -36.30949, -5.10613 ], [ -36.30916, -5.10436 ], [ -36.30887, -5.1037 ], [ -36.30848, -5.10331 ], [ -36.30842, -5.10286 ], [ -36.30832, -5.10211 ], [ -36.30416, -5.09936 ], [ -36.29422, -5.09279 ], [ -36.29432, -5.09249 ], [ -36.29423, -5.09206 ], [ -36.29417, -5.09173 ], [ -36.29406, -5.09144 ], [ -36.29386, -5.09112 ], [ -36.29342, -5.09068 ], [ -36.29311, -5.09031 ], [ -36.29307, -5.09026 ], [ -36.29293, -5.09009 ], [ -36.2926, -5.08983 ], [ -36.29246, -5.08976 ], [ -36.29233, -5.08969 ], [ -36.29169, -5.08935 ], [ -36.29112, -5.089 ], [ -36.29077, -5.08863 ], [ -36.29047, -5.08823 ], [ -36.29044, -5.08816 ], [ -36.29037, -5.08801 ], [ -36.29036, -5.08791 ], [ -36.29038, -5.08784 ], [ -36.29042, -5.08779 ], [ -36.29045, -5.08776 ], [ -36.29044, -5.08772 ], [ -36.29036, -5.0877 ], [ -36.29024, -5.08769 ], [ -36.29009, -5.08772 ], [ -36.28982, -5.08782 ], [ -36.28981, -5.08783 ], [ -36.2894, -5.08798 ], [ -36.2888, -5.08817 ], [ -36.28776, -5.08857 ], [ -36.28606, -5.08917 ], [ -36.28388, -5.08997 ], [ -36.28294, -5.09028 ], [ -36.28128, -5.09059 ], [ -36.2801, -5.09074 ], [ -36.27868, -5.09079 ] ] ] } },
{ "type": "Feature", "properties": { "CD_MUN": "2406502", "NM_MUN": "Lagoa Nova", "CD_RGI": "240008", "NM_RGI": "Currais Novos", "CD_RGINT": "2402", "NM_RGINT": "Caicó", "CD_UF": "24", "NM_UF": "Rio Grande do Norte", "SIGLA_UF": "RN", "CD_REGIA": "2", "NM_REGIA": "Nordeste", "SIGLA_RG": "NE", "CD_CONCU": null, "NM_CONCU": null, "AREA_KM2": 176.302 }, "geometry": { "type": "Polygon", "coordinates": [ [ [ -36.42827, -6.08813 ], [ -36.42827, -6.08813 ], [ -36.42676, -6.09257 ], [ -36.42675, -6.09256 ], [ -36.41996, -6.09015 ], [ -36.41953, -6.09073 ], [ -36.41814, -6.09197 ], [ -36.41569, -6.09362 ], [ -36.41477, -6.09499 ], [ -36.41446, -6.09706 ], [ -36.41392, -6.09908 ], [ -36.41197, -6.10158 ], [ -36.41177, -6.10233 ], [ -36.4117, -6.1042 ], [ -36.41086, -6.10748 ], [ -36.40796, -6.10872 ], [ -36.40755, -6.10993 ], [ -36.40566, -6.11084 ], [ -36.40548, -6.11236 ], [ -36.40475, -6.1131 ], [ -36.40216, -6.11328 ], [ -36.39926, -6.11472 ], [ -36.39875, -6.11551 ], [ -36.39857, -6.11749 ], [ -36.39888, -6.11824 ], [ -36.39942, -6.11866 ], [ -36.40198, -6.1188 ], [ -36.40477, -6.12037 ], [ -36.40571, -6.12252 ], [ -36.40714, -6.12314 ], [ -36.40877, -6.12559 ], [ -36.41114, -6.12837 ], [ -36.41279, -6.12934 ], [ -36.41341, -6.12956 ], [ -36.42421, -6.13093 ], [ -36.42383, -6.13281 ], [ -36.42589, -6.13623 ], [ -36.42762, -6.14078 ], [ -36.42907, -6.14179 ], [ -36.43214, -6.14214 ], [ -36.43326, -6.14095 ], [ -36.43403, -6.13877 ], [ -36.43321, -6.13668 ], [ -36.42757, -6.13291 ], [ -36.42703, -6.13203 ], [ -36.4272, -6.13136 ], [ -36.43136, -6.12961 ], [ -36.42935, -6.12583 ], [ -36.42703, -6.12469 ], [ -36.42882, -6.12328 ], [ -36.42912, -6.12233 ], [ -36.42848, -6.11984 ], [ -36.42898, -6.11268 ], [ -36.43197, -6.11411 ], [ -36.43382, -6.11359 ], [ -36.43432, -6.11471 ], [ -36.43515, -6.11397 ], [ -36.43535, -6.11483 ], [ -36.43594, -6.11429 ], [ -36.43594, -6.11505 ], [ -36.43634, -6.11441 ], [ -36.43654, -6.11521 ], [ -36.44463, -6.11702 ], [ -36.44763, -6.11578 ], [ -36.4478, -6.11532 ], [ -36.44664, -6.11344 ], [ -36.44885, -6.1122 ], [ -36.45502, -6.11413 ], [ -36.45561, -6.11392 ], [ -36.45596, -6.1149 ], [ -36.45716, -6.11595 ], [ -36.45791, -6.11612 ], [ -36.4599, -6.1153 ], [ -36.46747, -6.12177 ], [ -36.46873, -6.12094 ], [ -36.47045, -6.1211 ], [ -36.47348, -6.12342 ], [ -36.47794, -6.12553 ], [ -36.47851, -6.12833 ], [ -36.48208, -6.13076 ], [ -36.48398, -6.13079 ], [ -36.49204, -6.1366 ], [ -36.49455, -6.13508 ], [ -36.49883, -6.13517 ], [ -36.50185, -6.1375 ], [ -36.5033, -6.13743 ], [ -36.50726, -6.12674 ], [ -36.50917, -6.12292 ], [ -36.50905, -6.12196 ], [ -36.50634, -6.1198 ], [ -36.50509, -6.12008 ], [ -36.50367, -6.11966 ], [ -36.50308, -6.11689 ], [ -36.50025, -6.11696 ], [ -36.49743, -6.1159 ], [ -36.49817, -6.11359 ], [ -36.49792, -6.11305 ], [ -36.49688, -6.11371 ], [ -36.49572, -6.11179 ], [ -36.49505, -6.11145 ], [ -36.49447, -6.1117 ], [ -36.49432, -6.11226 ], [ -36.4958, -6.11593 ], [ -36.49179, -6.11494 ], [ -36.49213, -6.11289 ], [ -36.49185, -6.11148 ], [ -36.49047, -6.11151 ], [ -36.48928, -6.11248 ], [ -36.4887, -6.11194 ], [ -36.48718, -6.11187 ], [ -36.48928, -6.10813 ], [ -36.49003, -6.10859 ], [ -36.49044, -6.10972 ], [ -36.49177, -6.11027 ], [ -36.49252, -6.10935 ], [ -36.49256, -6.10558 ], [ -36.49302, -6.10512 ], [ -36.49352, -6.10542 ], [ -36.49413, -6.1073 ], [ -36.49472, -6.10755 ], [ -36.49558, -6.10561 ], [ -36.49438, -6.10411 ], [ -36.49497, -6.10344 ], [ -36.49832, -6.10484 ], [ -36.50194, -6.10312 ], [ -36.50294, -6.10304 ], [ -36.50343, -6.10392 ], [ -36.50328, -6.10477 ], [ -36.50223, -6.10702 ], [ -36.5031, -6.10798 ], [ -36.50365, -6.10607 ], [ -36.50509, -6.10572 ], [ -36.50504, -6.10483 ], [ -36.50555, -6.10451 ], [ -36.50469, -6.10368 ], [ -36.50535, -6.10285 ], [ -36.50461, -6.10217 ], [ -36.50292, -6.1019 ], [ -36.50351, -6.10106 ], [ -36.5021, -6.09947 ], [ -36.5023, -6.09879 ], [ -36.50253, -6.09856 ], [ -36.50267, -6.09841 ], [ -36.50392, -6.0985 ], [ -36.50499, -6.10072 ], [ -36.50578, -6.1011 ], [ -36.50657, -6.10073 ], [ -36.50633, -6.09931 ], [ -36.51006, -6.10093 ], [ -36.51038, -6.1016 ], [ -36.50931, -6.10324 ], [ -36.50993, -6.10366 ], [ -36.5108, -6.10375 ], [ -36.51285, -6.10175 ], [ -36.51571, -6.09987 ], [ -36.51621, -6.10034 ], [ -36.51572, -6.10155 ], [ -36.51616, -6.10208 ], [ -36.51836, -6.10226 ], [ -36.51584, -6.10435 ], [ -36.51587, -6.1061 ], [ -36.51469, -6.10839 ], [ -36.51694, -6.11031 ], [ -36.5185, -6.10889 ], [ -36.52134, -6.1079 ], [ -36.52213, -6.10824 ], [ -36.52293, -6.11031 ], [ -36.52056, -6.11221 ], [ -36.52104, -6.11317 ], [ -36.52631, -6.1138 ], [ -36.5275, -6.11685 ], [ -36.52644, -6.11745 ], [ -36.52361, -6.11623 ], [ -36.52286, -6.11627 ], [ -36.52277, -6.11685 ], [ -36.52713, -6.12373 ], [ -36.52746, -6.12577 ], [ -36.52882, -6.12695 ], [ -36.53029, -6.1304 ], [ -36.53357, -6.13053 ], [ -36.53576, -6.13119 ], [ -36.53708, -6.13357 ], [ -36.53984, -6.13453 ], [ -36.53859, -6.13656 ], [ -36.53889, -6.13788 ], [ -36.53989, -6.13892 ], [ -36.5423, -6.13973 ], [ -36.54429, -6.14103 ], [ -36.54516, -6.13793 ], [ -36.5457, -6.13784 ], [ -36.54715, -6.13998 ], [ -36.54693, -6.14306 ], [ -36.54723, -6.14375 ], [ -36.54798, -6.14379 ], [ -36.54826, -6.1415 ], [ -36.5507, -6.14122 ], [ -36.55129, -6.14052 ], [ -36.55135, -6.13899 ], [ -36.54999, -6.13778 ], [ -36.54986, -6.1372 ], [ -36.55028, -6.13661 ], [ -36.5522, -6.13662 ], [ -36.55279, -6.13515 ], [ -36.55273, -6.13306 ], [ -36.55316, -6.13135 ], [ -36.55408, -6.13132 ], [ -36.55692, -6.13268 ], [ -36.55846, -6.13267 ], [ -36.56041, -6.13424 ], [ -36.56289, -6.1329 ], [ -36.56411, -6.13149 ], [ -36.56762, -6.13248 ], [ -36.57024, -6.13229 ], [ -36.57149, -6.13329 ], [ -36.57247, -6.13203 ], [ -36.57562, -6.13491 ], [ -36.57439, -6.13702 ], [ -36.57778, -6.14103 ], [ -36.57832, -6.14141 ], [ -36.58063, -6.14132 ], [ -36.58138, -6.14099 ], [ -36.58152, -6.13849 ], [ -36.58037, -6.13619 ], [ -36.57982, -6.13245 ], [ -36.58007, -6.13157 ], [ -36.58174, -6.13074 ], [ -36.58351, -6.13132 ], [ -36.58651, -6.13368 ], [ -36.58871, -6.13674 ], [ -36.58866, -6.13957 ], [ -36.59107, -6.13979 ], [ -36.5912, -6.13957 ], [ -36.59265, -6.13711 ], [ -36.5922, -6.13398 ], [ -36.59255, -6.13015 ], [ -36.59432, -6.12776 ], [ -36.59779, -6.12714 ], [ -36.59957, -6.12513 ], [ -36.60149, -6.12488 ], [ -36.60265, -6.12568 ], [ -36.60488, -6.124 ], [ -36.60597, -6.12447 ], [ -36.60851, -6.1279 ], [ -36.61033, -6.1316 ], [ -36.62231, -6.13176 ], [ -36.62215, -6.12328 ], [ -36.62304, -6.11926 ], [ -36.6239, -6.11535 ], [ -36.62592, -6.11206 ], [ -36.62728, -6.10852 ], [ -36.62863, -6.10693 ], [ -36.63364, -6.10338 ], [ -36.63445, -6.1028 ], [ -36.63617, -6.09914 ], [ -36.63872, -6.08901 ], [ -36.61424, -6.08023 ], [ -36.61423, -6.08023 ], [ -36.612, -6.07943 ], [ -36.61177, -6.07934 ], [ -36.58755, -6.07066 ], [ -36.58513, -6.06979 ], [ -36.57388, -6.06576 ], [ -36.55474, -6.05889 ], [ -36.54744, -6.05627 ], [ -36.53647, -6.05217 ], [ -36.52179, -6.04667 ], [ -36.49582, -6.04595 ], [ -36.49346, -6.04588 ], [ -36.47707, -6.04543 ], [ -36.47066, -6.04525 ], [ -36.44801, -6.04197 ], [ -36.44417, -6.04142 ], [ -36.44405, -6.04176 ], [ -36.44403, -6.04181 ], [ -36.44396, -6.04203 ], [ -36.42995, -6.08319 ], [ -36.42827, -6.08812 ], [ -36.42827, -6.08813 ] ] ] } },
{ "type": "Feature", "properties": { "CD_MUN": "2413300", "NM_MUN": "Serra de São Bento", "CD_RGI": "240002", "NM_RGI": "Santo Antônio - Passa e Fica - Nova Cruz", "CD_RGINT": "2401", "NM_RGINT": "Natal", "CD_UF": "24", "NM_UF": "Rio Grande do Norte", "SIGLA_UF": "RN", "CD_REGIA": "2", "NM_REGIA": "Nordeste", "SIGLA_RG": "NE", "CD_CONCU": null, "NM_CONCU": null, "AREA_KM2": 96.585 }, "geometry": { "type": "Polygon", "coordinates": [ [ [ -35.67058, -6.4318 ], [ -35.67047, -6.43201 ], [ -35.67037, -6.43264 ], [ -35.67034, -6.43275 ], [ -35.67012, -6.43293 ], [ -35.66993, -6.43335 ], [ -35.66985, -6.43384 ], [ -35.66974, -6.43417 ], [ -35.6697, -6.43431 ], [ -35.66934, -6.43527 ], [ -35.66915, -6.43567 ], [ -35.66905, -6.4359 ], [ -35.66903, -6.43624 ], [ -35.66899, -6.43641 ], [ -35.6689, -6.43664 ], [ -35.66875, -6.43692 ], [ -35.66871, -6.43714 ], [ -35.66874, -6.4373 ], [ -35.66869, -6.43748 ], [ -35.6687, -6.43749 ], [ -35.6687, -6.43749 ], [ -35.66864, -6.43764 ], [ -35.66858, -6.43794 ], [ -35.66859, -6.4381 ], [ -35.66827, -6.439 ], [ -35.66822, -6.43916 ], [ -35.66814, -6.43943 ], [ -35.66809, -6.43959 ], [ -35.66802, -6.43969 ], [ -35.66787, -6.43981 ], [ -35.66764, -6.44015 ], [ -35.66751, -6.44032 ], [ -35.66744, -6.44055 ], [ -35.66747, -6.4408 ], [ -35.66752, -6.44108 ], [ -35.6675, -6.44125 ], [ -35.66739, -6.4417 ], [ -35.66705, -6.44258 ], [ -35.66697, -6.44283 ], [ -35.66657, -6.44357 ], [ -35.66643, -6.44375 ], [ -35.66626, -6.44407 ], [ -35.66619, -6.44427 ], [ -35.66618, -6.4443 ], [ -35.66614, -6.44456 ], [ -35.66608, -6.44494 ], [ -35.66602, -6.44521 ], [ -35.66591, -6.44538 ], [ -35.66572, -6.44622 ], [ -35.66533, -6.44996 ], [ -35.66466, -6.44996 ], [ -35.66515, -6.45051 ], [ -35.66516, -6.45051 ], [ -35.66904, -6.45026 ], [ -35.67135, -6.45172 ], [ -35.67233, -6.45125 ], [ -35.67372, -6.45159 ], [ -35.67634, -6.44972 ], [ -35.67907, -6.44916 ], [ -35.68197, -6.44793 ], [ -35.68304, -6.44867 ], [ -35.68452, -6.45103 ], [ -35.68642, -6.45297 ], [ -35.68994, -6.45503 ], [ -35.69275, -6.45763 ], [ -35.69585, -6.45972 ], [ -35.69706, -6.46216 ], [ -35.69774, -6.46273 ], [ -35.69818, -6.46289 ], [ -35.70237, -6.46445 ], [ -35.70717, -6.46954 ], [ -35.71126, -6.47109 ], [ -35.71503, -6.47131 ], [ -35.71692, -6.47251 ], [ -35.7186, -6.47253 ], [ -35.72155, -6.47175 ], [ -35.72186, -6.47167 ], [ -35.7226, -6.47147 ], [ -35.72437, -6.47099 ], [ -35.72619, -6.46961 ], [ -35.72751, -6.47132 ], [ -35.73031, -6.47286 ], [ -35.73522, -6.47307 ], [ -35.74116, -6.4763 ], [ -35.74235, -6.47592 ], [ -35.74297, -6.47434 ], [ -35.74356, -6.47388 ], [ -35.74476, -6.47426 ], [ -35.74824, -6.4774 ], [ -35.75023, -6.47849 ], [ -35.75252, -6.47827 ], [ -35.75776, -6.47903 ], [ -35.76336, -6.48219 ], [ -35.77332, -6.48284 ], [ -35.77479, -6.47514 ], [ -35.77581, -6.47267 ], [ -35.7758, -6.47144 ], [ -35.77463, -6.46795 ], [ -35.77437, -6.46141 ], [ -35.77469, -6.45818 ], [ -35.77622, -6.45575 ], [ -35.77574, -6.45241 ], [ -35.77623, -6.45099 ], [ -35.77298, -6.45083 ], [ -35.76648, -6.44371 ], [ -35.76648, -6.44306 ], [ -35.76644, -6.43641 ], [ -35.76632, -6.43524 ], [ -35.76497, -6.42156 ], [ -35.76486, -6.42041 ], [ -35.76468, -6.41861 ], [ -35.74651, -6.40408 ], [ -35.73211, -6.39403 ], [ -35.72354, -6.38804 ], [ -35.68302, -6.35811 ], [ -35.68294, -6.3639 ], [ -35.6792, -6.36917 ], [ -35.67875, -6.37034 ], [ -35.67681, -6.37973 ], [ -35.67718, -6.38141 ], [ -35.6805, -6.38771 ], [ -35.68111, -6.39106 ], [ -35.67858, -6.3976 ], [ -35.67812, -6.40023 ], [ -35.67253, -6.40827 ], [ -35.67194, -6.41017 ], [ -35.67156, -6.41523 ], [ -35.66976, -6.41562 ], [ -35.66975, -6.41563 ], [ -35.66965, -6.4158 ], [ -35.66952, -6.4159 ], [ -35.66909, -6.41613 ], [ -35.66892, -6.41632 ], [ -35.6689, -6.41648 ], [ -35.66898, -6.41666 ], [ -35.66911, -6.41723 ], [ -35.66911, -6.41748 ], [ -35.66923, -6.418 ], [ -35.66931, -6.41838 ], [ -35.66929, -6.41866 ], [ -35.66921, -6.4189 ], [ -35.66921, -6.41892 ], [ -35.66921, -6.41892 ], [ -35.66919, -6.41897 ], [ -35.66916, -6.41904 ], [ -35.66914, -6.41908 ], [ -35.66912, -6.4191 ], [ -35.6691, -6.41913 ], [ -35.66908, -6.41915 ], [ -35.66905, -6.41919 ], [ -35.66904, -6.4192 ], [ -35.66904, -6.4192 ], [ -35.669, -6.41925 ], [ -35.66886, -6.41943 ], [ -35.6686, -6.41988 ], [ -35.6682, -6.42051 ], [ -35.6679, -6.42079 ], [ -35.66777, -6.42107 ], [ -35.66776, -6.42155 ], [ -35.66761, -6.42211 ], [ -35.66757, -6.42237 ], [ -35.66755, -6.42251 ], [ -35.66751, -6.42262 ], [ -35.6671, -6.4229 ], [ -35.66687, -6.42302 ], [ -35.66595, -6.42349 ], [ -35.66488, -6.42401 ], [ -35.66459, -6.42434 ], [ -35.66494, -6.42432 ], [ -35.66543, -6.42432 ], [ -35.66593, -6.42443 ], [ -35.66619, -6.42453 ], [ -35.66634, -6.42459 ], [ -35.66678, -6.42483 ], [ -35.66708, -6.42509 ], [ -35.66779, -6.42564 ], [ -35.66855, -6.42639 ], [ -35.66922, -6.42755 ], [ -35.66924, -6.42758 ], [ -35.66981, -6.4295 ], [ -35.66995, -6.42991 ], [ -35.67009, -6.43032 ], [ -35.67026, -6.4308 ], [ -35.67026, -6.4308 ], [ -35.67046, -6.43138 ], [ -35.67058, -6.4318 ] ] ] } },
{ "type": "Feature", "properties": { "CD_MUN": "2405207", "NM_MUN": "Janduís", "CD_RGI": "240009", "NM_RGI": "Mossoró", "CD_RGINT": "2403", "NM_RGINT": "Mossoró", "CD_UF": "24", "NM_UF": "Rio Grande do Norte", "SIGLA_UF": "RN", "CD_REGIA": "2", "NM_REGIA": "Nordeste", "SIGLA_RG": "NE", "CD_CONCU": null, "NM_CONCU": null, "AREA_KM2": 303.448 }, "geometry": { "type": "Polygon", "coordinates": [ [ [ -37.37592, -5.98816 ], [ -37.35905, -6.0061 ], [ -37.37684, -6.02439 ], [ -37.42558, -6.07449 ], [ -37.43149, -6.07753 ], [ -37.4376, -6.08186 ], [ -37.44167, -6.08288 ], [ -37.4565, -6.09665 ], [ -37.4742, -6.08737 ], [ -37.48846, -6.07888 ], [ -37.50315, -6.07087 ], [ -37.51481, -6.06452 ], [ -37.55739, -6.01598 ], [ -37.55749, -6.01589 ], [ -37.59294, -5.98207 ], [ -37.5931, -5.98192 ], [ -37.58603, -5.98085 ], [ -37.58317, -5.9793 ], [ -37.57479, -5.96845 ], [ -37.57274, -5.96649 ], [ -37.5708, -5.96558 ], [ -37.56884, -5.96518 ], [ -37.56539, -5.96562 ], [ -37.56015, -5.96336 ], [ -37.55785, -5.96185 ], [ -37.55461, -5.95894 ], [ -37.54978, -5.94967 ], [ -37.53704, -5.92843 ], [ -37.53495, -5.92447 ], [ -37.53406, -5.92309 ], [ -37.53022, -5.91983 ], [ -37.5297, -5.91881 ], [ -37.52811, -5.91658 ], [ -37.52795, -5.91668 ], [ -37.52823, -5.91761 ], [ -37.52905, -5.91873 ], [ -37.52932, -5.91999 ], [ -37.52962, -5.92039 ], [ -37.53027, -5.92061 ], [ -37.53102, -5.92145 ], [ -37.53213, -5.92235 ], [ -37.53221, -5.92272 ], [ -37.53163, -5.92307 ], [ -37.53216, -5.92375 ], [ -37.53213, -5.92415 ], [ -37.53176, -5.92432 ], [ -37.53071, -5.92424 ], [ -37.52971, -5.92239 ], [ -37.52889, -5.92244 ], [ -37.52864, -5.92231 ], [ -37.52887, -5.92154 ], [ -37.52852, -5.92063 ], [ -37.52795, -5.92041 ], [ -37.527, -5.92078 ], [ -37.52695, -5.92041 ], [ -37.5274, -5.91978 ], [ -37.52739, -5.91925 ], [ -37.52576, -5.91755 ], [ -37.52401, -5.91722 ], [ -37.52326, -5.91641 ], [ -37.52225, -5.91597 ], [ -37.52109, -5.91751 ], [ -37.52086, -5.91736 ], [ -37.52032, -5.91586 ], [ -37.52037, -5.91546 ], [ -37.52082, -5.91496 ], [ -37.52087, -5.91463 ], [ -37.51958, -5.91378 ], [ -37.52062, -5.91303 ], [ -37.5206, -5.91266 ], [ -37.51933, -5.91183 ], [ -37.51868, -5.9126 ], [ -37.51803, -5.91313 ], [ -37.51786, -5.91307 ], [ -37.51861, -5.91075 ], [ -37.51866, -5.91018 ], [ -37.51839, -5.90987 ], [ -37.51769, -5.90997 ], [ -37.51729, -5.91024 ], [ -37.51621, -5.91022 ], [ -37.51574, -5.91057 ], [ -37.51552, -5.91099 ], [ -37.51541, -5.91184 ], [ -37.51339, -5.91374 ], [ -37.51357, -5.91211 ], [ -37.51344, -5.91098 ], [ -37.51319, -5.91066 ], [ -37.51281, -5.9106 ], [ -37.51251, -5.91141 ], [ -37.51138, -5.91323 ], [ -37.51089, -5.91366 ], [ -37.51069, -5.91355 ], [ -37.51059, -5.9129 ], [ -37.51104, -5.91178 ], [ -37.51084, -5.91066 ], [ -37.5099, -5.91083 ], [ -37.50897, -5.91134 ], [ -37.50867, -5.91112 ], [ -37.50885, -5.9107 ], [ -37.50958, -5.91017 ], [ -37.50891, -5.90757 ], [ -37.50467, -5.90668 ], [ -37.50289, -5.90613 ], [ -37.50213, -5.90562 ], [ -37.50143, -5.90483 ], [ -37.50095, -5.90359 ], [ -37.49987, -5.90334 ], [ -37.49912, -5.90296 ], [ -37.49882, -5.90234 ], [ -37.49893, -5.90129 ], [ -37.49883, -5.90064 ], [ -37.49676, -5.89772 ], [ -37.49536, -5.89652 ], [ -37.49514, -5.89566 ], [ -37.49458, -5.89458 ], [ -37.49412, -5.89417 ], [ -37.4931, -5.89395 ], [ -37.49097, -5.89397 ], [ -37.48951, -5.89421 ], [ -37.48851, -5.89399 ], [ -37.48768, -5.89407 ], [ -37.48651, -5.89531 ], [ -37.48462, -5.89568 ], [ -37.48217, -5.89706 ], [ -37.48071, -5.89617 ], [ -37.4799, -5.89625 ], [ -37.47923, -5.89667 ], [ -37.47768, -5.89891 ], [ -37.47663, -5.89959 ], [ -37.47329, -5.89939 ], [ -37.47175, -5.89887 ], [ -37.47094, -5.89827 ], [ -37.47046, -5.89822 ], [ -37.46986, -5.89924 ], [ -37.46943, -5.89948 ], [ -37.46892, -5.89957 ], [ -37.46752, -5.89897 ], [ -37.46668, -5.89921 ], [ -37.46533, -5.90013 ], [ -37.46385, -5.90002 ], [ -37.46233, -5.90061 ], [ -37.46031, -5.9006 ], [ -37.45805, -5.90011 ], [ -37.45713, -5.90032 ], [ -37.45589, -5.90021 ], [ -37.45379, -5.89939 ], [ -37.45239, -5.89982 ], [ -37.45126, -5.89982 ], [ -37.44986, -5.89949 ], [ -37.44926, -5.90019 ], [ -37.44958, -5.90154 ], [ -37.44882, -5.90251 ], [ -37.44751, -5.90272 ], [ -37.44747, -5.90305 ], [ -37.44731, -5.90424 ], [ -37.43655, -5.98538 ], [ -37.43476, -5.98426 ], [ -37.4315, -5.98291 ], [ -37.42814, -5.98317 ], [ -37.42738, -5.98287 ], [ -37.42038, -5.97771 ], [ -37.41593, -5.97633 ], [ -37.4065, -5.967 ], [ -37.40079, -5.96254 ], [ -37.37521, -5.96058 ], [ -37.37592, -5.98816 ] ] ] } },
{ "type": "Feature", "properties": { "CD_MUN": "2400604", "NM_MUN": "Almino Afonso", "CD_RGI": "240010", "NM_RGI": "Pau dos Ferros", "CD_RGINT": "2403", "NM_RGINT": "Mossoró", "CD_UF": "24", "NM_UF": "Rio Grande do Norte", "SIGLA_UF": "RN", "CD_REGIA": "2", "NM_REGIA": "Nordeste", "SIGLA_RG": "NE", "CD_CONCU": null, "NM_CONCU": null, "AREA_KM2": 128.038 }, "geometry": { "type": "Polygon", "coordinates": [ [ [ -37.8009, -6.15756 ], [ -37.80121, -6.15703 ], [ -37.80131, -6.15685 ], [ -37.80148, -6.15656 ], [ -37.80115, -6.15591 ], [ -37.80085, -6.15562 ], [ -37.80042, -6.15521 ], [ -37.80005, -6.15486 ], [ -37.80095, -6.15369 ], [ -37.80067, -6.15219 ], [ -37.80001, -6.15158 ], [ -37.79798, -6.15108 ], [ -37.79736, -6.15059 ], [ -37.79722, -6.14946 ], [ -37.79813, -6.14734 ], [ -37.80028, -6.14569 ], [ -37.80185, -6.13971 ], [ -37.8079, -6.13569 ], [ -37.80843, -6.1347 ], [ -37.80832, -6.13381 ], [ -37.80678, -6.1324 ], [ -37.80678, -6.13176 ], [ -37.80882, -6.13052 ], [ -37.80936, -6.12768 ], [ -37.8099, -6.12663 ], [ -37.81123, -6.12554 ], [ -37.81113, -6.12448 ], [ -37.81022, -6.12317 ], [ -37.81125, -6.11994 ], [ -37.81077, -6.11762 ], [ -37.81071, -6.11759 ], [ -37.81068, -6.11756 ], [ -37.81066, -6.11743 ], [ -37.81065, -6.11736 ], [ -37.81063, -6.11728 ], [ -37.81059, -6.11716 ], [ -37.81053, -6.11707 ], [ -37.81046, -6.11699 ], [ -37.81038, -6.11691 ], [ -37.81029, -6.11683 ], [ -37.81022, -6.11671 ], [ -37.81018, -6.11661 ], [ -37.81015, -6.11657 ], [ -37.81011, -6.1165 ], [ -37.81008, -6.11641 ], [ -37.81002, -6.11626 ], [ -37.81, -6.11606 ], [ -37.80995, -6.1159 ], [ -37.80992, -6.11579 ], [ -37.80986, -6.11566 ], [ -37.80978, -6.11555 ], [ -37.8098, -6.11543 ], [ -37.8098, -6.11537 ], [ -37.80982, -6.11528 ], [ -37.80987, -6.1152 ], [ -37.80987, -6.1151 ], [ -37.80993, -6.115 ], [ -37.80998, -6.11492 ], [ -37.81005, -6.11484 ], [ -37.81015, -6.11476 ], [ -37.81025, -6.11471 ], [ -37.81036, -6.11466 ], [ -37.81015, -6.11398 ], [ -37.80463, -6.10781 ], [ -37.80401, -6.10608 ], [ -37.80444, -6.1039 ], [ -37.80696, -6.10178 ], [ -37.80655, -6.09964 ], [ -37.80592, -6.09857 ], [ -37.80449, -6.09834 ], [ -37.80081, -6.10073 ], [ -37.7982, -6.10136 ], [ -37.79616, -6.10113 ], [ -37.79359, -6.09958 ], [ -37.79347, -6.09659 ], [ -37.79242, -6.09416 ], [ -37.79177, -6.0934 ], [ -37.7891, -6.09218 ], [ -37.78904, -6.09089 ], [ -37.78885, -6.0896 ], [ -37.78661, -6.08918 ], [ -37.78532, -6.08792 ], [ -37.78296, -6.08398 ], [ -37.78401, -6.08054 ], [ -37.78358, -6.0798 ], [ -37.78127, -6.07991 ], [ -37.7803, -6.0794 ], [ -37.78116, -6.07669 ], [ -37.77993, -6.07456 ], [ -37.77966, -6.07255 ], [ -37.77662, -6.06905 ], [ -37.77736, -6.06778 ], [ -37.77326, -6.06785 ], [ -37.77218, -6.0707 ], [ -37.76511, -6.0773 ], [ -37.76194, -6.08432 ], [ -37.75861, -6.08597 ], [ -37.75719, -6.08791 ], [ -37.7595, -6.0888 ], [ -37.76128, -6.09016 ], [ -37.76232, -6.09279 ], [ -37.75926, -6.09315 ], [ -37.75702, -6.09447 ], [ -37.75504, -6.09495 ], [ -37.75286, -6.09731 ], [ -37.75098, -6.10125 ], [ -37.75075, -6.10173 ], [ -37.75003, -6.10487 ], [ -37.74796, -6.10825 ], [ -37.74795, -6.11131 ], [ -37.74595, -6.11492 ], [ -37.74429, -6.11652 ], [ -37.7422, -6.12174 ], [ -37.71106, -6.13082 ], [ -37.70804, -6.12804 ], [ -37.70491, -6.12844 ], [ -37.70383, -6.12807 ], [ -37.70372, -6.12786 ], [ -37.69428, -6.11833 ], [ -37.68764, -6.10931 ], [ -37.709, -6.177 ], [ -37.71627, -6.1792 ], [ -37.71629, -6.1792 ], [ -37.71641, -6.17924 ], [ -37.73212, -6.18481 ], [ -37.74237, -6.18898 ], [ -37.74579, -6.19103 ], [ -37.7492, -6.19383 ], [ -37.75353, -6.19847 ], [ -37.75457, -6.20019 ], [ -37.75486, -6.20206 ], [ -37.75212, -6.20915 ], [ -37.75187, -6.21157 ], [ -37.75308, -6.21443 ], [ -37.75607, -6.21716 ], [ -37.75759, -6.21773 ], [ -37.76207, -6.21787 ], [ -37.76385, -6.2189 ], [ -37.77562, -6.23134 ], [ -37.77542, -6.23241 ], [ -37.77497, -6.23268 ], [ -37.76523, -6.23414 ], [ -37.76277, -6.23534 ], [ -37.76164, -6.23629 ], [ -37.7612, -6.23852 ], [ -37.76142, -6.23956 ], [ -37.76307, -6.24114 ], [ -37.76582, -6.24226 ], [ -37.77015, -6.24308 ], [ -37.77661, -6.24587 ], [ -37.78041, -6.23969 ], [ -37.78061, -6.23669 ], [ -37.78263, -6.23599 ], [ -37.79038, -6.23466 ], [ -37.79169, -6.23403 ], [ -37.7917, -6.23126 ], [ -37.79331, -6.23036 ], [ -37.79303, -6.2282 ], [ -37.79369, -6.22763 ], [ -37.79587, -6.22727 ], [ -37.7976, -6.22571 ], [ -37.79828, -6.22418 ], [ -37.79818, -6.22332 ], [ -37.79782, -6.22051 ], [ -37.79655, -6.21874 ], [ -37.79779, -6.21726 ], [ -37.79808, -6.21656 ], [ -37.79796, -6.21608 ], [ -37.79565, -6.21436 ], [ -37.79813, -6.21151 ], [ -37.79931, -6.20626 ], [ -37.79862, -6.2046 ], [ -37.79601, -6.20182 ], [ -37.79649, -6.19857 ], [ -37.79762, -6.1959 ], [ -37.79726, -6.1927 ], [ -37.79874, -6.18938 ], [ -37.79996, -6.18822 ], [ -37.8032, -6.18339 ], [ -37.80428, -6.17852 ], [ -37.80494, -6.17758 ], [ -37.80683, -6.1767 ], [ -37.80858, -6.17308 ], [ -37.8084, -6.17209 ], [ -37.80648, -6.1711 ], [ -37.8062, -6.17061 ], [ -37.80608, -6.17041 ], [ -37.80623, -6.16945 ], [ -37.80832, -6.16862 ], [ -37.8097, -6.16865 ], [ -37.81001, -6.16866 ], [ -37.8107, -6.16813 ], [ -37.80919, -6.16433 ], [ -37.80882, -6.16406 ], [ -37.80646, -6.16363 ], [ -37.8034, -6.16415 ], [ -37.80214, -6.1632 ], [ -37.80272, -6.16182 ], [ -37.80046, -6.16021 ], [ -37.79996, -6.15918 ], [ -37.8009, -6.15756 ] ] ] } },
{ "type": "Feature", "properties": { "CD_MUN": "2410256", "NM_MUN": "Porto do Mangue", "CD_RGI": "240011", "NM_RGI": "Açu", "CD_RGINT": "2403", "NM_RGINT": "Mossoró", "CD_UF": "24", "NM_UF": "Rio Grande do Norte", "SIGLA_UF": "RN", "CD_REGIA": "2", "NM_REGIA": "Nordeste", "SIGLA_RG": "NE", "CD_CONCU": null, "NM_CONCU": null, "AREA_KM2": 361.237 }, "geometry": { "type": "Polygon", "coordinates": [ [ [ -36.78444, -5.16874 ], [ -36.79704, -5.17462 ], [ -36.82584, -5.17033 ], [ -36.82705, -5.17015 ], [ -36.82737, -5.17006 ], [ -36.88943, -5.15321 ], [ -36.89185, -5.15256 ], [ -36.90265, -5.14974 ], [ -36.92937, -5.13151 ], [ -36.9301, -5.13101 ], [ -36.97512, -5.1307 ], [ -36.97512, -5.1133 ], [ -36.97512, -5.10392 ], [ -36.96482, -5.09353 ], [ -36.95258, -5.08119 ], [ -36.90869, -5.08095 ], [ -36.90836, -5.01593 ], [ -36.90826, -4.98979 ], [ -36.90805, -4.98919 ], [ -36.90784, -4.98858 ], [ -36.90665, -4.98389 ], [ -36.90136, -4.97898 ], [ -36.89919, -4.97729 ], [ -36.89628, -4.97682 ], [ -36.88952, -4.97652 ], [ -36.88667, -4.97596 ], [ -36.88581, -4.97599 ], [ -36.885, -4.9765 ], [ -36.8841, -4.97647 ], [ -36.8832, -4.97596 ], [ -36.88184, -4.97568 ], [ -36.88087, -4.97502 ], [ -36.87999, -4.97498 ], [ -36.877, -4.9732 ], [ -36.87356, -4.97177 ], [ -36.86955, -4.97214 ], [ -36.86628, -4.9736 ], [ -36.86301, -4.97452 ], [ -36.8609, -4.973 ], [ -36.85778, -4.97352 ], [ -36.85567, -4.97232 ], [ -36.85549, -4.97253 ], [ -36.8549, -4.97313 ], [ -36.85439, -4.97358 ], [ -36.85403, -4.97398 ], [ -36.85386, -4.97434 ], [ -36.85385, -4.97436 ], [ -36.85359, -4.97488 ], [ -36.85335, -4.97529 ], [ -36.85234, -4.97686 ], [ -36.85169, -4.97792 ], [ -36.851, -4.97901 ], [ -36.84968, -4.98097 ], [ -36.84854, -4.98266 ], [ -36.84842, -4.98281 ], [ -36.84579, -4.98639 ], [ -36.84373, -4.989 ], [ -36.84269, -4.99015 ], [ -36.84197, -4.99083 ], [ -36.84179, -4.99098 ], [ -36.84137, -4.99134 ], [ -36.84061, -4.99197 ], [ -36.84028, -4.99226 ], [ -36.84004, -4.99261 ], [ -36.83987, -4.99285 ], [ -36.83964, -4.99334 ], [ -36.83928, -4.99381 ], [ -36.83874, -4.99452 ], [ -36.83783, -4.99577 ], [ -36.83684, -4.99706 ], [ -36.83488, -4.99946 ], [ -36.83432, -5.00015 ], [ -36.83242, -5.00257 ], [ -36.83107, -5.00454 ], [ -36.83016, -5.00566 ], [ -36.82978, -5.00629 ], [ -36.82949, -5.00679 ], [ -36.82853, -5.00765 ], [ -36.82759, -5.00846 ], [ -36.82597, -5.00985 ], [ -36.82547, -5.01034 ], [ -36.82454, -5.01134 ], [ -36.8238, -5.0124 ], [ -36.82266, -5.01374 ], [ -36.8218, -5.01476 ], [ -36.8207, -5.01619 ], [ -36.82015, -5.017 ], [ -36.81921, -5.01824 ], [ -36.81868, -5.01895 ], [ -36.81803, -5.01977 ], [ -36.81764, -5.02019 ], [ -36.81721, -5.02064 ], [ -36.8165, -5.02142 ], [ -36.81574, -5.02231 ], [ -36.81511, -5.02295 ], [ -36.81411, -5.02389 ], [ -36.81286, -5.02519 ], [ -36.81217, -5.02605 ], [ -36.81148, -5.02666 ], [ -36.81097, -5.02705 ], [ -36.81045, -5.0275 ], [ -36.80991, -5.02805 ], [ -36.80943, -5.02843 ], [ -36.80878, -5.02904 ], [ -36.80808, -5.02955 ], [ -36.80753, -5.03005 ], [ -36.80673, -5.03063 ], [ -36.80605, -5.03118 ], [ -36.80524, -5.03188 ], [ -36.80483, -5.03228 ], [ -36.80458, -5.03261 ], [ -36.80391, -5.03322 ], [ -36.80351, -5.03359 ], [ -36.80318, -5.03392 ], [ -36.80283, -5.03414 ], [ -36.8025, -5.03435 ], [ -36.8019, -5.03475 ], [ -36.80156, -5.0351 ], [ -36.80103, -5.03553 ], [ -36.8007, -5.03576 ], [ -36.8005, -5.03599 ], [ -36.80031, -5.03619 ], [ -36.8001, -5.03639 ], [ -36.79984, -5.03653 ], [ -36.79954, -5.03684 ], [ -36.79917, -5.03721 ], [ -36.79879, -5.0375 ], [ -36.79796, -5.0381 ], [ -36.79705, -5.03877 ], [ -36.79609, -5.03938 ], [ -36.79527, -5.04 ], [ -36.79471, -5.0404 ], [ -36.79407, -5.04086 ], [ -36.79226, -5.04198 ], [ -36.79076, -5.04287 ], [ -36.78938, -5.04369 ], [ -36.7882, -5.04419 ], [ -36.78662, -5.04477 ], [ -36.78508, -5.0452 ], [ -36.78391, -5.04547 ], [ -36.78294, -5.04556 ], [ -36.78286, -5.04555 ], [ -36.78234, -5.04546 ], [ -36.78131, -5.04528 ], [ -36.78022, -5.04513 ], [ -36.77896, -5.04507 ], [ -36.7781, -5.04526 ], [ -36.77753, -5.04557 ], [ -36.77687, -5.0465 ], [ -36.77643, -5.04786 ], [ -36.77588, -5.04919 ], [ -36.77567, -5.05009 ], [ -36.77562, -5.05033 ], [ -36.77518, -5.05129 ], [ -36.77441, -5.05222 ], [ -36.77374, -5.05283 ], [ -36.77163, -5.05142 ], [ -36.77078, -5.05086 ], [ -36.77096, -5.05065 ], [ -36.77115, -5.05035 ], [ -36.77113, -5.05022 ], [ -36.77101, -5.04989 ], [ -36.77059, -5.04964 ], [ -36.7699, -5.04931 ], [ -36.76947, -5.04915 ], [ -36.76881, -5.04909 ], [ -36.76807, -5.0492 ], [ -36.76705, -5.0495 ], [ -36.76597, -5.04998 ], [ -36.76511, -5.05053 ], [ -36.76402, -5.05129 ], [ -36.76312, -5.05197 ], [ -36.76206, -5.05298 ], [ -36.76142, -5.0535 ], [ -36.76091, -5.05386 ], [ -36.76016, -5.05431 ], [ -36.75927, -5.05478 ], [ -36.75836, -5.05522 ], [ -36.75722, -5.05594 ], [ -36.75624, -5.05661 ], [ -36.75572, -5.05693 ], [ -36.7548, -5.05749 ], [ -36.75317, -5.05836 ], [ -36.75205, -5.05906 ], [ -36.75038, -5.05982 ], [ -36.74925, -5.06033 ], [ -36.74786, -5.06092 ], [ -36.74712, -5.06118 ], [ -36.7465, -5.06133 ], [ -36.74462, -5.06198 ], [ -36.74249, -5.06269 ], [ -36.74144, -5.06303 ], [ -36.7403, -5.06337 ], [ -36.73953, -5.06369 ], [ -36.73862, -5.06417 ], [ -36.73781, -5.0646 ], [ -36.73705, -5.06501 ], [ -36.7366, -5.0653 ], [ -36.73576, -5.06583 ], [ -36.73488, -5.06645 ], [ -36.73441, -5.06682 ], [ -36.73417, -5.06711 ], [ -36.73407, -5.06738 ], [ -36.73416, -5.06777 ], [ -36.73431, -5.0681 ], [ -36.73449, -5.0683 ], [ -36.7346, -5.06854 ], [ -36.73462, -5.06875 ], [ -36.73456, -5.06901 ], [ -36.7344, -5.06918 ], [ -36.73414, -5.06935 ], [ -36.7339, -5.06961 ], [ -36.73377, -5.06988 ], [ -36.73364, -5.07009 ], [ -36.73337, -5.07039 ], [ -36.73304, -5.07066 ], [ -36.73261, -5.07085 ], [ -36.73225, -5.07097 ], [ -36.7319, -5.07107 ], [ -36.73169, -5.0712 ], [ -36.73148, -5.07142 ], [ -36.73112, -5.07191 ], [ -36.73084, -5.07238 ], [ -36.73042, -5.07308 ], [ -36.73005, -5.07379 ], [ -36.72969, -5.07461 ], [ -36.72946, -5.07508 ], [ -36.72924, -5.07583 ], [ -36.72922, -5.07616 ], [ -36.7292, -5.07656 ], [ -36.72915, -5.07689 ], [ -36.7291, -5.07718 ], [ -36.71559, -5.0809 ], [ -36.71697, -5.08273 ], [ -36.72215, -5.08519 ], [ -36.73864, -5.0876 ], [ -36.74426, -5.08951 ], [ -36.74912, -5.09301 ], [ -36.75147, -5.09581 ], [ -36.7515, -5.09818 ], [ -36.75042, -5.10048 ], [ -36.74798, -5.10124 ], [ -36.74435, -5.1029 ], [ -36.73997, -5.10665 ], [ -36.73577, -5.1074 ], [ -36.72886, -5.10689 ], [ -36.72456, -5.10701 ], [ -36.72061, -5.10825 ], [ -36.71867, -5.10936 ], [ -36.71734, -5.11152 ], [ -36.71647, -5.11487 ], [ -36.71696, -5.11787 ], [ -36.71949, -5.11941 ], [ -36.72207, -5.11977 ], [ -36.72402, -5.11831 ], [ -36.72653, -5.11574 ], [ -36.72815, -5.11561 ], [ -36.72957, -5.1168 ], [ -36.73043, -5.11847 ], [ -36.73102, -5.1235 ], [ -36.73143, -5.12908 ], [ -36.73056, -5.13305 ], [ -36.72915, -5.13395 ], [ -36.72801, -5.13422 ], [ -36.7255, -5.13366 ], [ -36.72285, -5.13365 ], [ -36.72144, -5.13539 ], [ -36.72158, -5.13853 ], [ -36.7236, -5.14453 ], [ -36.72611, -5.15215 ], [ -36.72625, -5.15256 ], [ -36.72764, -5.15388 ], [ -36.72912, -5.17503 ], [ -36.73471, -5.16747 ], [ -36.73469, -5.16744 ], [ -36.73467, -5.16742 ], [ -36.73465, -5.16739 ], [ -36.73464, -5.16738 ], [ -36.73464, -5.16736 ], [ -36.73463, -5.16735 ], [ -36.7367, -5.16439 ], [ -36.73748, -5.16326 ], [ -36.73877, -5.16143 ], [ -36.7388, -5.16143 ], [ -36.73883, -5.16143 ], [ -36.73884, -5.16142 ], [ -36.74008, -5.16022 ], [ -36.74857, -5.152 ], [ -36.7487, -5.15207 ], [ -36.76348, -5.15897 ], [ -36.76715, -5.16068 ], [ -36.78444, -5.16874 ] ] ] } },
{ "type": "Feature", "properties": { "CD_MUN": "2412005", "NM_MUN": "São Gonçalo do Amarante", "CD_RGI": "240001", "NM_RGI": "Natal", "CD_RGINT": "2401", "NM_RGINT": "Natal", "CD_UF": "24", "NM_UF": "Rio Grande do Norte", "SIGLA_UF": "RN", "CD_REGIA": "2", "NM_REGIA": "Nordeste", "SIGLA_RG": "NE", "CD_CONCU": "2408102", "NM_CONCU": "Natal\/RN", "AREA_KM2": 249.8 }, "geometry": { "type": "Polygon", "coordinates": [ [ [ -35.32354, -5.83778 ], [ -35.32411, -5.83784 ], [ -35.32414, -5.83784 ], [ -35.32632, -5.83805 ], [ -35.32687, -5.83811 ], [ -35.32798, -5.83822 ], [ -35.32996, -5.83841 ], [ -35.33304, -5.83871 ], [ -35.34215, -5.83961 ], [ -35.34236, -5.83963 ], [ -35.34237, -5.83963 ], [ -35.34733, -5.84012 ], [ -35.34738, -5.84012 ], [ -35.34932, -5.84032 ], [ -35.34936, -5.84032 ], [ -35.34942, -5.84033 ], [ -35.35299, -5.84068 ], [ -35.35303, -5.84069 ], [ -35.35308, -5.84069 ], [ -35.35474, -5.84086 ], [ -35.35485, -5.84087 ], [ -35.35864, -5.84124 ], [ -35.35871, -5.84125 ], [ -35.35873, -5.84125 ], [ -35.35879, -5.84126 ], [ -35.35932, -5.84131 ], [ -35.35944, -5.84132 ], [ -35.35957, -5.84133 ], [ -35.36035, -5.84141 ], [ -35.3604, -5.84142 ], [ -35.36046, -5.84142 ], [ -35.36055, -5.84143 ], [ -35.36058, -5.84143 ], [ -35.36059, -5.84144 ], [ -35.36195, -5.84157 ], [ -35.36211, -5.84159 ], [ -35.36567, -5.84194 ], [ -35.36579, -5.84195 ], [ -35.3664, -5.84201 ], [ -35.36646, -5.84202 ], [ -35.36652, -5.84203 ], [ -35.36751, -5.84212 ], [ -35.36782, -5.84215 ], [ -35.37339, -5.84271 ], [ -35.37876, -5.84324 ], [ -35.37886, -5.84325 ], [ -35.37892, -5.84325 ], [ -35.38578, -5.84351 ], [ -35.38949, -5.84365 ], [ -35.40777, -5.84433 ], [ -35.42671, -5.84504 ], [ -35.43195, -5.84524 ], [ -35.43194, -5.84422 ], [ -35.45411, -5.83974 ], [ -35.45457, -5.83961 ], [ -35.45468, -5.83958 ], [ -35.46091, -5.83788 ], [ -35.46351, -5.83717 ], [ -35.46476, -5.83683 ], [ -35.46666, -5.83631 ], [ -35.46812, -5.83591 ], [ -35.46821, -5.83589 ], [ -35.46845, -5.83581 ], [ -35.46866, -5.83574 ], [ -35.47085, -5.83506 ], [ -35.47159, -5.83482 ], [ -35.46587, -5.81137 ], [ -35.46566, -5.8105 ], [ -35.46452, -5.8058 ], [ -35.46449, -5.8057 ], [ -35.46427, -5.80478 ], [ -35.46425, -5.80469 ], [ -35.45151, -5.75242 ], [ -35.45113, -5.75085 ], [ -35.45076, -5.74935 ], [ -35.45029, -5.7474 ], [ -35.44999, -5.74618 ], [ -35.44945, -5.74396 ], [ -35.44832, -5.73935 ], [ -35.44686, -5.73336 ], [ -35.44524, -5.73389 ], [ -35.44231, -5.73456 ], [ -35.4405, -5.73497 ], [ -35.43968, -5.73478 ], [ -35.43874, -5.73412 ], [ -35.43622, -5.7331 ], [ -35.43495, -5.73285 ], [ -35.43216, -5.73271 ], [ -35.42851, -5.73331 ], [ -35.42629, -5.73367 ], [ -35.42033, -5.73528 ], [ -35.41961, -5.73548 ], [ -35.41337, -5.73744 ], [ -35.40996, -5.7378 ], [ -35.40561, -5.73747 ], [ -35.39629, -5.73607 ], [ -35.38713, -5.73536 ], [ -35.3859, -5.73517 ], [ -35.38448, -5.73496 ], [ -35.38384, -5.73473 ], [ -35.38225, -5.73362 ], [ -35.38192, -5.73338 ], [ -35.37853, -5.7318 ], [ -35.37709, -5.73135 ], [ -35.37136, -5.72955 ], [ -35.37087, -5.7294 ], [ -35.36955, -5.7291 ], [ -35.36169, -5.72906 ], [ -35.36114, -5.7285 ], [ -35.36103, -5.72851 ], [ -35.3606, -5.72857 ], [ -35.35802, -5.72894 ], [ -35.35511, -5.72921 ], [ -35.35149, -5.73001 ], [ -35.34633, -5.7309 ], [ -35.34447, -5.73179 ], [ -35.34291, -5.73305 ], [ -35.34182, -5.73494 ], [ -35.34113, -5.73693 ], [ -35.34066, -5.73779 ], [ -35.33982, -5.73823 ], [ -35.33886, -5.73835 ], [ -35.33755, -5.73816 ], [ -35.33661, -5.7377 ], [ -35.33494, -5.7365 ], [ -35.33427, -5.73581 ], [ -35.33236, -5.73496 ], [ -35.32921, -5.73447 ], [ -35.32172, -5.73434 ], [ -35.3208, -5.73447 ], [ -35.31964, -5.73504 ], [ -35.31899, -5.73572 ], [ -35.3166, -5.73739 ], [ -35.31538, -5.7379 ], [ -35.31444, -5.73805 ], [ -35.31321, -5.73797 ], [ -35.31132, -5.73699 ], [ -35.30963, -5.73579 ], [ -35.30817, -5.7345 ], [ -35.30688, -5.73267 ], [ -35.30427, -5.73087 ], [ -35.30119, -5.72915 ], [ -35.29819, -5.72793 ], [ -35.29363, -5.72534 ], [ -35.28963, -5.72365 ], [ -35.28699, -5.72194 ], [ -35.28649, -5.72089 ], [ -35.28561, -5.71798 ], [ -35.28546, -5.71278 ], [ -35.28541, -5.71103 ], [ -35.28516, -5.71016 ], [ -35.28405, -5.7086 ], [ -35.2821, -5.70638 ], [ -35.28149, -5.70598 ], [ -35.28063, -5.70523 ], [ -35.28035, -5.70516 ], [ -35.27721, -5.70441 ], [ -35.27644, -5.70322 ], [ -35.27624, -5.70132 ], [ -35.27601, -5.70091 ], [ -35.27544, -5.70062 ], [ -35.27413, -5.7007 ], [ -35.26944, -5.70185 ], [ -35.26554, -5.70405 ], [ -35.26568, -5.70437 ], [ -35.26622, -5.70555 ], [ -35.26635, -5.70584 ], [ -35.26708, -5.70718 ], [ -35.26794, -5.70851 ], [ -35.26872, -5.70954 ], [ -35.26898, -5.70988 ], [ -35.27103, -5.71233 ], [ -35.27137, -5.71277 ], [ -35.27168, -5.71316 ], [ -35.27236, -5.71407 ], [ -35.27237, -5.71409 ], [ -35.27238, -5.7141 ], [ -35.27298, -5.71508 ], [ -35.27327, -5.71557 ], [ -35.27382, -5.71669 ], [ -35.27395, -5.71695 ], [ -35.27399, -5.71703 ], [ -35.27432, -5.71775 ], [ -35.27456, -5.71827 ], [ -35.27504, -5.71929 ], [ -35.27519, -5.71959 ], [ -35.27591, -5.72075 ], [ -35.27616, -5.72115 ], [ -35.27631, -5.72136 ], [ -35.2765, -5.72165 ], [ -35.2767, -5.72187 ], [ -35.27706, -5.72222 ], [ -35.27726, -5.72236 ], [ -35.27743, -5.72247 ], [ -35.27755, -5.72251 ], [ -35.27759, -5.72253 ], [ -35.27827, -5.72299 ], [ -35.27844, -5.72312 ], [ -35.27946, -5.72352 ], [ -35.27974, -5.72363 ], [ -35.27975, -5.72363 ], [ -35.28019, -5.72383 ], [ -35.28106, -5.72425 ], [ -35.28185, -5.72462 ], [ -35.28577, -5.72646 ], [ -35.28595, -5.72654 ], [ -35.28687, -5.72721 ], [ -35.28895, -5.72873 ], [ -35.29017, -5.72979 ], [ -35.29107, -5.73095 ], [ -35.29134, -5.7325 ], [ -35.29127, -5.73308 ], [ -35.29117, -5.73411 ], [ -35.29091, -5.7362 ], [ -35.29079, -5.73723 ], [ -35.29075, -5.73751 ], [ -35.29058, -5.73897 ], [ -35.29043, -5.74024 ], [ -35.29038, -5.74052 ], [ -35.29017, -5.74286 ], [ -35.2899, -5.74509 ], [ -35.28967, -5.74699 ], [ -35.28967, -5.74704 ], [ -35.28966, -5.74707 ], [ -35.28961, -5.74744 ], [ -35.28959, -5.74765 ], [ -35.28944, -5.74877 ], [ -35.28931, -5.74984 ], [ -35.2893, -5.74991 ], [ -35.28929, -5.74997 ], [ -35.2891, -5.75163 ], [ -35.2891, -5.75163 ], [ -35.28899, -5.75265 ], [ -35.28891, -5.75323 ], [ -35.2889, -5.75333 ], [ -35.28889, -5.7534 ], [ -35.28861, -5.75569 ], [ -35.28843, -5.75717 ], [ -35.28843, -5.75718 ], [ -35.28843, -5.75719 ], [ -35.28842, -5.75725 ], [ -35.28834, -5.75783 ], [ -35.28831, -5.75797 ], [ -35.28813, -5.75879 ], [ -35.28811, -5.75887 ], [ -35.28803, -5.75912 ], [ -35.28795, -5.75944 ], [ -35.28794, -5.75948 ], [ -35.28752, -5.76115 ], [ -35.28751, -5.76117 ], [ -35.2875, -5.7612 ], [ -35.2874, -5.76159 ], [ -35.28727, -5.76207 ], [ -35.28709, -5.76263 ], [ -35.28699, -5.76284 ], [ -35.28692, -5.76296 ], [ -35.28688, -5.76303 ], [ -35.28682, -5.76315 ], [ -35.28677, -5.76322 ], [ -35.28657, -5.7635 ], [ -35.28564, -5.76381 ], [ -35.28563, -5.76381 ], [ -35.28495, -5.76406 ], [ -35.28467, -5.76416 ], [ -35.28401, -5.7644 ], [ -35.28377, -5.76449 ], [ -35.28373, -5.76451 ], [ -35.28302, -5.76477 ], [ -35.2827, -5.76489 ], [ -35.28147, -5.76535 ], [ -35.28098, -5.76553 ], [ -35.28006, -5.76588 ], [ -35.27976, -5.76598 ], [ -35.27977, -5.76599 ], [ -35.27973, -5.766 ], [ -35.27906, -5.76626 ], [ -35.27859, -5.76644 ], [ -35.27824, -5.76658 ], [ -35.27823, -5.76658 ], [ -35.27768, -5.76679 ], [ -35.27736, -5.76692 ], [ -35.27693, -5.76708 ], [ -35.27567, -5.76757 ], [ -35.27518, -5.76776 ], [ -35.27502, -5.76782 ], [ -35.27482, -5.7679 ], [ -35.27453, -5.76801 ], [ -35.27427, -5.7681 ], [ -35.27418, -5.76814 ], [ -35.27404, -5.76819 ], [ -35.27334, -5.76846 ], [ -35.27287, -5.76864 ], [ -35.27251, -5.76878 ], [ -35.27205, -5.76895 ], [ -35.27203, -5.76896 ], [ -35.27164, -5.7691 ], [ -35.27089, -5.76939 ], [ -35.27032, -5.7696 ], [ -35.26989, -5.76976 ], [ -35.26985, -5.76977 ], [ -35.26925, -5.77 ], [ -35.26893, -5.77011 ], [ -35.26863, -5.77022 ], [ -35.26837, -5.77032 ], [ -35.26789, -5.77049 ], [ -35.26743, -5.77065 ], [ -35.26696, -5.77081 ], [ -35.26694, -5.77082 ], [ -35.26671, -5.77091 ], [ -35.26669, -5.77092 ], [ -35.26201, -5.77271 ], [ -35.26167, -5.77283 ], [ -35.26116, -5.77303 ], [ -35.26055, -5.77325 ], [ -35.2597, -5.77357 ], [ -35.25871, -5.77394 ], [ -35.25815, -5.77415 ], [ -35.25806, -5.77418 ], [ -35.25716, -5.77452 ], [ -35.25695, -5.77459 ], [ -35.25621, -5.77487 ], [ -35.2557, -5.77506 ], [ -35.25564, -5.77508 ], [ -35.25564, -5.77508 ], [ -35.255, -5.77533 ], [ -35.25474, -5.77544 ], [ -35.25369, -5.77582 ], [ -35.25306, -5.77604 ], [ -35.25248, -5.77626 ], [ -35.25229, -5.77632 ], [ -35.25186, -5.77648 ], [ -35.25173, -5.77652 ], [ -35.25152, -5.7766 ], [ -35.25152, -5.7766 ], [ -35.25135, -5.77663 ], [ -35.25035, -5.77708 ], [ -35.25006, -5.77722 ], [ -35.24989, -5.77729 ], [ -35.24986, -5.77733 ], [ -35.24967, -5.77749 ], [ -35.24963, -5.77753 ], [ -35.24962, -5.77753 ], [ -35.24961, -5.77754 ], [ -35.24951, -5.77763 ], [ -35.2494, -5.77772 ], [ -35.24935, -5.77777 ], [ -35.24935, -5.77777 ], [ -35.24931, -5.77783 ], [ -35.24925, -5.77792 ], [ -35.24913, -5.77807 ], [ -35.24911, -5.77811 ], [ -35.24906, -5.77818 ], [ -35.24903, -5.77823 ], [ -35.24901, -5.77827 ], [ -35.24901, -5.77829 ], [ -35.249, -5.7783 ], [ -35.24887, -5.77872 ], [ -35.24887, -5.77873 ], [ -35.24886, -5.77875 ], [ -35.24879, -5.77894 ], [ -35.24879, -5.77894 ], [ -35.24878, -5.77898 ], [ -35.24855, -5.77962 ], [ -35.2482, -5.78057 ], [ -35.2482, -5.78057 ], [ -35.24817, -5.78067 ], [ -35.24805, -5.78099 ], [ -35.24792, -5.78135 ], [ -35.24791, -5.78138 ], [ -35.24756, -5.78225 ], [ -35.24811, -5.78393 ], [ -35.24971, -5.78573 ], [ -35.2511, -5.78796 ], [ -35.25178, -5.79118 ], [ -35.25168, -5.79442 ], [ -35.25209, -5.79697 ], [ -35.25228, -5.7982 ], [ -35.25309, -5.79943 ], [ -35.25393, -5.80215 ], [ -35.25554, -5.80503 ], [ -35.2573, -5.80704 ], [ -35.25846, -5.80838 ], [ -35.26124, -5.81003 ], [ -35.26146, -5.81009 ], [ -35.26179, -5.81006 ], [ -35.26252, -5.81031 ], [ -35.26295, -5.81045 ], [ -35.26386, -5.81076 ], [ -35.26517, -5.81114 ], [ -35.26689, -5.81157 ], [ -35.27076, -5.81348 ], [ -35.27086, -5.81357 ], [ -35.27247, -5.81487 ], [ -35.27445, -5.81699 ], [ -35.27605, -5.81772 ], [ -35.27838, -5.8183 ], [ -35.27966, -5.81892 ], [ -35.2808, -5.82069 ], [ -35.28152, -5.82204 ], [ -35.28183, -5.82542 ], [ -35.28189, -5.82686 ], [ -35.28198, -5.82844 ], [ -35.28197, -5.82947 ], [ -35.28588, -5.83021 ], [ -35.28877, -5.83121 ], [ -35.29071, -5.83244 ], [ -35.29261, -5.83465 ], [ -35.29687, -5.83744 ], [ -35.29855, -5.83881 ], [ -35.30108, -5.8397 ], [ -35.30322, -5.83978 ], [ -35.30389, -5.83967 ], [ -35.30393, -5.83961 ], [ -35.30451, -5.83953 ], [ -35.30451, -5.83953 ], [ -35.30723, -5.83782 ], [ -35.3085, -5.83668 ], [ -35.30863, -5.83632 ], [ -35.32354, -5.83778 ] ] ] } },
{ "type": "Feature", "properties": { "CD_MUN": "2413359", "NM_MUN": "Serra do Mel", "CD_RGI": "240009", "NM_RGI": "Mossoró", "CD_RGINT": "2403", "NM_RGINT": "Mossoró", "CD_UF": "24", "NM_UF": "Rio Grande do Norte", "SIGLA_UF": "RN", "CD_REGIA": "2", "NM_REGIA": "Nordeste", "SIGLA_RG": "NE", "CD_CONCU": null, "NM_CONCU": null, "AREA_KM2": 620.241 }, "geometry": { "type": "Polygon", "coordinates": [ [ [ -37.11153, -5.11374 ], [ -37.11173, -5.09678 ], [ -37.0508, -5.09659 ], [ -37.05094, -5.05977 ], [ -37.04779, -5.05976 ], [ -37.04742, -5.05976 ], [ -37.02843, -5.05969 ], [ -37.02861, -5.04246 ], [ -37.01132, -5.04241 ], [ -37.01142, -5.02195 ], [ -36.96579, -5.02187 ], [ -36.96595, -4.98589 ], [ -36.9131, -4.98946 ], [ -36.91222, -4.98952 ], [ -36.90826, -4.98979 ], [ -36.90836, -5.01593 ], [ -36.90869, -5.08095 ], [ -36.95258, -5.08119 ], [ -36.96482, -5.09353 ], [ -36.97512, -5.10392 ], [ -36.97512, -5.1133 ], [ -36.97512, -5.1307 ], [ -36.9301, -5.13101 ], [ -36.93004, -5.13546 ], [ -36.92918, -5.20386 ], [ -36.92918, -5.2039 ], [ -36.92873, -5.2395 ], [ -36.92805, -5.29378 ], [ -37.05123, -5.29408 ], [ -37.12614, -5.29342 ], [ -37.1558, -5.29389 ], [ -37.15584, -5.29389 ], [ -37.15611, -5.24035 ], [ -37.15614, -5.23423 ], [ -37.1563, -5.20421 ], [ -37.15649, -5.16666 ], [ -37.11109, -5.16655 ], [ -37.11108, -5.15001 ], [ -37.10548, -5.14999 ], [ -37.10541, -5.13269 ], [ -37.11126, -5.13271 ], [ -37.11141, -5.12465 ], [ -37.11153, -5.11374 ] ] ] } },
{ "type": "Feature", "properties": { "CD_MUN": "2401909", "NM_MUN": "Caiçara do Rio do Vento", "CD_RGI": "240006", "NM_RGI": "São Paulo do Potengi", "CD_RGINT": "2401", "NM_RGINT": "Natal", "CD_UF": "24", "NM_UF": "Rio Grande do Norte", "SIGLA_UF": "RN", "CD_REGIA": "2", "NM_REGIA": "Nordeste", "SIGLA_RG": "NE", "CD_CONCU": null, "NM_CONCU": null, "AREA_KM2": 261.194 }, "geometry": { "type": "Polygon", "coordinates": [ [ [ -35.93572, -5.74766 ], [ -35.9354, -5.74817 ], [ -35.93464, -5.7492 ], [ -35.93353, -5.75028 ], [ -35.9327, -5.75163 ], [ -35.93192, -5.75254 ], [ -35.93097, -5.75331 ], [ -35.92978, -5.75357 ], [ -35.92698, -5.7535 ], [ -35.92655, -5.75378 ], [ -35.92709, -5.75607 ], [ -35.9271, -5.75774 ], [ -35.92695, -5.75822 ], [ -35.92513, -5.76083 ], [ -35.92447, -5.7624 ], [ -35.92402, -5.76396 ], [ -35.92392, -5.76511 ], [ -35.9245, -5.76718 ], [ -35.92596, -5.77002 ], [ -35.92706, -5.7738 ], [ -35.92773, -5.77521 ], [ -35.92902, -5.7773 ], [ -35.9297, -5.77812 ], [ -35.93123, -5.77943 ], [ -35.93244, -5.78089 ], [ -35.93343, -5.7827 ], [ -35.93441, -5.78492 ], [ -35.93593, -5.78616 ], [ -35.9366, -5.78863 ], [ -35.93862, -5.7935 ], [ -35.93855, -5.79475 ], [ -35.93759, -5.79486 ], [ -35.93652, -5.79445 ], [ -35.93567, -5.79497 ], [ -35.93339, -5.79762 ], [ -35.93116, -5.79909 ], [ -35.9284, -5.80013 ], [ -35.92552, -5.80025 ], [ -35.92538, -5.80435 ], [ -35.92567, -5.8075 ], [ -35.93014, -5.80779 ], [ -35.93329, -5.80855 ], [ -35.93596, -5.80999 ], [ -35.93853, -5.81246 ], [ -35.9396, -5.81401 ], [ -35.94147, -5.81426 ], [ -35.94371, -5.81362 ], [ -35.94551, -5.81206 ], [ -35.94624, -5.81019 ], [ -35.94575, -5.80745 ], [ -35.94649, -5.80569 ], [ -35.94776, -5.80516 ], [ -35.95549, -5.80497 ], [ -35.95836, -5.80464 ], [ -35.9606, -5.80411 ], [ -35.96416, -5.80249 ], [ -35.96712, -5.80045 ], [ -35.96779, -5.79998 ], [ -35.97164, -5.79763 ], [ -35.97562, -5.79466 ], [ -35.97734, -5.79776 ], [ -35.98105, -5.80369 ], [ -35.98303, -5.80542 ], [ -35.98549, -5.80672 ], [ -35.98901, -5.80774 ], [ -35.99168, -5.80825 ], [ -35.99381, -5.80958 ], [ -35.99526, -5.81139 ], [ -35.99569, -5.81252 ], [ -35.9972, -5.81321 ], [ -36.00007, -5.81584 ], [ -36.0012, -5.81688 ], [ -36.00385, -5.82064 ], [ -36.00593, -5.82267 ], [ -36.00752, -5.82486 ], [ -36.009, -5.82788 ], [ -36.00931, -5.82985 ], [ -36.01116, -5.83231 ], [ -36.01169, -5.83366 ], [ -36.01393, -5.83523 ], [ -36.02327, -5.83523 ], [ -36.02696, -5.8355 ], [ -36.02909, -5.83655 ], [ -36.03701, -5.8435 ], [ -36.03914, -5.84496 ], [ -36.0425, -5.84618 ], [ -36.04463, -5.84712 ], [ -36.04623, -5.84806 ], [ -36.04958, -5.85104 ], [ -36.05245, -5.85272 ], [ -36.05672, -5.85471 ], [ -36.0595, -5.85619 ], [ -36.05951, -5.85619 ], [ -36.05952, -5.8562 ], [ -36.06018, -5.85655 ], [ -36.0638, -5.85875 ], [ -36.06519, -5.85875 ], [ -36.06712, -5.85731 ], [ -36.06782, -5.85602 ], [ -36.06518, -5.85071 ], [ -36.06545, -5.84952 ], [ -36.06941, -5.84725 ], [ -36.07236, -5.84587 ], [ -36.07375, -5.84494 ], [ -36.07493, -5.84463 ], [ -36.0775, -5.84267 ], [ -36.07863, -5.84096 ], [ -36.07949, -5.84004 ], [ -36.08206, -5.84026 ], [ -36.08397, -5.84151 ], [ -36.08536, -5.84131 ], [ -36.0867, -5.84075 ], [ -36.08703, -5.84023 ], [ -36.08703, -5.8395 ], [ -36.08757, -5.83888 ], [ -36.08981, -5.839 ], [ -36.09072, -5.83833 ], [ -36.09212, -5.83574 ], [ -36.09213, -5.83418 ], [ -36.09299, -5.83315 ], [ -36.09626, -5.83187 ], [ -36.09958, -5.82991 ], [ -36.10177, -5.83008 ], [ -36.10453, -5.83238 ], [ -36.10702, -5.83639 ], [ -36.10786, -5.83692 ], [ -36.11064, -5.83869 ], [ -36.11181, -5.84015 ], [ -36.11181, -5.84067 ], [ -36.1125, -5.8422 ], [ -36.1156, -5.80918 ], [ -36.10764, -5.78957 ], [ -36.09948, -5.76747 ], [ -36.09183, -5.74903 ], [ -36.08928, -5.74107 ], [ -36.08925, -5.74097 ], [ -36.08923, -5.74091 ], [ -36.08179, -5.71762 ], [ -36.06253, -5.65529 ], [ -36.06011, -5.65778 ], [ -36.03229, -5.68834 ], [ -36.02399, -5.69801 ], [ -36.00726, -5.70312 ], [ -35.97063, -5.71431 ], [ -35.96885, -5.71459 ], [ -35.93421, -5.71487 ], [ -35.93404, -5.7159 ], [ -35.94114, -5.72581 ], [ -35.9416, -5.72779 ], [ -35.93964, -5.73301 ], [ -35.93831, -5.74004 ], [ -35.93808, -5.74307 ], [ -35.9374, -5.74489 ], [ -35.93572, -5.74766 ] ] ] } },
{ "type": "Feature", "properties": { "CD_MUN": "2414605", "NM_MUN": "Upanema", "CD_RGI": "240009", "NM_RGI": "Mossoró", "CD_RGINT": "2403", "NM_RGINT": "Mossoró", "CD_UF": "24", "NM_UF": "Rio Grande do Norte", "SIGLA_UF": "RN", "CD_REGIA": "2", "NM_REGIA": "Nordeste", "SIGLA_RG": "NE", "CD_CONCU": null, "NM_CONCU": null, "AREA_KM2": 873.14 }, "geometry": { "type": "Polygon", "coordinates": [ [ [ -37.10468, -5.6564 ], [ -37.1065, -5.66273 ], [ -37.11244, -5.6649 ], [ -37.11812, -5.66632 ], [ -37.11988, -5.66709 ], [ -37.12349, -5.66938 ], [ -37.12578, -5.67164 ], [ -37.13029, -5.67931 ], [ -37.13345, -5.68175 ], [ -37.13607, -5.68311 ], [ -37.13979, -5.68551 ], [ -37.14263, -5.68759 ], [ -37.14508, -5.69002 ], [ -37.15006, -5.69756 ], [ -37.16357, -5.71331 ], [ -37.16444, -5.71383 ], [ -37.16693, -5.71335 ], [ -37.16865, -5.71273 ], [ -37.16975, -5.71281 ], [ -37.17031, -5.71377 ], [ -37.17093, -5.71576 ], [ -37.17283, -5.71843 ], [ -37.17464, -5.72138 ], [ -37.17678, -5.72369 ], [ -37.17852, -5.72362 ], [ -37.17932, -5.72227 ], [ -37.181, -5.71802 ], [ -37.18544, -5.71668 ], [ -37.1883, -5.71677 ], [ -37.19551, -5.7181 ], [ -37.19749, -5.71922 ], [ -37.2035, -5.72513 ], [ -37.22058, -5.7175 ], [ -37.24079, -5.7097 ], [ -37.24314, -5.70841 ], [ -37.24388, -5.708 ], [ -37.25103, -5.71751 ], [ -37.25313, -5.71762 ], [ -37.2548, -5.71822 ], [ -37.26047, -5.71748 ], [ -37.26198, -5.71594 ], [ -37.26424, -5.71509 ], [ -37.2656, -5.7139 ], [ -37.26635, -5.7139 ], [ -37.26849, -5.7153 ], [ -37.2692, -5.71506 ], [ -37.27028, -5.71315 ], [ -37.27123, -5.71238 ], [ -37.27183, -5.71254 ], [ -37.27267, -5.71403 ], [ -37.27768, -5.71741 ], [ -37.2807, -5.7172 ], [ -37.28125, -5.71645 ], [ -37.28102, -5.71506 ], [ -37.28229, -5.71482 ], [ -37.28274, -5.71366 ], [ -37.28443, -5.71511 ], [ -37.28574, -5.71489 ], [ -37.28677, -5.71525 ], [ -37.29335, -5.7142 ], [ -37.29431, -5.71295 ], [ -37.29522, -5.71255 ], [ -37.29577, -5.7123 ], [ -37.29733, -5.71045 ], [ -37.30296, -5.71009 ], [ -37.3053, -5.70934 ], [ -37.30859, -5.7105 ], [ -37.31311, -5.70994 ], [ -37.31387, -5.71034 ], [ -37.3149, -5.71222 ], [ -37.31762, -5.71397 ], [ -37.32071, -5.71448 ], [ -37.32206, -5.71412 ], [ -37.32361, -5.71552 ], [ -37.32563, -5.71545 ], [ -37.32895, -5.71779 ], [ -37.33042, -5.71751 ], [ -37.33248, -5.71888 ], [ -37.33355, -5.71903 ], [ -37.33442, -5.71848 ], [ -37.33815, -5.72002 ], [ -37.33962, -5.71994 ], [ -37.34033, -5.71943 ], [ -37.3416, -5.71983 ], [ -37.34283, -5.71912 ], [ -37.34358, -5.71933 ], [ -37.34433, -5.71954 ], [ -37.34818, -5.72062 ], [ -37.36289, -5.72073 ], [ -37.36701, -5.72136 ], [ -37.36831, -5.72211 ], [ -37.36859, -5.72227 ], [ -37.37174, -5.72225 ], [ -37.3734, -5.72318 ], [ -37.37554, -5.72479 ], [ -37.37969, -5.72903 ], [ -37.38296, -5.72932 ], [ -37.38902, -5.72838 ], [ -37.39335, -5.72914 ], [ -37.39764, -5.73067 ], [ -37.40239, -5.73377 ], [ -37.40891, -5.73704 ], [ -37.41491, -5.73935 ], [ -37.41714, -5.73952 ], [ -37.41861, -5.73962 ], [ -37.42252, -5.73991 ], [ -37.42616, -5.74184 ], [ -37.43501, -5.7453 ], [ -37.43886, -5.74425 ], [ -37.44213, -5.74264 ], [ -37.46745, -5.75228 ], [ -37.44867, -5.62731 ], [ -37.44598, -5.62762 ], [ -37.44541, -5.62162 ], [ -37.44448, -5.61199 ], [ -37.44212, -5.58693 ], [ -37.42873, -5.56256 ], [ -37.40023, -5.51071 ], [ -37.38289, -5.47917 ], [ -37.38235, -5.47819 ], [ -37.29753, -5.47791 ], [ -37.29467, -5.4779 ], [ -37.17276, -5.49049 ], [ -37.15285, -5.53895 ], [ -37.15284, -5.53896 ], [ -37.15274, -5.5392 ], [ -37.13621, -5.57943 ], [ -37.10459, -5.65622 ], [ -37.10468, -5.6564 ] ] ] } },
{ "type": "Feature", "properties": { "CD_MUN": "2408300", "NM_MUN": "Nova Cruz", "CD_RGI": "240002", "NM_RGI": "Santo Antônio - Passa e Fica - Nova Cruz", "CD_RGINT": "2401", "NM_RGINT": "Natal", "CD_UF": "24", "NM_UF": "Rio Grande do Norte", "SIGLA_UF": "RN", "CD_REGIA": "2", "NM_REGIA": "Nordeste", "SIGLA_RG": "NE", "CD_CONCU": null, "NM_CONCU": null, "AREA_KM2": 277.319 }, "geometry": { "type": "Polygon", "coordinates": [ [ [ -35.43532, -6.48878 ], [ -35.43966, -6.4876 ], [ -35.43984, -6.48761 ], [ -35.44162, -6.48773 ], [ -35.4421, -6.48659 ], [ -35.44208, -6.48587 ], [ -35.44156, -6.48303 ], [ -35.44173, -6.48247 ], [ -35.44179, -6.48227 ], [ -35.44265, -6.4794 ], [ -35.44265, -6.47938 ], [ -35.44265, -6.47937 ], [ -35.44334, -6.47965 ], [ -35.44443, -6.48144 ], [ -35.44575, -6.48634 ], [ -35.4467, -6.48684 ], [ -35.45159, -6.48497 ], [ -35.45554, -6.47854 ], [ -35.45749, -6.47718 ], [ -35.46005, -6.47678 ], [ -35.46079, -6.47695 ], [ -35.46215, -6.47832 ], [ -35.46422, -6.48271 ], [ -35.46652, -6.48317 ], [ -35.47089, -6.48272 ], [ -35.47089, -6.48272 ], [ -35.47152, -6.48265 ], [ -35.47311, -6.48316 ], [ -35.47714, -6.48685 ], [ -35.47932, -6.48679 ], [ -35.48321, -6.4864 ], [ -35.48428, -6.48601 ], [ -35.4848, -6.48558 ], [ -35.48607, -6.48289 ], [ -35.48912, -6.48089 ], [ -35.49198, -6.48008 ], [ -35.49256, -6.4803 ], [ -35.49451, -6.48314 ], [ -35.49579, -6.48326 ], [ -35.49728, -6.48103 ], [ -35.4997, -6.47867 ], [ -35.50141, -6.4778 ], [ -35.50472, -6.47852 ], [ -35.50804, -6.4787 ], [ -35.51235, -6.47682 ], [ -35.51395, -6.47816 ], [ -35.51426, -6.47842 ], [ -35.51526, -6.47926 ], [ -35.51775, -6.4794 ], [ -35.51906, -6.47907 ], [ -35.5253, -6.4761 ], [ -35.52589, -6.47623 ], [ -35.52654, -6.47869 ], [ -35.52709, -6.47927 ], [ -35.5271, -6.47927 ], [ -35.5314, -6.47994 ], [ -35.53364, -6.48303 ], [ -35.53513, -6.48259 ], [ -35.5372, -6.4801 ], [ -35.53796, -6.47991 ], [ -35.53921, -6.47999 ], [ -35.5401, -6.48055 ], [ -35.54076, -6.48297 ], [ -35.54228, -6.4828 ], [ -35.54397, -6.48147 ], [ -35.54669, -6.48187 ], [ -35.54778, -6.48247 ], [ -35.54788, -6.48259 ], [ -35.54982, -6.48493 ], [ -35.55151, -6.49019 ], [ -35.5521, -6.49082 ], [ -35.55434, -6.49191 ], [ -35.55851, -6.49288 ], [ -35.56167, -6.49264 ], [ -35.56239, -6.49245 ], [ -35.5648, -6.49178 ], [ -35.56467, -6.49117 ], [ -35.56391, -6.49051 ], [ -35.563, -6.48973 ], [ -35.56326, -6.48835 ], [ -35.56372, -6.48791 ], [ -35.56419, -6.48747 ], [ -35.56844, -6.48731 ], [ -35.57067, -6.48804 ], [ -35.57195, -6.48801 ], [ -35.57476, -6.48689 ], [ -35.57675, -6.48686 ], [ -35.57792, -6.4863 ], [ -35.58053, -6.48711 ], [ -35.58114, -6.48617 ], [ -35.58138, -6.4858 ], [ -35.58138, -6.48406 ], [ -35.58129, -6.48261 ], [ -35.58118, -6.4809 ], [ -35.58052, -6.47056 ], [ -35.57495, -6.46043 ], [ -35.57412, -6.45892 ], [ -35.57395, -6.45861 ], [ -35.57125, -6.45371 ], [ -35.55868, -6.43087 ], [ -35.55844, -6.43044 ], [ -35.55867, -6.43042 ], [ -35.55856, -6.42238 ], [ -35.55821, -6.42228 ], [ -35.55668, -6.42188 ], [ -35.55273, -6.42379 ], [ -35.55176, -6.4235 ], [ -35.54424, -6.41738 ], [ -35.53352, -6.41292 ], [ -35.51761, -6.4063 ], [ -35.51484, -6.40615 ], [ -35.48794, -6.40475 ], [ -35.48136, -6.40632 ], [ -35.48087, -6.40643 ], [ -35.44975, -6.41385 ], [ -35.44799, -6.41427 ], [ -35.44759, -6.41437 ], [ -35.44738, -6.41442 ], [ -35.44715, -6.40576 ], [ -35.43516, -6.39809 ], [ -35.42835, -6.39375 ], [ -35.40921, -6.38152 ], [ -35.38624, -6.39049 ], [ -35.37294, -6.4055 ], [ -35.35948, -6.40746 ], [ -35.35596, -6.40798 ], [ -35.35562, -6.40803 ], [ -35.35432, -6.40822 ], [ -35.35022, -6.40882 ], [ -35.34884, -6.40738 ], [ -35.3463, -6.40578 ], [ -35.34366, -6.40513 ], [ -35.34226, -6.40529 ], [ -35.34096, -6.40398 ], [ -35.33697, -6.39609 ], [ -35.32421, -6.39715 ], [ -35.32382, -6.39718 ], [ -35.30962, -6.40311 ], [ -35.3082, -6.40486 ], [ -35.30951, -6.40834 ], [ -35.31178, -6.41051 ], [ -35.31048, -6.41158 ], [ -35.3053, -6.41354 ], [ -35.30391, -6.4145 ], [ -35.30032, -6.41887 ], [ -35.30329, -6.42079 ], [ -35.30508, -6.42449 ], [ -35.30766, -6.42782 ], [ -35.3127, -6.43636 ], [ -35.31458, -6.4416 ], [ -35.31517, -6.44609 ], [ -35.31479, -6.4492 ], [ -35.31436, -6.44961 ], [ -35.31445, -6.44989 ], [ -35.31867, -6.46399 ], [ -35.31894, -6.46491 ], [ -35.32805, -6.49535 ], [ -35.32983, -6.50117 ], [ -35.34116, -6.53827 ], [ -35.34126, -6.53862 ], [ -35.36451, -6.51204 ], [ -35.37982, -6.50293 ], [ -35.38457, -6.5001 ], [ -35.39009, -6.49652 ], [ -35.39476, -6.49403 ], [ -35.40075, -6.4916 ], [ -35.40776, -6.48958 ], [ -35.41239, -6.48825 ], [ -35.41683, -6.48783 ], [ -35.42052, -6.48857 ], [ -35.42265, -6.48862 ], [ -35.42291, -6.48863 ], [ -35.42297, -6.48863 ], [ -35.42371, -6.48865 ], [ -35.42397, -6.48865 ], [ -35.42597, -6.4887 ], [ -35.42687, -6.48872 ], [ -35.4269, -6.48872 ], [ -35.42751, -6.48874 ], [ -35.43027, -6.4888 ], [ -35.43137, -6.48883 ], [ -35.43275, -6.48886 ], [ -35.43302, -6.48887 ], [ -35.4332, -6.48887 ], [ -35.43323, -6.48887 ], [ -35.43325, -6.48887 ], [ -35.43331, -6.48888 ], [ -35.43482, -6.48891 ], [ -35.43532, -6.48878 ] ] ] } },
{ "type": "Feature", "properties": { "CD_MUN": "2407005", "NM_MUN": "Luís Gomes", "CD_RGI": "240010", "NM_RGI": "Pau dos Ferros", "CD_RGINT": "2403", "NM_RGINT": "Mossoró", "CD_UF": "24", "NM_UF": "Rio Grande do Norte", "SIGLA_UF": "RN", "CD_REGIA": "2", "NM_REGIA": "Nordeste", "SIGLA_RG": "NE", "CD_CONCU": null, "NM_CONCU": null, "AREA_KM2": 166.638 }, "geometry": { "type": "Polygon", "coordinates": [ [ [ -38.38453, -6.42222 ], [ -38.38819, -6.41895 ], [ -38.38848, -6.41871 ], [ -38.39155, -6.41621 ], [ -38.39218, -6.41576 ], [ -38.39229, -6.41569 ], [ -38.39386, -6.41458 ], [ -38.39404, -6.41445 ], [ -38.39471, -6.41397 ], [ -38.39763, -6.41191 ], [ -38.39932, -6.40979 ], [ -38.40174, -6.40956 ], [ -38.40174, -6.40956 ], [ -38.40304, -6.40978 ], [ -38.40309, -6.40976 ], [ -38.40548, -6.41011 ], [ -38.40603, -6.41019 ], [ -38.41875, -6.41188 ], [ -38.42146, -6.41265 ], [ -38.42377, -6.41383 ], [ -38.42604, -6.41412 ], [ -38.42705, -6.41377 ], [ -38.42946, -6.41164 ], [ -38.43171, -6.41043 ], [ -38.43834, -6.40987 ], [ -38.44016, -6.40799 ], [ -38.44161, -6.4047 ], [ -38.44506, -6.40455 ], [ -38.44796, -6.40335 ], [ -38.44741, -6.39985 ], [ -38.44884, -6.39458 ], [ -38.45079, -6.39277 ], [ -38.45206, -6.39249 ], [ -38.45555, -6.39291 ], [ -38.46581, -6.39641 ], [ -38.47441, -6.39606 ], [ -38.48223, -6.39798 ], [ -38.48506, -6.39942 ], [ -38.48623, -6.39875 ], [ -38.48649, -6.39775 ], [ -38.48444, -6.39313 ], [ -38.48342, -6.3895 ], [ -38.48308, -6.38111 ], [ -38.48432, -6.37499 ], [ -38.48699, -6.3709 ], [ -38.49021, -6.36814 ], [ -38.49053, -6.36608 ], [ -38.48975, -6.36345 ], [ -38.48856, -6.36161 ], [ -38.48306, -6.35663 ], [ -38.47887, -6.34944 ], [ -38.47604, -6.34573 ], [ -38.46453, -6.33707 ], [ -38.45931, -6.33215 ], [ -38.45852, -6.33114 ], [ -38.45839, -6.33021 ], [ -38.45772, -6.33012 ], [ -38.45761, -6.32971 ], [ -38.45651, -6.32918 ], [ -38.45264, -6.32618 ], [ -38.44686, -6.31917 ], [ -38.44191, -6.31578 ], [ -38.43459, -6.31292 ], [ -38.43179, -6.30976 ], [ -38.42528, -6.306 ], [ -38.42416, -6.30472 ], [ -38.42292, -6.30217 ], [ -38.42092, -6.30058 ], [ -38.40866, -6.29346 ], [ -38.3966, -6.31841 ], [ -38.39647, -6.31866 ], [ -38.39456, -6.34509 ], [ -38.35314, -6.33438 ], [ -38.34734, -6.33288 ], [ -38.34359, -6.33191 ], [ -38.3313, -6.32874 ], [ -38.33352, -6.34783 ], [ -38.33438, -6.35528 ], [ -38.33658, -6.3742 ], [ -38.33918, -6.38412 ], [ -38.33929, -6.38717 ], [ -38.34059, -6.42461 ], [ -38.34376, -6.43522 ], [ -38.3438, -6.43535 ], [ -38.34758, -6.44801 ], [ -38.3438, -6.45665 ], [ -38.34856, -6.45574 ], [ -38.35522, -6.45722 ], [ -38.36098, -6.46199 ], [ -38.36142, -6.45724 ], [ -38.3624, -6.4548 ], [ -38.36379, -6.45364 ], [ -38.36874, -6.45558 ], [ -38.37251, -6.45613 ], [ -38.37251, -6.45613 ], [ -38.37297, -6.45599 ], [ -38.37366, -6.45578 ], [ -38.37469, -6.45457 ], [ -38.37481, -6.454 ], [ -38.37413, -6.44916 ], [ -38.37431, -6.44771 ], [ -38.37468, -6.44595 ], [ -38.37629, -6.44136 ], [ -38.37629, -6.4404 ], [ -38.37489, -6.43855 ], [ -38.37512, -6.43738 ], [ -38.37777, -6.43687 ], [ -38.38194, -6.43206 ], [ -38.38263, -6.43048 ], [ -38.38297, -6.42475 ], [ -38.38331, -6.4242 ], [ -38.38439, -6.42245 ], [ -38.38453, -6.42222 ] ] ] } },
{ "type": "Feature", "properties": { "CD_MUN": "2400208", "NM_MUN": "Açu", "CD_RGI": "240011", "NM_RGI": "Açu", "CD_RGINT": "2403", "NM_RGINT": "Mossoró", "CD_UF": "24", "NM_UF": "Rio Grande do Norte", "SIGLA_UF": "RN", "CD_REGIA": "2", "NM_REGIA": "Nordeste", "SIGLA_RG": "NE", "CD_CONCU": null, "NM_CONCU": null, "AREA_KM2": 1303.442 }, "geometry": { "type": "Polygon", "coordinates": [ [ [ -36.87391, -5.38944 ], [ -36.87082, -5.39146 ], [ -36.85645, -5.40087 ], [ -36.83843, -5.40376 ], [ -36.83896, -5.40465 ], [ -36.83991, -5.40749 ], [ -36.84106, -5.40915 ], [ -36.84206, -5.41009 ], [ -36.84587, -5.41176 ], [ -36.84743, -5.41266 ], [ -36.84931, -5.41409 ], [ -36.8499, -5.41517 ], [ -36.85003, -5.41798 ], [ -36.8503, -5.41915 ], [ -36.85793, -5.43068 ], [ -36.86031, -5.43385 ], [ -36.86039, -5.43505 ], [ -36.86006, -5.43742 ], [ -36.86005, -5.44027 ], [ -36.86041, -5.44234 ], [ -36.86104, -5.4448 ], [ -36.86209, -5.4469 ], [ -36.86348, -5.44896 ], [ -36.86515, -5.45022 ], [ -36.86713, -5.45114 ], [ -36.86854, -5.4521 ], [ -36.86896, -5.45292 ], [ -36.87115, -5.45537 ], [ -36.87392, -5.45757 ], [ -36.87423, -5.45823 ], [ -36.87427, -5.4591 ], [ -36.87379, -5.46179 ], [ -36.87402, -5.46348 ], [ -36.87393, -5.46414 ], [ -36.8745, -5.46643 ], [ -36.87389, -5.4672 ], [ -36.8717, -5.46841 ], [ -36.87118, -5.46941 ], [ -36.86949, -5.47814 ], [ -36.86968, -5.48025 ], [ -36.87112, -5.48341 ], [ -36.87173, -5.48436 ], [ -36.87317, -5.48598 ], [ -36.87427, -5.48643 ], [ -36.87528, -5.48624 ], [ -36.87594, -5.48638 ], [ -36.87677, -5.48691 ], [ -36.87807, -5.48832 ], [ -36.88111, -5.4908 ], [ -36.88242, -5.49164 ], [ -36.88498, -5.49248 ], [ -36.88607, -5.49328 ], [ -36.8874, -5.49591 ], [ -36.88803, -5.49818 ], [ -36.88828, -5.50229 ], [ -36.88862, -5.50305 ], [ -36.88954, -5.50407 ], [ -36.89212, -5.50576 ], [ -36.8939, -5.50719 ], [ -36.8985, -5.5122 ], [ -36.89894, -5.51316 ], [ -36.89921, -5.51373 ], [ -36.89946, -5.51502 ], [ -36.89949, -5.51828 ], [ -36.89979, -5.51956 ], [ -36.9004, -5.52095 ], [ -36.9011, -5.52347 ], [ -36.90307, -5.52718 ], [ -36.90377, -5.52956 ], [ -36.90387, -5.53129 ], [ -36.9035, -5.5345 ], [ -36.90278, -5.53652 ], [ -36.90171, -5.5381 ], [ -36.90054, -5.53943 ], [ -36.89992, -5.54081 ], [ -36.89982, -5.54209 ], [ -36.90017, -5.54362 ], [ -36.90006, -5.54486 ], [ -36.8997, -5.54609 ], [ -36.89964, -5.54733 ], [ -36.89999, -5.55044 ], [ -36.89912, -5.5533 ], [ -36.89794, -5.55527 ], [ -36.89672, -5.55665 ], [ -36.89453, -5.55818 ], [ -36.89178, -5.55979 ], [ -36.89025, -5.56137 ], [ -36.88918, -5.56384 ], [ -36.88832, -5.56532 ], [ -36.88816, -5.56561 ], [ -36.88398, -5.56891 ], [ -36.8826, -5.57073 ], [ -36.88229, -5.57201 ], [ -36.88249, -5.57325 ], [ -36.88335, -5.57518 ], [ -36.88582, -5.57938 ], [ -36.88713, -5.5821 ], [ -36.88911, -5.58355 ], [ -36.89156, -5.58599 ], [ -36.89235, -5.58677 ], [ -36.89315, -5.5883 ], [ -36.89345, -5.58991 ], [ -36.8938, -5.59179 ], [ -36.8944, -5.59369 ], [ -36.89657, -5.59789 ], [ -36.89778, -5.60126 ], [ -36.89782, -5.60279 ], [ -36.89753, -5.60348 ], [ -36.89571, -5.60667 ], [ -36.89533, -5.60793 ], [ -36.89506, -5.61221 ], [ -36.8948, -5.61368 ], [ -36.89446, -5.61474 ], [ -36.89387, -5.61576 ], [ -36.89261, -5.61718 ], [ -36.89212, -5.62124 ], [ -36.89113, -5.62328 ], [ -36.89142, -5.62673 ], [ -36.89246, -5.63011 ], [ -36.89223, -5.63084 ], [ -36.88921, -5.63508 ], [ -36.88814, -5.63633 ], [ -36.88534, -5.63772 ], [ -36.8842, -5.63852 ], [ -36.88344, -5.63962 ], [ -36.88337, -5.64058 ], [ -36.88403, -5.6441 ], [ -36.88411, -5.64557 ], [ -36.88395, -5.64674 ], [ -36.88349, -5.64806 ], [ -36.8819, -5.65034 ], [ -36.88167, -5.65121 ], [ -36.88174, -5.65298 ], [ -36.88223, -5.65611 ], [ -36.88328, -5.66923 ], [ -36.88355, -5.67266 ], [ -36.88397, -5.68235 ], [ -36.88472, -5.685 ], [ -36.88606, -5.68765 ], [ -36.88696, -5.68882 ], [ -36.88757, -5.69044 ], [ -36.88741, -5.6922 ], [ -36.88695, -5.69382 ], [ -36.88707, -5.70057 ], [ -36.88782, -5.70322 ], [ -36.88977, -5.70557 ], [ -36.89357, -5.71084 ], [ -36.92676, -5.73119 ], [ -36.94427, -5.74192 ], [ -36.96153, -5.75251 ], [ -36.96412, -5.76961 ], [ -36.96511, -5.77354 ], [ -36.96711, -5.77516 ], [ -36.97925, -5.78297 ], [ -36.98011, -5.78385 ], [ -36.98011, -5.78532 ], [ -36.9774, -5.81362 ], [ -36.98514, -5.81538 ], [ -36.99004, -5.8172 ], [ -37.00211, -5.8271 ], [ -37.00622, -5.83149 ], [ -37.00966, -5.83712 ], [ -37.01173, -5.8584 ], [ -37.01449, -5.86519 ], [ -37.01536, -5.87085 ], [ -37.01976, -5.87681 ], [ -37.02651, -5.88479 ], [ -37.03072, -5.88848 ], [ -37.03547, -5.89074 ], [ -37.03558, -5.89107 ], [ -37.03579, -5.89101 ], [ -36.9941, -5.77171 ], [ -37.02136, -5.75509 ], [ -37.05025, -5.747 ], [ -37.05456, -5.74579 ], [ -37.06059, -5.735 ], [ -37.0622, -5.73211 ], [ -37.06222, -5.73209 ], [ -37.1045, -5.65638 ], [ -37.10459, -5.65622 ], [ -37.13621, -5.57943 ], [ -37.15274, -5.5392 ], [ -37.15284, -5.53896 ], [ -37.15285, -5.53895 ], [ -37.17276, -5.49049 ], [ -37.16869, -5.47454 ], [ -37.16864, -5.47438 ], [ -37.14295, -5.3739 ], [ -37.13919, -5.33557 ], [ -37.12614, -5.29342 ], [ -37.05123, -5.29408 ], [ -37.02943, -5.3257 ], [ -36.92845, -5.35374 ], [ -36.92405, -5.35662 ], [ -36.87417, -5.38927 ], [ -36.87399, -5.38939 ], [ -36.87391, -5.38944 ] ] ] } },
{ "type": "Feature", "properties": { "CD_MUN": "2409605", "NM_MUN": "Pedra Preta", "CD_RGI": "240005", "NM_RGI": "João Câmara", "CD_RGINT": "2401", "NM_RGINT": "Natal", "CD_UF": "24", "NM_UF": "Rio Grande do Norte", "SIGLA_UF": "RN", "CD_REGIA": "2", "NM_REGIA": "Nordeste", "SIGLA_RG": "NE", "CD_CONCU": null, "NM_CONCU": null, "AREA_KM2": 294.985 }, "geometry": { "type": "Polygon", "coordinates": [ [ [ -36.11282, -5.61553 ], [ -36.1379, -5.59569 ], [ -36.14317, -5.59153 ], [ -36.14369, -5.56694 ], [ -36.17198, -5.54468 ], [ -36.1409, -5.50024 ], [ -36.12855, -5.45682 ], [ -36.0633, -5.4054 ], [ -36.02802, -5.44485 ], [ -36.02767, -5.44525 ], [ -35.99241, -5.46379 ], [ -36.05641, -5.63855 ], [ -36.06253, -5.65529 ], [ -36.11282, -5.61553 ] ] ] } },
{ "type": "Feature", "properties": { "CD_MUN": "2412906", "NM_MUN": "São Tomé", "CD_RGI": "240006", "NM_RGI": "São Paulo do Potengi", "CD_RGINT": "2401", "NM_RGINT": "Natal", "CD_UF": "24", "NM_UF": "Rio Grande do Norte", "SIGLA_UF": "RN", "CD_REGIA": "2", "NM_REGIA": "Nordeste", "SIGLA_RG": "NE", "CD_CONCU": null, "NM_CONCU": null, "AREA_KM2": 862.585 }, "geometry": { "type": "Polygon", "coordinates": [ [ [ -36.10786, -5.83692 ], [ -36.10702, -5.83639 ], [ -36.10453, -5.83238 ], [ -36.10177, -5.83008 ], [ -36.09958, -5.82991 ], [ -36.09626, -5.83187 ], [ -36.09299, -5.83315 ], [ -36.09213, -5.83418 ], [ -36.09212, -5.83574 ], [ -36.09072, -5.83833 ], [ -36.08981, -5.839 ], [ -36.08757, -5.83888 ], [ -36.08703, -5.8395 ], [ -36.08703, -5.84023 ], [ -36.0867, -5.84075 ], [ -36.08536, -5.84131 ], [ -36.08397, -5.84151 ], [ -36.08206, -5.84026 ], [ -36.07949, -5.84004 ], [ -36.07863, -5.84096 ], [ -36.0775, -5.84267 ], [ -36.07493, -5.84463 ], [ -36.07375, -5.84494 ], [ -36.07236, -5.84587 ], [ -36.06941, -5.84725 ], [ -36.06545, -5.84952 ], [ -36.06518, -5.85071 ], [ -36.06782, -5.85602 ], [ -36.06712, -5.85731 ], [ -36.06519, -5.85875 ], [ -36.0638, -5.85875 ], [ -36.06018, -5.85655 ], [ -36.05952, -5.8562 ], [ -36.05951, -5.85619 ], [ -36.0595, -5.85619 ], [ -36.05672, -5.85471 ], [ -36.05245, -5.85272 ], [ -36.04958, -5.85104 ], [ -36.04623, -5.84806 ], [ -36.04463, -5.84712 ], [ -36.0425, -5.84618 ], [ -36.03914, -5.84496 ], [ -36.03701, -5.8435 ], [ -36.02909, -5.83655 ], [ -36.02696, -5.8355 ], [ -36.02327, -5.83523 ], [ -36.01393, -5.83523 ], [ -35.98351, -5.87787 ], [ -35.96668, -5.9013 ], [ -35.96306, -5.95915 ], [ -35.96276, -5.96118 ], [ -35.9627, -5.96383 ], [ -35.96305, -5.96612 ], [ -35.9631, -5.96647 ], [ -35.96424, -5.96795 ], [ -35.96631, -5.96884 ], [ -35.96773, -5.96885 ], [ -35.96837, -5.96905 ], [ -35.96865, -5.96933 ], [ -35.96878, -5.96987 ], [ -35.96821, -5.97064 ], [ -35.96819, -5.97103 ], [ -35.9685, -5.97142 ], [ -35.97033, -5.97146 ], [ -35.97083, -5.97161 ], [ -35.9711, -5.972 ], [ -35.97179, -5.97431 ], [ -35.97244, -5.97553 ], [ -35.97315, -5.97642 ], [ -35.97498, -5.97789 ], [ -35.97624, -5.97857 ], [ -35.9772, -5.97966 ], [ -35.97764, -5.98102 ], [ -35.97764, -5.98189 ], [ -35.97719, -5.98379 ], [ -35.97741, -5.98438 ], [ -35.97818, -5.98522 ], [ -35.97848, -5.98586 ], [ -35.9785, -5.98633 ], [ -35.97786, -5.98776 ], [ -35.97779, -5.98861 ], [ -35.97797, -5.98916 ], [ -35.97848, -5.98956 ], [ -35.97971, -5.98975 ], [ -35.98106, -5.99106 ], [ -35.98209, -5.99321 ], [ -35.98236, -5.99551 ], [ -35.98396, -5.99742 ], [ -35.98418, -5.99799 ], [ -35.98191, -5.99937 ], [ -35.98128, -5.99995 ], [ -35.98073, -6.00133 ], [ -35.97929, -6.00224 ], [ -35.97958, -6.00514 ], [ -35.97952, -6.00558 ], [ -35.97888, -6.00625 ], [ -35.97891, -6.00802 ], [ -35.97875, -6.00854 ], [ -35.97833, -6.00896 ], [ -35.97722, -6.00943 ], [ -35.97689, -6.01031 ], [ -35.97702, -6.01187 ], [ -35.97683, -6.0144 ], [ -35.97808, -6.01687 ], [ -35.97862, -6.01726 ], [ -35.98029, -6.01758 ], [ -35.98058, -6.01775 ], [ -35.98096, -6.01797 ], [ -35.98298, -6.0202 ], [ -35.98403, -6.02231 ], [ -35.98508, -6.02317 ], [ -35.98814, -6.02473 ], [ -35.98849, -6.02511 ], [ -35.98844, -6.02815 ], [ -35.98968, -6.0303 ], [ -35.98991, -6.03212 ], [ -35.99067, -6.03303 ], [ -35.99143, -6.03362 ], [ -35.99446, -6.03477 ], [ -35.99795, -6.03766 ], [ -35.99889, -6.03789 ], [ -36.00059, -6.03792 ], [ -36.00308, -6.0395 ], [ -36.00565, -6.04147 ], [ -36.00635, -6.0427 ], [ -36.00766, -6.04731 ], [ -36.00828, -6.04784 ], [ -36.00975, -6.04831 ], [ -36.01119, -6.04919 ], [ -36.03183, -6.06939 ], [ -36.03457, -6.07135 ], [ -36.0359, -6.0726 ], [ -36.03989, -6.07544 ], [ -36.04126, -6.07661 ], [ -36.04237, -6.0779 ], [ -36.04363, -6.07896 ], [ -36.04427, -6.07951 ], [ -36.04516, -6.08003 ], [ -36.04752, -6.08273 ], [ -36.04881, -6.08472 ], [ -36.04972, -6.08536 ], [ -36.06098, -6.08906 ], [ -36.06257, -6.09024 ], [ -36.06583, -6.09379 ], [ -36.06774, -6.09697 ], [ -36.06928, -6.09861 ], [ -36.07187, -6.10043 ], [ -36.08035, -6.10201 ], [ -36.08167, -6.10151 ], [ -36.08486, -6.09902 ], [ -36.08513, -6.09842 ], [ -36.0853, -6.09705 ], [ -36.08547, -6.09675 ], [ -36.08607, -6.09669 ], [ -36.08754, -6.09695 ], [ -36.0881, -6.09738 ], [ -36.08937, -6.09889 ], [ -36.09026, -6.0993 ], [ -36.09163, -6.09938 ], [ -36.09581, -6.09915 ], [ -36.09714, -6.09946 ], [ -36.10706, -6.09861 ], [ -36.109, -6.09937 ], [ -36.11046, -6.10096 ], [ -36.11237, -6.10261 ], [ -36.11408, -6.10408 ], [ -36.11551, -6.10449 ], [ -36.11638, -6.10443 ], [ -36.11729, -6.104 ], [ -36.11769, -6.10289 ], [ -36.11638, -6.09326 ], [ -36.11715, -6.09172 ], [ -36.11967, -6.08961 ], [ -36.12107, -6.08885 ], [ -36.12214, -6.08879 ], [ -36.12384, -6.089 ], [ -36.12864, -6.09024 ], [ -36.13151, -6.09173 ], [ -36.13304, -6.09344 ], [ -36.13493, -6.09503 ], [ -36.13706, -6.0959 ], [ -36.14073, -6.09695 ], [ -36.14303, -6.09737 ], [ -36.14456, -6.09794 ], [ -36.14549, -6.09862 ], [ -36.14997, -6.10377 ], [ -36.1513, -6.10492 ], [ -36.15286, -6.10573 ], [ -36.15436, -6.10624 ], [ -36.1557, -6.10638 ], [ -36.15927, -6.10549 ], [ -36.16021, -6.10562 ], [ -36.16291, -6.10647 ], [ -36.16401, -6.10749 ], [ -36.16529, -6.10928 ], [ -36.16651, -6.11306 ], [ -36.16857, -6.11491 ], [ -36.17043, -6.11592 ], [ -36.17269, -6.11783 ], [ -36.17377, -6.12174 ], [ -36.18169, -6.12541 ], [ -36.18342, -6.12565 ], [ -36.1851, -6.12625 ], [ -36.18887, -6.12688 ], [ -36.19055, -6.12828 ], [ -36.19218, -6.12918 ], [ -36.19388, -6.12958 ], [ -36.19746, -6.12929 ], [ -36.20016, -6.12961 ], [ -36.20304, -6.13057 ], [ -36.2083, -6.1329 ], [ -36.21109, -6.13483 ], [ -36.21278, -6.13739 ], [ -36.21509, -6.13869 ], [ -36.22168, -6.13984 ], [ -36.22338, -6.14047 ], [ -36.22395, -6.14098 ], [ -36.2245, -6.14149 ], [ -36.22517, -6.14335 ], [ -36.22541, -6.14814 ], [ -36.22514, -6.14969 ], [ -36.22535, -6.15142 ], [ -36.22577, -6.1528 ], [ -36.22705, -6.15427 ], [ -36.22816, -6.15626 ], [ -36.22815, -6.15859 ], [ -36.22793, -6.1604 ], [ -36.22688, -6.16368 ], [ -36.2262, -6.16412 ], [ -36.23395, -6.1648 ], [ -36.25685, -6.15802 ], [ -36.2957, -6.12217 ], [ -36.30222, -6.11537 ], [ -36.28136, -6.04404 ], [ -36.25496, -5.98651 ], [ -36.2548, -5.98617 ], [ -36.25289, -5.98201 ], [ -36.23272, -5.92436 ], [ -36.22702, -5.90808 ], [ -36.22418, -5.89995 ], [ -36.21288, -5.87373 ], [ -36.19682, -5.88312 ], [ -36.19478, -5.87721 ], [ -36.19299, -5.87273 ], [ -36.19133, -5.8689 ], [ -36.18816, -5.86256 ], [ -36.18576, -5.85816 ], [ -36.18395, -5.85627 ], [ -36.18209, -5.85465 ], [ -36.18002, -5.85347 ], [ -36.17808, -5.85339 ], [ -36.17296, -5.85544 ], [ -36.17005, -5.85601 ], [ -36.16798, -5.85594 ], [ -36.15908, -5.85025 ], [ -36.15773, -5.84966 ], [ -36.15637, -5.84953 ], [ -36.15481, -5.8501 ], [ -36.15339, -5.85133 ], [ -36.15247, -5.85314 ], [ -36.15233, -5.85547 ], [ -36.1518, -5.85722 ], [ -36.15094, -5.85873 ], [ -36.14985, -5.85928 ], [ -36.14753, -5.85882 ], [ -36.14352, -5.85717 ], [ -36.14184, -5.8571 ], [ -36.14055, -5.85768 ], [ -36.1399, -5.85865 ], [ -36.1393, -5.86169 ], [ -36.13858, -5.86324 ], [ -36.13741, -5.86395 ], [ -36.13701, -5.86395 ], [ -36.13612, -5.86394 ], [ -36.13225, -5.86133 ], [ -36.12969, -5.86007 ], [ -36.12722, -5.85942 ], [ -36.12102, -5.85946 ], [ -36.11861, -5.85931 ], [ -36.11784, -5.85905 ], [ -36.11714, -5.85776 ], [ -36.11599, -5.85463 ], [ -36.11523, -5.84957 ], [ -36.11378, -5.84367 ], [ -36.1125, -5.8422 ], [ -36.11181, -5.84067 ], [ -36.11181, -5.84015 ], [ -36.11064, -5.83869 ], [ -36.10786, -5.83692 ] ] ] } },
{ "type": "Feature", "properties": { "CD_MUN": "2401503", "NM_MUN": "Barcelona", "CD_RGI": "240006", "NM_RGI": "São Paulo do Potengi", "CD_RGINT": "2401", "NM_RGINT": "Natal", "CD_UF": "24", "NM_UF": "Rio Grande do Norte", "SIGLA_UF": "RN", "CD_REGIA": "2", "NM_REGIA": "Nordeste", "SIGLA_RG": "NE", "CD_CONCU": null, "NM_CONCU": null, "AREA_KM2": 152.626 }, "geometry": { "type": "Polygon", "coordinates": [ [ [ -35.8652, -5.96856 ], [ -35.89846, -5.99204 ], [ -35.9248, -6.01063 ], [ -35.94318, -6.02093 ], [ -35.96793, -6.03481 ], [ -36.03183, -6.06939 ], [ -36.01119, -6.04919 ], [ -36.00975, -6.04831 ], [ -36.00828, -6.04784 ], [ -36.00766, -6.04731 ], [ -36.00635, -6.0427 ], [ -36.00565, -6.04147 ], [ -36.00308, -6.0395 ], [ -36.00059, -6.03792 ], [ -35.99889, -6.03789 ], [ -35.99795, -6.03766 ], [ -35.99446, -6.03477 ], [ -35.99143, -6.03362 ], [ -35.99067, -6.03303 ], [ -35.98991, -6.03212 ], [ -35.98968, -6.0303 ], [ -35.98844, -6.02815 ], [ -35.98849, -6.02511 ], [ -35.98814, -6.02473 ], [ -35.98508, -6.02317 ], [ -35.98403, -6.02231 ], [ -35.98298, -6.0202 ], [ -35.98096, -6.01797 ], [ -35.98058, -6.01775 ], [ -35.98029, -6.01758 ], [ -35.97862, -6.01726 ], [ -35.97808, -6.01687 ], [ -35.97683, -6.0144 ], [ -35.97702, -6.01187 ], [ -35.97689, -6.01031 ], [ -35.97722, -6.00943 ], [ -35.97833, -6.00896 ], [ -35.97875, -6.00854 ], [ -35.97891, -6.00802 ], [ -35.97888, -6.00625 ], [ -35.97952, -6.00558 ], [ -35.97958, -6.00514 ], [ -35.97929, -6.00224 ], [ -35.98073, -6.00133 ], [ -35.98128, -5.99995 ], [ -35.98191, -5.99937 ], [ -35.98418, -5.99799 ], [ -35.98396, -5.99742 ], [ -35.98236, -5.99551 ], [ -35.98209, -5.99321 ], [ -35.98106, -5.99106 ], [ -35.97971, -5.98975 ], [ -35.97848, -5.98956 ], [ -35.97797, -5.98916 ], [ -35.97779, -5.98861 ], [ -35.97786, -5.98776 ], [ -35.9785, -5.98633 ], [ -35.97848, -5.98586 ], [ -35.97818, -5.98522 ], [ -35.97741, -5.98438 ], [ -35.97719, -5.98379 ], [ -35.97764, -5.98189 ], [ -35.97764, -5.98102 ], [ -35.9772, -5.97966 ], [ -35.97624, -5.97857 ], [ -35.97498, -5.97789 ], [ -35.97315, -5.97642 ], [ -35.97244, -5.97553 ], [ -35.97179, -5.97431 ], [ -35.9711, -5.972 ], [ -35.97083, -5.97161 ], [ -35.97033, -5.97146 ], [ -35.9685, -5.97142 ], [ -35.96819, -5.97103 ], [ -35.96821, -5.97064 ], [ -35.96878, -5.96987 ], [ -35.96865, -5.96933 ], [ -35.96837, -5.96905 ], [ -35.96773, -5.96885 ], [ -35.96631, -5.96884 ], [ -35.96424, -5.96795 ], [ -35.9631, -5.96647 ], [ -35.96305, -5.96612 ], [ -35.9627, -5.96383 ], [ -35.96276, -5.96118 ], [ -35.96306, -5.95915 ], [ -35.96668, -5.9013 ], [ -35.94435, -5.90472 ], [ -35.944, -5.90478 ], [ -35.91924, -5.90857 ], [ -35.92008, -5.90499 ], [ -35.92046, -5.90249 ], [ -35.92167, -5.89972 ], [ -35.92229, -5.89887 ], [ -35.91699, -5.89678 ], [ -35.91662, -5.89647 ], [ -35.91696, -5.89539 ], [ -35.91704, -5.89389 ], [ -35.91675, -5.89346 ], [ -35.91623, -5.89326 ], [ -35.91541, -5.8934 ], [ -35.91416, -5.89404 ], [ -35.91283, -5.89443 ], [ -35.91186, -5.89448 ], [ -35.91113, -5.89482 ], [ -35.91095, -5.8956 ], [ -35.91115, -5.89683 ], [ -35.91223, -5.9 ], [ -35.91333, -5.90203 ], [ -35.91329, -5.9025 ], [ -35.9131, -5.90273 ], [ -35.91258, -5.9028 ], [ -35.9071, -5.90113 ], [ -35.90651, -5.90067 ], [ -35.90618, -5.90013 ], [ -35.90604, -5.89951 ], [ -35.90622, -5.89893 ], [ -35.90693, -5.89782 ], [ -35.90673, -5.89749 ], [ -35.90613, -5.89709 ], [ -35.90462, -5.89651 ], [ -35.90254, -5.89614 ], [ -35.90177, -5.89638 ], [ -35.90166, -5.89686 ], [ -35.90213, -5.89873 ], [ -35.90188, -5.89914 ], [ -35.89917, -5.9006 ], [ -35.89805, -5.90037 ], [ -35.89729, -5.89891 ], [ -35.89699, -5.89864 ], [ -35.89631, -5.89855 ], [ -35.89578, -5.8989 ], [ -35.89556, -5.89959 ], [ -35.89572, -5.9002 ], [ -35.89671, -5.90122 ], [ -35.89684, -5.90189 ], [ -35.89563, -5.90233 ], [ -35.89475, -5.90308 ], [ -35.89353, -5.90289 ], [ -35.89224, -5.90183 ], [ -35.89167, -5.90175 ], [ -35.8911, -5.9019 ], [ -35.89055, -5.90244 ], [ -35.89049, -5.90322 ], [ -35.89096, -5.90396 ], [ -35.89261, -5.90521 ], [ -35.89303, -5.90589 ], [ -35.893, -5.90686 ], [ -35.89174, -5.907 ], [ -35.8898, -5.9082 ], [ -35.88699, -5.90927 ], [ -35.88536, -5.909 ], [ -35.88327, -5.9068 ], [ -35.88235, -5.90655 ], [ -35.87929, -5.90651 ], [ -35.87824, -5.90601 ], [ -35.87767, -5.90541 ], [ -35.87687, -5.90496 ], [ -35.87592, -5.90483 ], [ -35.87531, -5.90504 ], [ -35.87457, -5.9049 ], [ -35.87401, -5.90451 ], [ -35.87371, -5.90395 ], [ -35.87358, -5.90187 ], [ -35.87296, -5.90119 ], [ -35.87262, -5.90105 ], [ -35.87261, -5.90106 ], [ -35.87233, -5.90118 ], [ -35.87113, -5.90247 ], [ -35.86859, -5.90637 ], [ -35.86152, -5.91162 ], [ -35.86059, -5.91174 ], [ -35.85991, -5.9115 ], [ -35.85901, -5.91144 ], [ -35.85706, -5.91159 ], [ -35.85577, -5.9119 ], [ -35.85357, -5.91244 ], [ -35.8511, -5.91333 ], [ -35.84999, -5.91509 ], [ -35.84982, -5.91537 ], [ -35.83477, -5.9471 ], [ -35.8652, -5.96856 ] ] ] } },
{ "type": "Feature", "properties": { "CD_MUN": "2404606", "NM_MUN": "Ielmo Marinho", "CD_RGI": "240001", "NM_RGI": "Natal", "CD_RGINT": "2401", "NM_RGINT": "Natal", "CD_UF": "24", "NM_UF": "Rio Grande do Norte", "SIGLA_UF": "RN", "CD_REGIA": "2", "NM_REGIA": "Nordeste", "SIGLA_RG": "NE", "CD_CONCU": null, "NM_CONCU": null, "AREA_KM2": 312.028 }, "geometry": { "type": "Polygon", "coordinates": [ [ [ -35.49078, -5.71987 ], [ -35.49014, -5.72043 ], [ -35.48844, -5.72121 ], [ -35.48675, -5.72148 ], [ -35.48451, -5.71989 ], [ -35.48236, -5.71763 ], [ -35.4807, -5.71491 ], [ -35.47852, -5.71332 ], [ -35.47685, -5.71276 ], [ -35.4742, -5.71267 ], [ -35.47308, -5.71293 ], [ -35.47177, -5.71443 ], [ -35.47127, -5.71582 ], [ -35.47016, -5.71665 ], [ -35.46809, -5.71687 ], [ -35.46629, -5.71677 ], [ -35.46358, -5.71616 ], [ -35.46096, -5.71602 ], [ -35.45937, -5.71665 ], [ -35.45821, -5.71784 ], [ -35.45637, -5.72181 ], [ -35.45577, -5.72352 ], [ -35.45197, -5.72962 ], [ -35.45057, -5.73091 ], [ -35.44915, -5.73205 ], [ -35.44744, -5.73303 ], [ -35.44686, -5.73336 ], [ -35.44832, -5.73935 ], [ -35.44945, -5.74396 ], [ -35.44999, -5.74618 ], [ -35.45029, -5.7474 ], [ -35.45076, -5.74935 ], [ -35.45113, -5.75085 ], [ -35.45151, -5.75242 ], [ -35.46425, -5.80469 ], [ -35.46427, -5.80478 ], [ -35.46449, -5.8057 ], [ -35.46452, -5.8058 ], [ -35.46566, -5.8105 ], [ -35.46587, -5.81137 ], [ -35.47159, -5.83482 ], [ -35.47889, -5.83253 ], [ -35.48048, -5.83166 ], [ -35.48503, -5.82993 ], [ -35.48623, -5.82987 ], [ -35.48674, -5.83004 ], [ -35.4875, -5.82969 ], [ -35.48827, -5.83045 ], [ -35.48903, -5.83121 ], [ -35.49021, -5.83271 ], [ -35.52901, -5.88181 ], [ -35.57162, -5.87263 ], [ -35.59145, -5.86888 ], [ -35.59417, -5.86765 ], [ -35.59453, -5.86749 ], [ -35.5958, -5.8655 ], [ -35.62342, -5.82234 ], [ -35.63544, -5.80354 ], [ -35.63877, -5.79005 ], [ -35.6433, -5.77168 ], [ -35.65446, -5.72639 ], [ -35.65514, -5.72363 ], [ -35.6565, -5.71811 ], [ -35.65628, -5.71798 ], [ -35.63214, -5.71443 ], [ -35.63182, -5.71439 ], [ -35.62967, -5.71458 ], [ -35.62845, -5.71469 ], [ -35.58617, -5.71854 ], [ -35.58518, -5.71863 ], [ -35.58396, -5.71874 ], [ -35.55769, -5.72113 ], [ -35.5519, -5.70335 ], [ -35.54746, -5.70275 ], [ -35.54736, -5.70959 ], [ -35.52871, -5.7125 ], [ -35.51904, -5.71401 ], [ -35.49992, -5.717 ], [ -35.49844, -5.71698 ], [ -35.49744, -5.71679 ], [ -35.49641, -5.71641 ], [ -35.49539, -5.71644 ], [ -35.49418, -5.71681 ], [ -35.49301, -5.71769 ], [ -35.49222, -5.71862 ], [ -35.49114, -5.71956 ], [ -35.49078, -5.71987 ] ] ] } },
{ "type": "Feature", "properties": { "CD_MUN": "2403301", "NM_MUN": "Encanto", "CD_RGI": "240010", "NM_RGI": "Pau dos Ferros", "CD_RGINT": "2403", "NM_RGINT": "Mossoró", "CD_UF": "24", "NM_UF": "Rio Grande do Norte", "SIGLA_UF": "RN", "CD_REGIA": "2", "NM_REGIA": "Nordeste", "SIGLA_RG": "NE", "CD_CONCU": null, "NM_CONCU": null, "AREA_KM2": 125.749 }, "geometry": { "type": "Polygon", "coordinates": [ [ [ -38.34873, -6.12277 ], [ -38.34534, -6.09697 ], [ -38.34586, -6.08912 ], [ -38.33959, -6.07769 ], [ -38.33926, -6.07858 ], [ -38.33926, -6.07859 ], [ -38.33676, -6.0804 ], [ -38.33675, -6.08039 ], [ -38.33243, -6.07814 ], [ -38.33086, -6.07858 ], [ -38.32709, -6.07857 ], [ -38.31992, -6.07704 ], [ -38.31989, -6.07706 ], [ -38.3188, -6.07762 ], [ -38.31577, -6.08189 ], [ -38.3102, -6.08444 ], [ -38.3065, -6.08703 ], [ -38.30649, -6.08703 ], [ -38.3048, -6.08697 ], [ -38.30378, -6.08652 ], [ -38.30042, -6.08108 ], [ -38.29628, -6.0781 ], [ -38.29285, -6.07679 ], [ -38.29079, -6.07315 ], [ -38.28896, -6.07208 ], [ -38.28539, -6.07087 ], [ -38.28081, -6.07141 ], [ -38.27701, -6.06995 ], [ -38.27563, -6.06872 ], [ -38.27514, -6.06675 ], [ -38.27512, -6.06669 ], [ -38.27511, -6.06662 ], [ -38.27508, -6.0665 ], [ -38.27501, -6.06624 ], [ -38.27496, -6.06602 ], [ -38.27493, -6.06593 ], [ -38.27492, -6.06589 ], [ -38.2749, -6.0658 ], [ -38.27337, -6.06825 ], [ -38.26959, -6.07158 ], [ -38.26724, -6.07276 ], [ -38.26585, -6.07286 ], [ -38.2639, -6.07134 ], [ -38.26133, -6.07487 ], [ -38.26196, -6.10232 ], [ -38.26697, -6.11215 ], [ -38.26643, -6.11288 ], [ -38.26397, -6.11625 ], [ -38.24957, -6.13593 ], [ -38.24912, -6.16379 ], [ -38.27755, -6.18104 ], [ -38.27878, -6.18086 ], [ -38.28854, -6.1879 ], [ -38.30905, -6.1774 ], [ -38.31038, -6.17672 ], [ -38.31101, -6.17639 ], [ -38.31144, -6.17659 ], [ -38.33991, -6.18959 ], [ -38.3575, -6.20138 ], [ -38.35775, -6.20155 ], [ -38.36496, -6.1729 ], [ -38.36542, -6.17108 ], [ -38.36735, -6.16344 ], [ -38.35553, -6.1485 ], [ -38.35385, -6.145 ], [ -38.349, -6.12532 ], [ -38.34904, -6.124 ], [ -38.34905, -6.12354 ], [ -38.34906, -6.12345 ], [ -38.34873, -6.12277 ] ] ] } },
{ "type": "Feature", "properties": { "CD_MUN": "2411601", "NM_MUN": "São Bento do Norte", "CD_RGI": "240005", "NM_RGI": "João Câmara", "CD_RGINT": "2401", "NM_RGINT": "Natal", "CD_UF": "24", "NM_UF": "Rio Grande do Norte", "SIGLA_UF": "RN", "CD_REGIA": "2", "NM_REGIA": "Nordeste", "SIGLA_RG": "NE", "CD_CONCU": null, "NM_CONCU": null, "AREA_KM2": 288.761 }, "geometry": { "type": "Polygon", "coordinates": [ [ [ -35.93597, -5.17176 ], [ -35.93553, -5.17209 ], [ -35.93668, -5.17467 ], [ -35.95215, -5.23738 ], [ -35.99391, -5.25364 ], [ -36.00195, -5.25611 ], [ -36.00612, -5.25299 ], [ -36.00863, -5.25286 ], [ -36.01122, -5.25187 ], [ -36.01162, -5.25187 ], [ -36.01288, -5.25268 ], [ -36.01436, -5.25292 ], [ -36.01569, -5.25205 ], [ -36.01807, -5.25102 ], [ -36.02036, -5.25027 ], [ -36.02115, -5.2498 ], [ -36.02193, -5.24804 ], [ -36.02296, -5.24729 ], [ -36.02431, -5.24729 ], [ -36.02502, -5.24747 ], [ -36.02563, -5.24741 ], [ -36.02743, -5.24669 ], [ -36.02875, -5.24652 ], [ -36.03126, -5.24653 ], [ -36.03596, -5.24543 ], [ -36.03695, -5.24504 ], [ -36.03785, -5.24423 ], [ -36.03847, -5.24319 ], [ -36.03921, -5.24127 ], [ -36.0398, -5.24043 ], [ -36.04104, -5.23953 ], [ -36.04265, -5.23915 ], [ -36.04683, -5.23945 ], [ -36.04967, -5.23832 ], [ -36.0518, -5.23808 ], [ -36.05492, -5.23716 ], [ -36.05616, -5.23703 ], [ -36.05704, -5.2373 ], [ -36.05844, -5.23812 ], [ -36.05877, -5.23813 ], [ -36.05984, -5.23767 ], [ -36.06103, -5.23743 ], [ -36.0622, -5.23629 ], [ -36.0646, -5.23529 ], [ -36.06559, -5.23468 ], [ -36.06593, -5.23412 ], [ -36.06564, -5.23369 ], [ -36.06297, -5.23139 ], [ -36.06183, -5.23012 ], [ -36.06097, -5.2287 ], [ -36.05879, -5.22178 ], [ -36.05395, -5.20281 ], [ -36.05383, -5.20079 ], [ -36.0552, -5.1865 ], [ -36.05503, -5.18037 ], [ -36.05232, -5.16889 ], [ -36.0518, -5.16528 ], [ -36.05102, -5.16184 ], [ -36.04968, -5.15884 ], [ -36.04907, -5.1572 ], [ -36.04879, -5.15582 ], [ -36.04666, -5.13543 ], [ -36.04254, -5.10862 ], [ -36.04263, -5.09045 ], [ -36.04249, -5.08686 ], [ -36.04207, -5.08381 ], [ -36.04131, -5.0826 ], [ -36.03358, -5.07382 ], [ -36.03968, -5.06961 ], [ -36.0427, -5.06753 ], [ -36.04276, -5.06728 ], [ -36.04277, -5.06723 ], [ -36.04279, -5.06716 ], [ -36.04279, -5.06713 ], [ -36.0435, -5.06419 ], [ -36.04312, -5.06337 ], [ -36.04281, -5.06273 ], [ -36.038, -5.05246 ], [ -36.03754, -5.05147 ], [ -36.03718, -5.05145 ], [ -36.03662, -5.05145 ], [ -36.03588, -5.05143 ], [ -36.03514, -5.05142 ], [ -36.03442, -5.05141 ], [ -36.03427, -5.05141 ], [ -36.0337, -5.05139 ], [ -36.03279, -5.05136 ], [ -36.03151, -5.05126 ], [ -36.03122, -5.05123 ], [ -36.02968, -5.0511 ], [ -36.02804, -5.05095 ], [ -36.02668, -5.05086 ], [ -36.02512, -5.05072 ], [ -36.02444, -5.05065 ], [ -36.02344, -5.05054 ], [ -36.02263, -5.05049 ], [ -36.02186, -5.05042 ], [ -36.02107, -5.05034 ], [ -36.02087, -5.05029 ], [ -36.02063, -5.05022 ], [ -36.02044, -5.05014 ], [ -36.02017, -5.05007 ], [ -36.0196, -5.04997 ], [ -36.01841, -5.04982 ], [ -36.01789, -5.04976 ], [ -36.01709, -5.04966 ], [ -36.01683, -5.04964 ], [ -36.01641, -5.04962 ], [ -36.01591, -5.04963 ], [ -36.01543, -5.04962 ], [ -36.01495, -5.0496 ], [ -36.01449, -5.04959 ], [ -36.0141, -5.04953 ], [ -36.01377, -5.04949 ], [ -36.0135, -5.04944 ], [ -36.01325, -5.04937 ], [ -36.01286, -5.04921 ], [ -36.01236, -5.04906 ], [ -36.01202, -5.04895 ], [ -36.01173, -5.04883 ], [ -36.01156, -5.04875 ], [ -36.01149, -5.04867 ], [ -36.01146, -5.04856 ], [ -36.01143, -5.04844 ], [ -36.01137, -5.04834 ], [ -36.01124, -5.04824 ], [ -36.01103, -5.04817 ], [ -36.01079, -5.04813 ], [ -36.01044, -5.04807 ], [ -36.0101, -5.04798 ], [ -36.00939, -5.04779 ], [ -36.00893, -5.04763 ], [ -36.00846, -5.04744 ], [ -36.008, -5.04722 ], [ -36.00782, -5.04712 ], [ -36.00768, -5.04705 ], [ -36.00754, -5.04692 ], [ -36.00747, -5.04678 ], [ -36.00742, -5.04664 ], [ -36.00741, -5.04655 ], [ -36.00742, -5.04648 ], [ -36.00744, -5.04637 ], [ -36.00745, -5.04633 ], [ -36.00743, -5.04628 ], [ -36.00743, -5.04626 ], [ -36.00736, -5.04619 ], [ -36.00733, -5.04618 ], [ -36.00729, -5.04616 ], [ -36.00704, -5.0461 ], [ -36.00669, -5.04603 ], [ -36.00579, -5.04581 ], [ -36.00481, -5.04556 ], [ -36.00423, -5.04542 ], [ -36.00376, -5.04532 ], [ -36.00329, -5.04526 ], [ -36.00282, -5.04519 ], [ -36.00267, -5.0452 ], [ -36.00228, -5.0452 ], [ -36.00193, -5.04521 ], [ -36.00138, -5.04518 ], [ -36.00107, -5.04516 ], [ -36.00076, -5.04509 ], [ -36.00033, -5.04498 ], [ -35.99991, -5.04492 ], [ -35.99964, -5.0449 ], [ -35.99922, -5.04491 ], [ -35.999, -5.04493 ], [ -35.99889, -5.04494 ], [ -35.9986, -5.04496 ], [ -35.99827, -5.04504 ], [ -35.9974, -5.04533 ], [ -35.99634, -5.04562 ], [ -35.99564, -5.0458 ], [ -35.99465, -5.04606 ], [ -35.99379, -5.0462 ], [ -35.99329, -5.04629 ], [ -35.99302, -5.04629 ], [ -35.9926, -5.04626 ], [ -35.991, -5.04618 ], [ -35.98975, -5.04611 ], [ -35.98833, -5.04605 ], [ -35.98717, -5.04596 ], [ -35.98597, -5.04584 ], [ -35.98535, -5.04578 ], [ -35.98492, -5.04572 ], [ -35.98426, -5.04563 ], [ -35.98391, -5.04552 ], [ -35.98347, -5.04537 ], [ -35.98314, -5.04524 ], [ -35.98282, -5.04505 ], [ -35.98257, -5.04487 ], [ -35.9822, -5.04461 ], [ -35.98208, -5.04452 ], [ -35.98191, -5.04437 ], [ -35.98178, -5.04423 ], [ -35.98164, -5.04402 ], [ -35.98146, -5.04372 ], [ -35.98138, -5.04358 ], [ -35.98132, -5.04348 ], [ -35.98129, -5.04341 ], [ -35.98127, -5.04336 ], [ -35.98127, -5.04331 ], [ -35.98131, -5.04321 ], [ -35.9814, -5.04305 ], [ -35.98149, -5.0429 ], [ -35.98155, -5.04276 ], [ -35.98159, -5.04259 ], [ -35.98159, -5.04243 ], [ -35.98155, -5.04224 ], [ -35.9815, -5.04211 ], [ -35.98139, -5.04196 ], [ -35.98119, -5.04181 ], [ -35.98097, -5.04172 ], [ -35.98068, -5.04167 ], [ -35.98025, -5.0416 ], [ -35.98024, -5.0416 ], [ -35.9798, -5.04154 ], [ -35.97908, -5.04155 ], [ -35.97882, -5.04158 ], [ -35.97849, -5.04164 ], [ -35.97831, -5.04173 ], [ -35.97806, -5.04184 ], [ -35.97725, -5.04217 ], [ -35.97616, -5.04253 ], [ -35.9748, -5.04295 ], [ -35.97426, -5.04306 ], [ -35.97416, -5.04308 ], [ -35.97363, -5.04313 ], [ -35.97313, -5.04318 ], [ -35.97244, -5.04323 ], [ -35.97187, -5.04325 ], [ -35.97156, -5.04323 ], [ -35.97109, -5.04313 ], [ -35.97075, -5.04298 ], [ -35.97042, -5.04276 ], [ -35.97024, -5.04262 ], [ -35.97016, -5.04256 ], [ -35.96982, -5.04237 ], [ -35.96959, -5.04229 ], [ -35.96933, -5.0423 ], [ -35.96908, -5.04239 ], [ -35.96864, -5.04255 ], [ -35.968, -5.04284 ], [ -35.96676, -5.0435 ], [ -35.96549, -5.04404 ], [ -35.96479, -5.04424 ], [ -35.96399, -5.04433 ], [ -35.9636, -5.04433 ], [ -35.9635, -5.04433 ], [ -35.96333, -5.04433 ], [ -35.96313, -5.04428 ], [ -35.96292, -5.04414 ], [ -35.96282, -5.04406 ], [ -35.96279, -5.04397 ], [ -35.96278, -5.04391 ], [ -35.96276, -5.04382 ], [ -35.96272, -5.04363 ], [ -35.96269, -5.04352 ], [ -35.96262, -5.04341 ], [ -35.96251, -5.04334 ], [ -35.9624, -5.04329 ], [ -35.96222, -5.0432 ], [ -35.96202, -5.04304 ], [ -35.9619, -5.04294 ], [ -35.96157, -5.04283 ], [ -35.96124, -5.0428 ], [ -35.96093, -5.04279 ], [ -35.96046, -5.04281 ], [ -35.95991, -5.04288 ], [ -35.95946, -5.04295 ], [ -35.95916, -5.04302 ], [ -35.9586, -5.04323 ], [ -35.95744, -5.04363 ], [ -35.95659, -5.04386 ], [ -35.9559, -5.04406 ], [ -35.95505, -5.0443 ], [ -35.95492, -5.04433 ], [ -35.95452, -5.04443 ], [ -35.95413, -5.04448 ], [ -35.95367, -5.04449 ], [ -35.95339, -5.04448 ], [ -35.95332, -5.04448 ], [ -35.953, -5.04445 ], [ -35.95283, -5.04441 ], [ -35.9527, -5.0443 ], [ -35.95257, -5.04413 ], [ -35.95241, -5.04401 ], [ -35.95208, -5.04394 ], [ -35.95137, -5.04386 ], [ -35.95092, -5.04382 ], [ -35.95051, -5.04383 ], [ -35.94993, -5.04391 ], [ -35.9495, -5.04401 ], [ -35.94887, -5.04421 ], [ -35.9483, -5.04436 ], [ -35.94751, -5.04481 ], [ -35.94528, -5.04611 ], [ -35.94317, -5.04718 ], [ -35.94138, -5.04815 ], [ -35.93915, -5.04917 ], [ -35.93701, -5.05012 ], [ -35.93595, -5.0506 ], [ -35.93535, -5.05081 ], [ -35.93517, -5.05087 ], [ -35.93479, -5.05091 ], [ -35.93471, -5.05088 ], [ -35.93469, -5.05081 ], [ -35.93467, -5.05072 ], [ -35.93464, -5.05066 ], [ -35.93463, -5.05063 ], [ -35.93452, -5.05059 ], [ -35.93435, -5.0506 ], [ -35.93435, -5.0506 ], [ -35.9342, -5.05063 ], [ -35.93399, -5.05068 ], [ -35.93383, -5.05076 ], [ -35.9335, -5.05092 ], [ -35.93263, -5.05138 ], [ -35.93247, -5.05145 ], [ -35.93173, -5.05178 ], [ -35.93104, -5.05215 ], [ -35.93025, -5.05249 ], [ -35.9296, -5.05276 ], [ -35.92884, -5.05306 ], [ -35.92776, -5.05344 ], [ -35.92709, -5.05374 ], [ -35.926, -5.05419 ], [ -35.9251, -5.05455 ], [ -35.92474, -5.05472 ], [ -35.92423, -5.05496 ], [ -35.92338, -5.05527 ], [ -35.92231, -5.05568 ], [ -35.92106, -5.05614 ], [ -35.92033, -5.05642 ], [ -35.91965, -5.05667 ], [ -35.91869, -5.057 ], [ -35.91862, -5.05703 ], [ -35.91761, -5.05737 ], [ -35.91632, -5.05778 ], [ -35.9154, -5.05806 ], [ -35.91428, -5.05838 ], [ -35.91364, -5.05857 ], [ -35.91289, -5.05877 ], [ -35.91254, -5.05885 ], [ -35.91211, -5.05896 ], [ -35.91161, -5.05906 ], [ -35.91115, -5.05916 ], [ -35.91069, -5.05926 ], [ -35.91024, -5.05934 ], [ -35.91015, -5.05935 ], [ -35.90969, -5.05938 ], [ -35.90897, -5.05941 ], [ -35.9089, -5.05942 ], [ -35.90855, -5.05946 ], [ -35.90826, -5.05948 ], [ -35.91387, -5.08219 ], [ -35.93597, -5.17176 ] ] ] } },
{ "type": "Feature", "properties": { "CD_MUN": "2405702", "NM_MUN": "Jardim do Seridó", "CD_RGI": "240007", "NM_RGI": "Caicó", "CD_RGINT": "2402", "NM_RGINT": "Caicó", "CD_UF": "24", "NM_UF": "Rio Grande do Norte", "SIGLA_UF": "RN", "CD_REGIA": "2", "NM_REGIA": "Nordeste", "SIGLA_RG": "NE", "CD_CONCU": null, "NM_CONCU": null, "AREA_KM2": 367.645 }, "geometry": { "type": "Polygon", "coordinates": [ [ [ -36.69069, -6.61734 ], [ -36.69459, -6.61861 ], [ -36.69777, -6.61965 ], [ -36.72227, -6.64671 ], [ -36.74443, -6.65208 ], [ -36.74481, -6.65237 ], [ -36.7472, -6.65423 ], [ -36.74901, -6.65629 ], [ -36.74946, -6.65724 ], [ -36.74897, -6.65778 ], [ -36.74911, -6.65906 ], [ -36.74958, -6.65933 ], [ -36.75229, -6.66007 ], [ -36.75395, -6.66241 ], [ -36.76243, -6.66635 ], [ -36.76361, -6.6673 ], [ -36.76481, -6.6692 ], [ -36.78622, -6.66802 ], [ -36.78618, -6.67046 ], [ -36.78795, -6.67221 ], [ -36.79217, -6.67408 ], [ -36.79406, -6.67426 ], [ -36.8134, -6.68149 ], [ -36.81407, -6.68232 ], [ -36.81609, -6.68213 ], [ -36.81645, -6.68111 ], [ -36.81669, -6.67958 ], [ -36.81866, -6.67671 ], [ -36.82132, -6.67686 ], [ -36.82345, -6.676 ], [ -36.82407, -6.67428 ], [ -36.82675, -6.67148 ], [ -36.82844, -6.67106 ], [ -36.83049, -6.66932 ], [ -36.83317, -6.66455 ], [ -36.83607, -6.66154 ], [ -36.8379, -6.66028 ], [ -36.84359, -6.65827 ], [ -36.84459, -6.6538 ], [ -36.85243, -6.64925 ], [ -36.8581, -6.64878 ], [ -36.86351, -6.65312 ], [ -36.86642, -6.65576 ], [ -36.86657, -6.65557 ], [ -36.86846, -6.65328 ], [ -36.86947, -6.65122 ], [ -36.8699, -6.64869 ], [ -36.86873, -6.64271 ], [ -36.86945, -6.63948 ], [ -36.86848, -6.63512 ], [ -36.87054, -6.63056 ], [ -36.87364, -6.62805 ], [ -36.88321, -6.62259 ], [ -36.88561, -6.62262 ], [ -36.89108, -6.62418 ], [ -36.89234, -6.62335 ], [ -36.89242, -6.62321 ], [ -36.89326, -6.62187 ], [ -36.89257, -6.6178 ], [ -36.89306, -6.61423 ], [ -36.89308, -6.61408 ], [ -36.89533, -6.61366 ], [ -36.89856, -6.61424 ], [ -36.90256, -6.61391 ], [ -36.90452, -6.60884 ], [ -36.90522, -6.60833 ], [ -36.90662, -6.60883 ], [ -36.90999, -6.60765 ], [ -36.9104, -6.60494 ], [ -36.91447, -6.60321 ], [ -36.91641, -6.601 ], [ -36.9183, -6.6008 ], [ -36.91845, -6.60045 ], [ -36.91748, -6.59903 ], [ -36.91927, -6.59627 ], [ -36.9195, -6.59416 ], [ -36.91866, -6.59191 ], [ -36.91874, -6.59051 ], [ -36.91952, -6.58918 ], [ -36.92183, -6.58753 ], [ -36.92539, -6.58769 ], [ -36.92623, -6.58713 ], [ -36.92694, -6.58465 ], [ -36.9294, -6.57999 ], [ -36.93097, -6.57759 ], [ -36.93654, -6.5781 ], [ -36.9369, -6.57768 ], [ -36.9376, -6.57526 ], [ -36.9384, -6.57426 ], [ -36.9435, -6.5711 ], [ -36.94747, -6.57076 ], [ -36.94952, -6.57146 ], [ -36.95137, -6.57032 ], [ -36.94029, -6.56127 ], [ -36.95094, -6.54049 ], [ -36.95099, -6.53856 ], [ -36.95136, -6.52227 ], [ -36.95052, -6.52212 ], [ -36.94887, -6.52082 ], [ -36.94435, -6.51661 ], [ -36.94285, -6.51482 ], [ -36.93925, -6.51334 ], [ -36.93765, -6.51369 ], [ -36.93622, -6.51431 ], [ -36.93426, -6.51465 ], [ -36.92975, -6.51709 ], [ -36.92663, -6.51974 ], [ -36.92551, -6.5213 ], [ -36.92461, -6.5229 ], [ -36.92292, -6.52387 ], [ -36.92123, -6.5244 ], [ -36.91807, -6.52425 ], [ -36.91611, -6.5238 ], [ -36.91176, -6.52173 ], [ -36.90754, -6.51864 ], [ -36.90532, -6.5173 ], [ -36.9023, -6.51702 ], [ -36.89914, -6.51749 ], [ -36.89801, -6.51796 ], [ -36.89744, -6.5182 ], [ -36.89593, -6.51828 ], [ -36.88665, -6.52368 ], [ -36.88451, -6.52536 ], [ -36.88076, -6.52793 ], [ -36.87862, -6.52863 ], [ -36.87279, -6.52972 ], [ -36.86884, -6.52993 ], [ -36.86642, -6.53036 ], [ -36.86517, -6.5308 ], [ -36.86366, -6.53106 ], [ -36.86179, -6.5323 ], [ -36.86049, -6.53278 ], [ -36.85898, -6.53313 ], [ -36.85711, -6.5333 ], [ -36.85701, -6.53437 ], [ -36.85541, -6.53481 ], [ -36.85154, -6.53537 ], [ -36.84913, -6.5359 ], [ -36.84472, -6.53637 ], [ -36.83885, -6.53768 ], [ -36.83608, -6.53865 ], [ -36.83515, -6.53842 ], [ -36.83346, -6.53832 ], [ -36.83175, -6.53787 ], [ -36.83036, -6.53778 ], [ -36.82656, -6.53754 ], [ -36.8255, -6.537 ], [ -36.82337, -6.53646 ], [ -36.82141, -6.53645 ], [ -36.81834, -6.5355 ], [ -36.81585, -6.53513 ], [ -36.81211, -6.53512 ], [ -36.81002, -6.53471 ], [ -36.80843, -6.53372 ], [ -36.80701, -6.53229 ], [ -36.80568, -6.53041 ], [ -36.80457, -6.52938 ], [ -36.80244, -6.52848 ], [ -36.80001, -6.5279 ], [ -36.79817, -6.52793 ], [ -36.79697, -6.52735 ], [ -36.79528, -6.52698 ], [ -36.79413, -6.52591 ], [ -36.79298, -6.5243 ], [ -36.79272, -6.52305 ], [ -36.79215, -6.52167 ], [ -36.79108, -6.52095 ], [ -36.78814, -6.52192 ], [ -36.78645, -6.52307 ], [ -36.78533, -6.52418 ], [ -36.7831, -6.52586 ], [ -36.78131, -6.52656 ], [ -36.78033, -6.52619 ], [ -36.77657, -6.52276 ], [ -36.77382, -6.52007 ], [ -36.77104, -6.51628 ], [ -36.76953, -6.51511 ], [ -36.76748, -6.51474 ], [ -36.76477, -6.51513 ], [ -36.76361, -6.51584 ], [ -36.761, -6.51583 ], [ -36.76111, -6.51567 ], [ -36.7589, -6.51466 ], [ -36.75809, -6.51295 ], [ -36.75777, -6.51283 ], [ -36.75369, -6.51327 ], [ -36.75168, -6.51597 ], [ -36.75109, -6.51562 ], [ -36.75039, -6.51304 ], [ -36.74916, -6.51342 ], [ -36.74816, -6.51725 ], [ -36.74742, -6.51821 ], [ -36.74584, -6.51839 ], [ -36.74506, -6.51775 ], [ -36.74465, -6.51683 ], [ -36.74426, -6.51663 ], [ -36.74287, -6.51673 ], [ -36.74237, -6.51814 ], [ -36.74137, -6.51935 ], [ -36.74131, -6.52008 ], [ -36.74065, -6.52167 ], [ -36.73788, -6.52313 ], [ -36.73674, -6.52503 ], [ -36.73523, -6.52508 ], [ -36.73393, -6.52551 ], [ -36.73233, -6.52531 ], [ -36.73097, -6.52561 ], [ -36.72983, -6.5262 ], [ -36.72881, -6.52608 ], [ -36.72703, -6.52806 ], [ -36.72417, -6.52811 ], [ -36.7222, -6.52935 ], [ -36.71843, -6.53297 ], [ -36.71241, -6.53689 ], [ -36.71184, -6.53688 ], [ -36.71045, -6.5365 ], [ -36.70872, -6.53559 ], [ -36.70775, -6.53647 ], [ -36.70756, -6.53705 ], [ -36.70583, -6.5374 ], [ -36.70479, -6.53934 ], [ -36.70352, -6.5382 ], [ -36.69506, -6.55789 ], [ -36.67898, -6.55134 ], [ -36.67975, -6.57935 ], [ -36.6691, -6.61031 ], [ -36.69069, -6.61734 ] ] ] } },
{ "type": "Feature", "properties": { "CD_MUN": "2408805", "NM_MUN": "Parazinho", "CD_RGI": "240005", "NM_RGI": "João Câmara", "CD_RGINT": "2401", "NM_RGINT": "Natal", "CD_UF": "24", "NM_UF": "Rio Grande do Norte", "SIGLA_UF": "RN", "CD_REGIA": "2", "NM_REGIA": "Nordeste", "SIGLA_RG": "NE", "CD_CONCU": null, "NM_CONCU": null, "AREA_KM2": 231.007 }, "geometry": { "type": "Polygon", "coordinates": [ [ [ -35.83768, -5.22727 ], [ -35.83832, -5.22945 ], [ -35.83863, -5.23001 ], [ -35.83967, -5.23308 ], [ -35.83972, -5.23311 ], [ -35.83972, -5.23311 ], [ -35.84005, -5.23407 ], [ -35.84022, -5.23459 ], [ -35.83189, -5.30608 ], [ -35.87384, -5.31368 ], [ -35.87502, -5.3139 ], [ -35.87502, -5.3139 ], [ -35.90666, -5.31963 ], [ -35.90712, -5.31972 ], [ -35.97547, -5.3321 ], [ -35.97545, -5.33362 ], [ -35.97557, -5.33408 ], [ -35.97607, -5.336 ], [ -35.97801, -5.34011 ], [ -35.97798, -5.34081 ], [ -35.97796, -5.34131 ], [ -35.97784, -5.34408 ], [ -35.97846, -5.34468 ], [ -35.98493, -5.34395 ], [ -35.98945, -5.34741 ], [ -35.99095, -5.35074 ], [ -35.99206, -5.35384 ], [ -35.99293, -5.35689 ], [ -35.99391, -5.35908 ], [ -35.99441, -5.36091 ], [ -35.99445, -5.36364 ], [ -35.99483, -5.36607 ], [ -35.99606, -5.36917 ], [ -36.00031, -5.37492 ], [ -36.00163, -5.37799 ], [ -36.00115, -5.38099 ], [ -36.00228, -5.38456 ], [ -36.01137, -5.39516 ], [ -36.01275, -5.39636 ], [ -36.0124, -5.39905 ], [ -36.03691, -5.30124 ], [ -36.03826, -5.3003 ], [ -36.05082, -5.29876 ], [ -36.00195, -5.25611 ], [ -35.99391, -5.25364 ], [ -35.95215, -5.23738 ], [ -35.91464, -5.22885 ], [ -35.91203, -5.22825 ], [ -35.83899, -5.21164 ], [ -35.83186, -5.21002 ], [ -35.83273, -5.21257 ], [ -35.83527, -5.22002 ], [ -35.83524, -5.22006 ], [ -35.83698, -5.22516 ], [ -35.83712, -5.22558 ], [ -35.83754, -5.22682 ], [ -35.83768, -5.22727 ] ] ] } },
{ "type": "Feature", "properties": { "CD_MUN": "2407500", "NM_MUN": "Maxaranguape", "CD_RGI": "240001", "NM_RGI": "Natal", "CD_RGINT": "2401", "NM_RGINT": "Natal", "CD_UF": "24", "NM_UF": "Rio Grande do Norte", "SIGLA_UF": "RN", "CD_REGIA": "2", "NM_REGIA": "Nordeste", "SIGLA_RG": "NE", "CD_CONCU": null, "NM_CONCU": null, "AREA_KM2": 132.129 }, "geometry": { "type": "Polygon", "coordinates": [ [ [ -35.27524, -5.5017 ], [ -35.27523, -5.50163 ], [ -35.27663, -5.50109 ], [ -35.27747, -5.50106 ], [ -35.27842, -5.50133 ], [ -35.27887, -5.50127 ], [ -35.27909, -5.50105 ], [ -35.27941, -5.50049 ], [ -35.27944, -5.49993 ], [ -35.27918, -5.49854 ], [ -35.27931, -5.49826 ], [ -35.28007, -5.49788 ], [ -35.28004, -5.49751 ], [ -35.27946, -5.49698 ], [ -35.2794, -5.49661 ], [ -35.27962, -5.49627 ], [ -35.28051, -5.49577 ], [ -35.28089, -5.49508 ], [ -35.28153, -5.49489 ], [ -35.28175, -5.49374 ], [ -35.28207, -5.49334 ], [ -35.28356, -5.49262 ], [ -35.28411, -5.49262 ], [ -35.28449, -5.49293 ], [ -35.28481, -5.49373 ], [ -35.2856, -5.49394 ], [ -35.28702, -5.49462 ], [ -35.2889, -5.49446 ], [ -35.28983, -5.49399 ], [ -35.29126, -5.49411 ], [ -35.29222, -5.49342 ], [ -35.29343, -5.49317 ], [ -35.29429, -5.49261 ], [ -35.29601, -5.49224 ], [ -35.2964, -5.49186 ], [ -35.29656, -5.49133 ], [ -35.29607, -5.49012 ], [ -35.29591, -5.48875 ], [ -35.2961, -5.48838 ], [ -35.29683, -5.48785 ], [ -35.2975, -5.48707 ], [ -35.29836, -5.48694 ], [ -35.2999, -5.48724 ], [ -35.30149, -5.48676 ], [ -35.30369, -5.48742 ], [ -35.30446, -5.48729 ], [ -35.30532, -5.48676 ], [ -35.30586, -5.48685 ], [ -35.3066, -5.48768 ], [ -35.30852, -5.48824 ], [ -35.30881, -5.48867 ], [ -35.30891, -5.48979 ], [ -35.30936, -5.49028 ], [ -35.31007, -5.49066 ], [ -35.31212, -5.4913 ], [ -35.31259, -5.4913 ], [ -35.3131, -5.49108 ], [ -35.31395, -5.48989 ], [ -35.31472, -5.48945 ], [ -35.31622, -5.48932 ], [ -35.32142, -5.48834 ], [ -35.32346, -5.48846 ], [ -35.32394, -5.48885 ], [ -35.32551, -5.49016 ], [ -35.32635, -5.49043 ], [ -35.32794, -5.49012 ], [ -35.3289, -5.49015 ], [ -35.33017, -5.48921 ], [ -35.33151, -5.48871 ], [ -35.33243, -5.48752 ], [ -35.33343, -5.48683 ], [ -35.33383, -5.48562 ], [ -35.33412, -5.48525 ], [ -35.33453, -5.48512 ], [ -35.33555, -5.48431 ], [ -35.3396, -5.48237 ], [ -35.34087, -5.48208 ], [ -35.34134, -5.48135 ], [ -35.34272, -5.47981 ], [ -35.34399, -5.47881 ], [ -35.34586, -5.47828 ], [ -35.34769, -5.47811 ], [ -35.34916, -5.47755 ], [ -35.35072, -5.47655 ], [ -35.35167, -5.47549 ], [ -35.35282, -5.47483 ], [ -35.35543, -5.47271 ], [ -35.35591, -5.47221 ], [ -35.35683, -5.47065 ], [ -35.3574, -5.47006 ], [ -35.35823, -5.46962 ], [ -35.35886, -5.46949 ], [ -35.36209, -5.46948 ], [ -35.36289, -5.46889 ], [ -35.36377, -5.4688 ], [ -35.36537, -5.46835 ], [ -35.36936, -5.46604 ], [ -35.37018, -5.4651 ], [ -35.37088, -5.46473 ], [ -35.3722, -5.46441 ], [ -35.37577, -5.4643 ], [ -35.37638, -5.46442 ], [ -35.3767, -5.46498 ], [ -35.37727, -5.46538 ], [ -35.37727, -5.46582 ], [ -35.37865, -5.466 ], [ -35.37989, -5.46559 ], [ -35.38021, -5.46578 ], [ -35.38034, -5.46615 ], [ -35.38153, -5.46695 ], [ -35.38137, -5.46792 ], [ -35.38156, -5.4685 ], [ -35.38195, -5.46891 ], [ -35.38233, -5.46903 ], [ -35.3838, -5.46859 ], [ -35.38466, -5.46852 ], [ -35.38574, -5.46808 ], [ -35.38749, -5.4664 ], [ -35.38852, -5.46646 ], [ -35.38909, -5.46692 ], [ -35.39075, -5.46685 ], [ -35.39142, -5.46657 ], [ -35.39258, -5.465 ], [ -35.39307, -5.46485 ], [ -35.39368, -5.46498 ], [ -35.39393, -5.46518 ], [ -35.39407, -5.46529 ], [ -35.39515, -5.46531 ], [ -35.39547, -5.465 ], [ -35.39669, -5.46486 ], [ -35.3978, -5.46418 ], [ -35.39831, -5.46418 ], [ -35.39914, -5.46468 ], [ -35.40013, -5.46477 ], [ -35.40058, -5.46507 ], [ -35.40093, -5.46507 ], [ -35.40188, -5.46444 ], [ -35.40351, -5.4646 ], [ -35.40418, -5.46419 ], [ -35.4042, -5.46417 ], [ -35.40565, -5.46282 ], [ -35.40644, -5.46247 ], [ -35.40698, -5.46166 ], [ -35.40743, -5.46154 ], [ -35.40801, -5.46163 ], [ -35.40825, -5.46157 ], [ -35.40919, -5.46137 ], [ -35.40941, -5.46113 ], [ -35.40883, -5.46016 ], [ -35.40873, -5.45973 ], [ -35.40886, -5.45923 ], [ -35.40949, -5.45867 ], [ -35.41026, -5.45851 ], [ -35.41166, -5.45743 ], [ -35.41223, -5.45723 ], [ -35.41444, -5.45716 ], [ -35.41498, -5.45747 ], [ -35.41505, -5.45793 ], [ -35.4153, -5.45793 ], [ -35.41645, -5.45718 ], [ -35.41699, -5.45721 ], [ -35.4177, -5.45767 ], [ -35.41849, -5.45767 ], [ -35.41869, -5.45783 ], [ -35.41882, -5.45838 ], [ -35.41961, -5.4586 ], [ -35.41955, -5.45919 ], [ -35.42019, -5.45959 ], [ -35.42042, -5.46002 ], [ -35.42093, -5.46046 ], [ -35.42138, -5.46052 ], [ -35.42249, -5.46008 ], [ -35.4232, -5.4602 ], [ -35.42342, -5.46097 ], [ -35.42432, -5.46137 ], [ -35.42445, -5.46175 ], [ -35.42426, -5.46231 ], [ -35.42439, -5.46277 ], [ -35.42503, -5.46311 ], [ -35.42675, -5.46332 ], [ -35.42759, -5.46394 ], [ -35.42823, -5.46412 ], [ -35.42861, -5.46486 ], [ -35.42916, -5.46549 ], [ -35.42925, -5.46611 ], [ -35.4299, -5.46691 ], [ -35.43178, -5.46774 ], [ -35.43383, -5.46892 ], [ -35.43546, -5.46919 ], [ -35.43693, -5.46965 ], [ -35.43744, -5.46965 ], [ -35.43802, -5.46937 ], [ -35.43897, -5.46849 ], [ -35.43871, -5.46756 ], [ -35.43877, -5.46731 ], [ -35.43919, -5.46716 ], [ -35.43975, -5.46726 ], [ -35.44072, -5.46789 ], [ -35.44114, -5.46799 ], [ -35.44357, -5.46773 ], [ -35.44401, -5.46788 ], [ -35.44475, -5.46847 ], [ -35.44632, -5.46859 ], [ -35.44708, -5.46883 ], [ -35.4475, -5.46861 ], [ -35.44817, -5.46865 ], [ -35.4483, -5.4691 ], [ -35.44868, -5.46929 ], [ -35.44957, -5.46891 ], [ -35.44999, -5.46907 ], [ -35.45053, -5.46959 ], [ -35.45069, -5.47009 ], [ -35.45094, -5.4703 ], [ -35.4515, -5.47052 ], [ -35.45188, -5.47043 ], [ -35.45296, -5.46968 ], [ -35.45434, -5.46983 ], [ -35.45469, -5.4701 ], [ -35.45482, -5.47063 ], [ -35.45473, -5.47181 ], [ -35.45489, -5.47246 ], [ -35.45549, -5.4734 ], [ -35.45611, -5.47435 ], [ -35.45844, -5.47568 ], [ -35.45912, -5.47664 ], [ -35.45957, -5.47701 ], [ -35.46132, -5.4771 ], [ -35.4625, -5.47638 ], [ -35.46289, -5.47638 ], [ -35.46324, -5.47669 ], [ -35.46394, -5.47668 ], [ -35.4641, -5.4774 ], [ -35.46503, -5.4778 ], [ -35.46516, -5.47842 ], [ -35.46559, -5.47864 ], [ -35.46583, -5.47916 ], [ -35.46603, -5.47934 ], [ -35.46673, -5.47944 ], [ -35.46689, -5.47971 ], [ -35.4668, -5.48006 ], [ -35.46699, -5.48133 ], [ -35.46718, -5.48142 ], [ -35.46785, -5.48123 ], [ -35.46802, -5.48138 ], [ -35.46808, -5.48219 ], [ -35.46885, -5.483 ], [ -35.46885, -5.48384 ], [ -35.46921, -5.48408 ], [ -35.4701, -5.48411 ], [ -35.4703, -5.48532 ], [ -35.47049, -5.48563 ], [ -35.47091, -5.48582 ], [ -35.47206, -5.48581 ], [ -35.4732, -5.48503 ], [ -35.47349, -5.485 ], [ -35.47419, -5.48531 ], [ -35.47448, -5.48515 ], [ -35.4747, -5.4844 ], [ -35.47508, -5.48428 ], [ -35.47559, -5.4844 ], [ -35.47627, -5.4853 ], [ -35.47675, -5.48557 ], [ -35.47723, -5.48564 ], [ -35.47793, -5.48548 ], [ -35.47978, -5.48463 ], [ -35.48128, -5.48472 ], [ -35.48205, -5.48503 ], [ -35.48282, -5.48561 ], [ -35.48474, -5.48759 ], [ -35.4856, -5.48818 ], [ -35.48628, -5.48836 ], [ -35.48707, -5.48836 ], [ -35.48803, -5.48798 ], [ -35.48949, -5.48704 ], [ -35.49007, -5.48692 ], [ -35.49256, -5.48734 ], [ -35.49419, -5.4883 ], [ -35.49554, -5.48987 ], [ -35.49605, -5.49047 ], [ -35.49705, -5.49129 ], [ -35.49759, -5.49173 ], [ -35.50066, -5.49249 ], [ -35.50181, -5.4923 ], [ -35.49941, -5.48769 ], [ -35.48158, -5.45337 ], [ -35.47645, -5.45261 ], [ -35.47389, -5.45185 ], [ -35.47157, -5.45092 ], [ -35.46728, -5.44997 ], [ -35.46358, -5.44838 ], [ -35.46001, -5.44655 ], [ -35.45765, -5.44619 ], [ -35.45456, -5.44628 ], [ -35.45031, -5.44473 ], [ -35.44875, -5.44473 ], [ -35.44682, -5.44506 ], [ -35.44543, -5.44504 ], [ -35.44396, -5.44477 ], [ -35.44224, -5.4453 ], [ -35.44101, -5.44643 ], [ -35.44027, -5.44686 ], [ -35.43862, -5.44681 ], [ -35.43682, -5.44592 ], [ -35.43172, -5.44424 ], [ -35.42971, -5.44275 ], [ -35.42878, -5.44173 ], [ -35.42646, -5.43971 ], [ -35.42558, -5.43934 ], [ -35.42272, -5.43865 ], [ -35.41946, -5.43761 ], [ -35.41693, -5.43747 ], [ -35.41629, -5.43732 ], [ -35.41513, -5.4367 ], [ -35.41369, -5.43648 ], [ -35.41272, -5.43669 ], [ -35.4111, -5.43772 ], [ -35.41002, -5.4382 ], [ -35.40799, -5.43841 ], [ -35.40493, -5.43752 ], [ -35.40308, -5.43758 ], [ -35.40146, -5.43716 ], [ -35.40115, -5.43724 ], [ -35.40062, -5.4382 ], [ -35.40023, -5.43964 ], [ -35.39975, -5.44039 ], [ -35.39752, -5.4429 ], [ -35.39535, -5.44578 ], [ -35.3946, -5.44652 ], [ -35.3933, -5.44695 ], [ -35.39147, -5.44977 ], [ -35.39007, -5.45126 ], [ -35.38867, -5.4519 ], [ -35.38768, -5.45257 ], [ -35.38799, -5.45032 ], [ -35.38796, -5.44989 ], [ -35.3879, -5.44881 ], [ -35.38745, -5.44801 ], [ -35.38378, -5.44154 ], [ -35.38091, -5.43701 ], [ -35.37944, -5.43433 ], [ -35.37847, -5.43116 ], [ -35.37709, -5.42374 ], [ -35.37552, -5.4194 ], [ -35.37385, -5.41686 ], [ -35.37322, -5.41622 ], [ -35.37169, -5.41526 ], [ -35.37003, -5.41517 ], [ -35.36807, -5.41566 ], [ -35.36576, -5.41554 ], [ -35.3642, -5.41516 ], [ -35.36199, -5.41385 ], [ -35.35652, -5.4089 ], [ -35.32603, -5.38129 ], [ -35.32599, -5.38126 ], [ -35.32578, -5.3812 ], [ -35.3255, -5.38113 ], [ -35.3253, -5.38092 ], [ -35.32514, -5.38067 ], [ -35.32505, -5.38043 ], [ -35.32502, -5.38038 ], [ -35.32489, -5.38016 ], [ -35.32464, -5.37988 ], [ -35.32444, -5.37972 ], [ -35.32415, -5.37939 ], [ -35.32375, -5.37889 ], [ -35.32346, -5.37843 ], [ -35.32329, -5.37797 ], [ -35.32289, -5.37728 ], [ -35.32256, -5.37709 ], [ -35.32242, -5.37699 ], [ -35.32224, -5.37693 ], [ -35.32186, -5.37688 ], [ -35.32151, -5.37695 ], [ -35.32129, -5.37702 ], [ -35.32104, -5.37713 ], [ -35.32074, -5.3774 ], [ -35.32043, -5.3776 ], [ -35.32016, -5.37781 ], [ -35.31994, -5.37785 ], [ -35.31972, -5.3778 ], [ -35.31961, -5.37774 ], [ -35.31941, -5.37783 ], [ -35.31928, -5.37814 ], [ -35.31898, -5.37876 ], [ -35.31838, -5.37982 ], [ -35.31789, -5.38089 ], [ -35.31729, -5.38206 ], [ -35.31675, -5.38293 ], [ -35.3154, -5.38454 ], [ -35.31426, -5.38604 ], [ -35.31276, -5.3876 ], [ -35.31093, -5.38937 ], [ -35.31024, -5.39011 ], [ -35.30994, -5.39065 ], [ -35.30974, -5.39138 ], [ -35.30966, -5.39198 ], [ -35.30967, -5.39257 ], [ -35.30974, -5.39318 ], [ -35.30981, -5.39431 ], [ -35.30991, -5.39531 ], [ -35.31001, -5.39633 ], [ -35.31011, -5.39683 ], [ -35.31013, -5.39753 ], [ -35.31014, -5.39813 ], [ -35.31012, -5.39872 ], [ -35.31011, -5.39899 ], [ -35.31009, -5.39924 ], [ -35.31011, -5.39969 ], [ -35.31018, -5.40023 ], [ -35.3103, -5.40088 ], [ -35.3103, -5.40089 ], [ -35.31042, -5.40154 ], [ -35.31053, -5.40231 ], [ -35.31056, -5.4028 ], [ -35.31053, -5.40345 ], [ -35.31061, -5.40464 ], [ -35.31064, -5.40576 ], [ -35.31065, -5.40597 ], [ -35.31065, -5.40602 ], [ -35.31063, -5.40758 ], [ -35.31048, -5.40899 ], [ -35.3103, -5.40985 ], [ -35.31005, -5.41047 ], [ -35.30959, -5.4112 ], [ -35.30921, -5.41197 ], [ -35.30902, -5.41249 ], [ -35.3088, -5.41311 ], [ -35.30856, -5.41381 ], [ -35.30804, -5.41474 ], [ -35.3076, -5.41533 ], [ -35.30752, -5.4154 ], [ -35.3071, -5.41578 ], [ -35.30661, -5.41617 ], [ -35.30618, -5.41641 ], [ -35.3054, -5.41669 ], [ -35.30462, -5.4167 ], [ -35.3039, -5.41657 ], [ -35.30311, -5.41662 ], [ -35.30267, -5.41677 ], [ -35.30231, -5.41717 ], [ -35.30207, -5.41761 ], [ -35.30179, -5.4182 ], [ -35.30141, -5.41887 ], [ -35.3013, -5.41941 ], [ -35.30099, -5.42065 ], [ -35.30067, -5.42165 ], [ -35.30024, -5.42279 ], [ -35.29927, -5.42431 ], [ -35.29843, -5.42545 ], [ -35.29802, -5.42589 ], [ -35.2977, -5.42614 ], [ -35.2972, -5.42647 ], [ -35.29665, -5.4266 ], [ -35.29621, -5.4267 ], [ -35.29557, -5.4267 ], [ -35.29502, -5.42652 ], [ -35.29436, -5.4263 ], [ -35.29388, -5.42625 ], [ -35.29344, -5.42606 ], [ -35.29301, -5.42603 ], [ -35.29258, -5.42634 ], [ -35.29241, -5.42668 ], [ -35.29244, -5.42704 ], [ -35.29255, -5.42751 ], [ -35.29273, -5.42818 ], [ -35.29279, -5.42887 ], [ -35.29292, -5.4299 ], [ -35.29305, -5.43086 ], [ -35.29305, -5.43193 ], [ -35.29301, -5.43284 ], [ -35.29291, -5.43345 ], [ -35.29262, -5.43478 ], [ -35.29244, -5.43573 ], [ -35.29222, -5.43671 ], [ -35.2921, -5.43753 ], [ -35.29191, -5.4382 ], [ -35.2917, -5.43893 ], [ -35.29155, -5.43939 ], [ -35.29151, -5.43983 ], [ -35.29152, -5.44034 ], [ -35.2915, -5.44084 ], [ -35.29136, -5.44164 ], [ -35.29127, -5.44232 ], [ -35.29104, -5.4429 ], [ -35.29084, -5.44329 ], [ -35.29077, -5.44362 ], [ -35.29082, -5.44386 ], [ -35.29091, -5.44426 ], [ -35.29094, -5.44438 ], [ -35.29099, -5.44466 ], [ -35.29106, -5.44527 ], [ -35.29106, -5.44534 ], [ -35.29108, -5.44582 ], [ -35.29105, -5.4464 ], [ -35.29095, -5.44682 ], [ -35.29086, -5.44718 ], [ -35.29061, -5.44785 ], [ -35.29039, -5.44837 ], [ -35.29021, -5.44886 ], [ -35.2901, -5.44946 ], [ -35.29002, -5.45047 ], [ -35.28999, -5.45124 ], [ -35.29001, -5.45228 ], [ -35.28997, -5.45318 ], [ -35.28984, -5.45427 ], [ -35.28976, -5.45511 ], [ -35.28961, -5.45589 ], [ -35.28939, -5.45677 ], [ -35.28916, -5.45753 ], [ -35.28915, -5.45753 ], [ -35.289, -5.45803 ], [ -35.28894, -5.4582 ], [ -35.28892, -5.45825 ], [ -35.28891, -5.45828 ], [ -35.28868, -5.45885 ], [ -35.28844, -5.4594 ], [ -35.28826, -5.45981 ], [ -35.2881, -5.46028 ], [ -35.288, -5.46056 ], [ -35.28774, -5.46099 ], [ -35.28748, -5.46122 ], [ -35.28731, -5.46126 ], [ -35.28696, -5.46135 ], [ -35.28668, -5.46142 ], [ -35.28623, -5.46178 ], [ -35.28609, -5.46211 ], [ -35.28578, -5.46246 ], [ -35.28512, -5.46291 ], [ -35.28417, -5.46357 ], [ -35.28385, -5.46382 ], [ -35.2837, -5.46394 ], [ -35.28323, -5.46431 ], [ -35.28305, -5.4644 ], [ -35.28289, -5.46444 ], [ -35.2828, -5.46442 ], [ -35.28253, -5.46436 ], [ -35.28224, -5.46436 ], [ -35.28206, -5.46447 ], [ -35.2819, -5.46465 ], [ -35.28183, -5.46492 ], [ -35.28174, -5.46529 ], [ -35.28156, -5.46562 ], [ -35.28121, -5.4662 ], [ -35.28098, -5.46659 ], [ -35.28069, -5.467 ], [ -35.28044, -5.46732 ], [ -35.27996, -5.46783 ], [ -35.2799, -5.46806 ], [ -35.27981, -5.4683 ], [ -35.27973, -5.46861 ], [ -35.2796, -5.46895 ], [ -35.27914, -5.46943 ], [ -35.27875, -5.46976 ], [ -35.27852, -5.47014 ], [ -35.27841, -5.47052 ], [ -35.27827, -5.47089 ], [ -35.27805, -5.47112 ], [ -35.27777, -5.47136 ], [ -35.2775, -5.47152 ], [ -35.27737, -5.47169 ], [ -35.27705, -5.47184 ], [ -35.27678, -5.4719 ], [ -35.27657, -5.47197 ], [ -35.27646, -5.47216 ], [ -35.27643, -5.47234 ], [ -35.27637, -5.47254 ], [ -35.27627, -5.47273 ], [ -35.27618, -5.47278 ], [ -35.27606, -5.47277 ], [ -35.27588, -5.4728 ], [ -35.27563, -5.47292 ], [ -35.27547, -5.47304 ], [ -35.27536, -5.47328 ], [ -35.27525, -5.47364 ], [ -35.27513, -5.47423 ], [ -35.27509, -5.47447 ], [ -35.275, -5.47494 ], [ -35.27484, -5.47564 ], [ -35.27442, -5.47655 ], [ -35.27389, -5.47757 ], [ -35.27373, -5.47787 ], [ -35.27359, -5.47814 ], [ -35.27319, -5.47864 ], [ -35.27284, -5.47905 ], [ -35.27246, -5.47928 ], [ -35.27229, -5.47934 ], [ -35.27211, -5.47933 ], [ -35.27196, -5.47923 ], [ -35.27193, -5.47905 ], [ -35.27189, -5.4789 ], [ -35.27171, -5.4788 ], [ -35.2715, -5.47882 ], [ -35.27135, -5.47895 ], [ -35.2712, -5.47904 ], [ -35.27102, -5.47916 ], [ -35.27084, -5.47926 ], [ -35.27071, -5.47933 ], [ -35.27064, -5.47933 ], [ -35.27046, -5.47935 ], [ -35.27023, -5.4794 ], [ -35.26969, -5.47986 ], [ -35.26932, -5.48015 ], [ -35.26868, -5.48051 ], [ -35.26822, -5.48098 ], [ -35.26791, -5.48132 ], [ -35.26716, -5.4819 ], [ -35.26626, -5.48244 ], [ -35.26574, -5.48266 ], [ -35.2652, -5.48276 ], [ -35.26474, -5.48263 ], [ -35.26444, -5.48247 ], [ -35.26419, -5.4823 ], [ -35.2638, -5.48212 ], [ -35.26359, -5.48204 ], [ -35.26328, -5.48207 ], [ -35.26323, -5.48208 ], [ -35.26296, -5.48205 ], [ -35.26275, -5.48204 ], [ -35.26253, -5.48185 ], [ -35.26242, -5.48153 ], [ -35.26236, -5.48133 ], [ -35.26224, -5.481 ], [ -35.26213, -5.48081 ], [ -35.26173, -5.48067 ], [ -35.26143, -5.48064 ], [ -35.26093, -5.48063 ], [ -35.26068, -5.48062 ], [ -35.26031, -5.48077 ], [ -35.25981, -5.48125 ], [ -35.25958, -5.48171 ], [ -35.25941, -5.48229 ], [ -35.25951, -5.48279 ], [ -35.25989, -5.48351 ], [ -35.2602, -5.48408 ], [ -35.2604, -5.48487 ], [ -35.26038, -5.48687 ], [ -35.26042, -5.4878 ], [ -35.26044, -5.48822 ], [ -35.26035, -5.48952 ], [ -35.26028, -5.48985 ], [ -35.26008, -5.49076 ], [ -35.25999, -5.49162 ], [ -35.25982, -5.49227 ], [ -35.25977, -5.49235 ], [ -35.25977, -5.49235 ], [ -35.25954, -5.49269 ], [ -35.25935, -5.49284 ], [ -35.25902, -5.49287 ], [ -35.25864, -5.49285 ], [ -35.25826, -5.49282 ], [ -35.25795, -5.49285 ], [ -35.25778, -5.49304 ], [ -35.25772, -5.49333 ], [ -35.25777, -5.4937 ], [ -35.258, -5.49393 ], [ -35.2582, -5.49415 ], [ -35.25879, -5.49437 ], [ -35.25896, -5.49449 ], [ -35.2593, -5.49467 ], [ -35.25946, -5.4949 ], [ -35.25965, -5.49526 ], [ -35.25974, -5.49567 ], [ -35.25995, -5.4973 ], [ -35.26015, -5.49974 ], [ -35.26026, -5.50151 ], [ -35.26027, -5.50287 ], [ -35.26022, -5.50408 ], [ -35.26012, -5.5056 ], [ -35.25985, -5.50799 ], [ -35.25958, -5.50944 ], [ -35.25922, -5.51085 ], [ -35.25874, -5.51218 ], [ -35.2587, -5.5123 ], [ -35.2582, -5.51354 ], [ -35.25745, -5.51492 ], [ -35.25686, -5.51572 ], [ -35.25623, -5.51645 ], [ -35.25583, -5.51687 ], [ -35.25612, -5.51732 ], [ -35.25385, -5.51953 ], [ -35.25348, -5.5199 ], [ -35.25351, -5.52019 ], [ -35.25366, -5.52033 ], [ -35.25395, -5.5206 ], [ -35.25427, -5.52067 ], [ -35.25493, -5.52069 ], [ -35.25518, -5.52116 ], [ -35.25535, -5.52199 ], [ -35.25563, -5.52267 ], [ -35.25571, -5.52319 ], [ -35.25535, -5.52353 ], [ -35.25517, -5.52389 ], [ -35.25533, -5.52446 ], [ -35.25554, -5.52529 ], [ -35.25561, -5.52555 ], [ -35.25567, -5.52581 ], [ -35.2559, -5.5261 ], [ -35.25664, -5.52624 ], [ -35.257, -5.52639 ], [ -35.25734, -5.52662 ], [ -35.25756, -5.52682 ], [ -35.25747, -5.52768 ], [ -35.25741, -5.52788 ], [ -35.25727, -5.52798 ], [ -35.25705, -5.52775 ], [ -35.25668, -5.52782 ], [ -35.25651, -5.52815 ], [ -35.25632, -5.52843 ], [ -35.25614, -5.52876 ], [ -35.2561, -5.52908 ], [ -35.25617, -5.52947 ], [ -35.25623, -5.52991 ], [ -35.25648, -5.53026 ], [ -35.25691, -5.53028 ], [ -35.25729, -5.53037 ], [ -35.25739, -5.53055 ], [ -35.25764, -5.53061 ], [ -35.25791, -5.53052 ], [ -35.25838, -5.53037 ], [ -35.25845, -5.53005 ], [ -35.25852, -5.52972 ], [ -35.2586, -5.52942 ], [ -35.25876, -5.52924 ], [ -35.25889, -5.52923 ], [ -35.25903, -5.52919 ], [ -35.25929, -5.52909 ], [ -35.25939, -5.52912 ], [ -35.25951, -5.5291 ], [ -35.25969, -5.52898 ], [ -35.26, -5.52893 ], [ -35.26028, -5.52859 ], [ -35.2605, -5.52852 ], [ -35.26086, -5.52824 ], [ -35.26116, -5.528 ], [ -35.26147, -5.52777 ], [ -35.26172, -5.52752 ], [ -35.26201, -5.52707 ], [ -35.26226, -5.52628 ], [ -35.26245, -5.52526 ], [ -35.26298, -5.52423 ], [ -35.2638, -5.52323 ], [ -35.26456, -5.52224 ], [ -35.26516, -5.52127 ], [ -35.26591, -5.52045 ], [ -35.26655, -5.51995 ], [ -35.26698, -5.5196 ], [ -35.26709, -5.51952 ], [ -35.26722, -5.51942 ], [ -35.26736, -5.51932 ], [ -35.26772, -5.51908 ], [ -35.26814, -5.51888 ], [ -35.26851, -5.51861 ], [ -35.26881, -5.51841 ], [ -35.26903, -5.51825 ], [ -35.26932, -5.51801 ], [ -35.26963, -5.51774 ], [ -35.2699, -5.51727 ], [ -35.27003, -5.51687 ], [ -35.27021, -5.51649 ], [ -35.2703, -5.51609 ], [ -35.27054, -5.51572 ], [ -35.27065, -5.51531 ], [ -35.27072, -5.51492 ], [ -35.2709, -5.51449 ], [ -35.2709, -5.51423 ], [ -35.27101, -5.51398 ], [ -35.27107, -5.51371 ], [ -35.27127, -5.51343 ], [ -35.27136, -5.51309 ], [ -35.27145, -5.51287 ], [ -35.27154, -5.51262 ], [ -35.27163, -5.51231 ], [ -35.27163, -5.51198 ], [ -35.27167, -5.51176 ], [ -35.27163, -5.5114 ], [ -35.27169, -5.51116 ], [ -35.27169, -5.51087 ], [ -35.27169, -5.51049 ], [ -35.2717, -5.51016 ], [ -35.27163, -5.50987 ], [ -35.27172, -5.50969 ], [ -35.27181, -5.50953 ], [ -35.27188, -5.50932 ], [ -35.2717, -5.50913 ], [ -35.27155, -5.50912 ], [ -35.2713, -5.50903 ], [ -35.27086, -5.50887 ], [ -35.27064, -5.50861 ], [ -35.27071, -5.50828 ], [ -35.27067, -5.50795 ], [ -35.27063, -5.5078 ], [ -35.27028, -5.50756 ], [ -35.26989, -5.50726 ], [ -35.26965, -5.50708 ], [ -35.26957, -5.50689 ], [ -35.26953, -5.50671 ], [ -35.26962, -5.50657 ], [ -35.26998, -5.5064 ], [ -35.27015, -5.50635 ], [ -35.27048, -5.50635 ], [ -35.27073, -5.50657 ], [ -35.27095, -5.50668 ], [ -35.27128, -5.50676 ], [ -35.2716, -5.50687 ], [ -35.27181, -5.50693 ], [ -35.2719, -5.50684 ], [ -35.27192, -5.5067 ], [ -35.27191, -5.50647 ], [ -35.27191, -5.50615 ], [ -35.27191, -5.50589 ], [ -35.27208, -5.50568 ], [ -35.27228, -5.50559 ], [ -35.27258, -5.50545 ], [ -35.27263, -5.50532 ], [ -35.27263, -5.50514 ], [ -35.27266, -5.5049 ], [ -35.27274, -5.50467 ], [ -35.27291, -5.50454 ], [ -35.27315, -5.50438 ], [ -35.27339, -5.50428 ], [ -35.27369, -5.50412 ], [ -35.27385, -5.50399 ], [ -35.27402, -5.50379 ], [ -35.27398, -5.50314 ], [ -35.27524, -5.5017 ] ] ] } },
{ "type": "Feature", "properties": { "CD_MUN": "2410306", "NM_MUN": "Serra Caiada", "CD_RGI": "240002", "NM_RGI": "Santo Antônio - Passa e Fica - Nova Cruz", "CD_RGINT": "2401", "NM_RGINT": "Natal", "CD_UF": "24", "NM_UF": "Rio Grande do Norte", "SIGLA_UF": "RN", "CD_REGIA": "2", "NM_REGIA": "Nordeste", "SIGLA_RG": "NE", "CD_CONCU": null, "NM_CONCU": null, "AREA_KM2": 230.036 }, "geometry": { "type": "Polygon", "coordinates": [ [ [ -35.72021, -6.17643 ], [ -35.72138, -6.17314 ], [ -35.72733, -6.15637 ], [ -35.73225, -6.14249 ], [ -35.73231, -6.14249 ], [ -35.78974, -6.14035 ], [ -35.80825, -6.13966 ], [ -35.82076, -6.12936 ], [ -35.8258, -6.07887 ], [ -35.82321, -6.07436 ], [ -35.82253, -6.07318 ], [ -35.80535, -6.04332 ], [ -35.79869, -6.04258 ], [ -35.78409, -6.04094 ], [ -35.78404, -6.04094 ], [ -35.78405, -6.04093 ], [ -35.78428, -6.03954 ], [ -35.78171, -6.03903 ], [ -35.78134, -6.04067 ], [ -35.78156, -6.0407 ], [ -35.70103, -6.06793 ], [ -35.69411, -6.0703 ], [ -35.69231, -6.07092 ], [ -35.69061, -6.0715 ], [ -35.68597, -6.07256 ], [ -35.61292, -6.08935 ], [ -35.60686, -6.09074 ], [ -35.60158, -6.09196 ], [ -35.59053, -6.09617 ], [ -35.58887, -6.0968 ], [ -35.6029, -6.10829 ], [ -35.60509, -6.11008 ], [ -35.62518, -6.12654 ], [ -35.6386, -6.13753 ], [ -35.63862, -6.13772 ], [ -35.64042, -6.15445 ], [ -35.64896, -6.16896 ], [ -35.6538, -6.17719 ], [ -35.66263, -6.17439 ], [ -35.68219, -6.16817 ], [ -35.72021, -6.17643 ] ] ] } },
{ "type": "Feature", "properties": { "CD_MUN": "2402006", "NM_MUN": "Caicó", "CD_RGI": "240007", "NM_RGI": "Caicó", "CD_RGINT": "2402", "NM_RGINT": "Caicó", "CD_UF": "24", "NM_UF": "Rio Grande do Norte", "SIGLA_UF": "RN", "CD_REGIA": "2", "NM_REGIA": "Nordeste", "SIGLA_RG": "NE", "CD_CONCU": null, "NM_CONCU": null, "AREA_KM2": 1228.583 }, "geometry": { "type": "Polygon", "coordinates": [ [ [ -37.14975, -6.6268 ], [ -37.15042, -6.62614 ], [ -37.15593, -6.62398 ], [ -37.15913, -6.62345 ], [ -37.16133, -6.62068 ], [ -37.16321, -6.61913 ], [ -37.16539, -6.61937 ], [ -37.1675, -6.61816 ], [ -37.17172, -6.61873 ], [ -37.17258, -6.61795 ], [ -37.17196, -6.61716 ], [ -37.1722, -6.61584 ], [ -37.17407, -6.61522 ], [ -37.17494, -6.61393 ], [ -37.17806, -6.61458 ], [ -37.17958, -6.61378 ], [ -37.1804, -6.61391 ], [ -37.21836, -6.61973 ], [ -37.23064, -6.56992 ], [ -37.23088, -6.56967 ], [ -37.23082, -6.56945 ], [ -37.23047, -6.56834 ], [ -37.22963, -6.56737 ], [ -37.22533, -6.56491 ], [ -37.2221, -6.56448 ], [ -37.2209, -6.56224 ], [ -37.21691, -6.5594 ], [ -37.21522, -6.55304 ], [ -37.2167, -6.55101 ], [ -37.21664, -6.55032 ], [ -37.21451, -6.54848 ], [ -37.21326, -6.5429 ], [ -37.2121, -6.54034 ], [ -37.21123, -6.53184 ], [ -37.21144, -6.53125 ], [ -37.21316, -6.53039 ], [ -37.21364, -6.5297 ], [ -37.21345, -6.52743 ], [ -37.21145, -6.52653 ], [ -37.21001, -6.52443 ], [ -37.2051, -6.52063 ], [ -37.19964, -6.51474 ], [ -37.19926, -6.51317 ], [ -37.19988, -6.51104 ], [ -37.20223, -6.50856 ], [ -37.20241, -6.50664 ], [ -37.20581, -6.49973 ], [ -37.20507, -6.49618 ], [ -37.20526, -6.49141 ], [ -37.20482, -6.48705 ], [ -37.20275, -6.47876 ], [ -37.20359, -6.47507 ], [ -37.20501, -6.47258 ], [ -37.2053, -6.47044 ], [ -37.20619, -6.4699 ], [ -37.20581, -6.46953 ], [ -37.19954, -6.46346 ], [ -37.19557, -6.45503 ], [ -37.195, -6.45294 ], [ -37.19533, -6.44676 ], [ -37.19347, -6.44489 ], [ -37.19073, -6.44094 ], [ -37.18847, -6.43901 ], [ -37.18661, -6.43778 ], [ -37.18332, -6.43679 ], [ -37.18001, -6.43684 ], [ -37.17711, -6.43744 ], [ -37.16738, -6.44287 ], [ -37.1655, -6.44318 ], [ -37.16249, -6.44457 ], [ -37.15693, -6.44489 ], [ -37.1528, -6.44703 ], [ -37.14764, -6.44723 ], [ -37.14038, -6.44848 ], [ -37.13968, -6.44068 ], [ -37.1408, -6.42797 ], [ -37.10196, -6.41762 ], [ -37.10018, -6.41607 ], [ -37.09979, -6.41298 ], [ -37.09652, -6.41203 ], [ -37.09476, -6.40981 ], [ -37.09342, -6.40923 ], [ -37.0917, -6.40989 ], [ -37.09018, -6.40935 ], [ -37.08865, -6.40838 ], [ -37.08709, -6.40611 ], [ -37.08583, -6.40526 ], [ -37.08134, -6.4034 ], [ -37.0814, -6.40469 ], [ -37.08038, -6.40503 ], [ -37.07928, -6.4048 ], [ -37.07617, -6.40235 ], [ -37.07516, -6.4024 ], [ -37.07329, -6.40364 ], [ -37.07285, -6.39248 ], [ -37.07531, -6.38426 ], [ -37.07573, -6.38284 ], [ -37.08099, -6.36525 ], [ -37.08185, -6.35988 ], [ -37.08162, -6.35423 ], [ -37.07537, -6.30745 ], [ -37.07545, -6.30605 ], [ -37.08094, -6.29402 ], [ -37.08136, -6.29232 ], [ -37.08089, -6.29057 ], [ -37.05081, -6.23997 ], [ -37.04867, -6.23636 ], [ -37.0479, -6.23473 ], [ -37.04572, -6.22392 ], [ -37.04513, -6.22404 ], [ -37.03336, -6.22649 ], [ -37.01663, -6.22282 ], [ -37.00312, -6.22169 ], [ -36.99082, -6.21302 ], [ -36.98753, -6.20941 ], [ -36.98466, -6.2052 ], [ -36.98165, -6.20341 ], [ -36.97999, -6.20178 ], [ -36.97722, -6.1972 ], [ -36.97367, -6.19251 ], [ -36.97106, -6.1913 ], [ -36.9681, -6.19072 ], [ -36.95909, -6.19119 ], [ -36.95732, -6.19076 ], [ -36.95216, -6.19408 ], [ -36.95023, -6.1956 ], [ -36.94128, -6.20329 ], [ -36.9382, -6.20655 ], [ -36.93192, -6.2119 ], [ -36.92693, -6.21575 ], [ -36.92382, -6.22089 ], [ -36.9232, -6.22317 ], [ -36.92286, -6.2256 ], [ -36.92306, -6.23304 ], [ -36.92405, -6.23895 ], [ -36.92302, -6.23895 ], [ -36.90115, -6.23893 ], [ -36.89442, -6.23893 ], [ -36.89532, -6.2394 ], [ -36.89825, -6.24077 ], [ -36.90957, -6.2432 ], [ -36.911, -6.24456 ], [ -36.91283, -6.2482 ], [ -36.91334, -6.25028 ], [ -36.91342, -6.25478 ], [ -36.91355, -6.25579 ], [ -36.91463, -6.26056 ], [ -36.91785, -6.26751 ], [ -36.91992, -6.2689 ], [ -36.92341, -6.27017 ], [ -36.92564, -6.27166 ], [ -36.92929, -6.27538 ], [ -36.93003, -6.27907 ], [ -36.92972, -6.28061 ], [ -36.92646, -6.28561 ], [ -36.92589, -6.28684 ], [ -36.92371, -6.2944 ], [ -36.92254, -6.29631 ], [ -36.91818, -6.29997 ], [ -36.91725, -6.30201 ], [ -36.91714, -6.30516 ], [ -36.9122, -6.30773 ], [ -36.90856, -6.31474 ], [ -36.90692, -6.31526 ], [ -36.90562, -6.31486 ], [ -36.90295, -6.31677 ], [ -36.90213, -6.31849 ], [ -36.90115, -6.326 ], [ -36.90161, -6.32938 ], [ -36.90269, -6.33211 ], [ -36.90537, -6.33607 ], [ -36.90567, -6.33871 ], [ -36.90505, -6.34027 ], [ -36.90281, -6.34175 ], [ -36.88632, -6.34287 ], [ -36.87333, -6.3797 ], [ -36.86082, -6.38878 ], [ -36.87401, -6.41811 ], [ -36.87413, -6.41867 ], [ -36.90484, -6.44792 ], [ -36.93649, -6.47543 ], [ -36.95773, -6.49167 ], [ -36.96089, -6.5055 ], [ -36.96272, -6.50997 ], [ -36.95137, -6.52164 ], [ -36.95136, -6.52227 ], [ -36.95099, -6.53856 ], [ -36.95094, -6.54049 ], [ -36.94029, -6.56127 ], [ -36.95137, -6.57032 ], [ -36.94952, -6.57146 ], [ -36.94747, -6.57076 ], [ -36.9435, -6.5711 ], [ -36.9384, -6.57426 ], [ -36.9376, -6.57526 ], [ -36.9369, -6.57768 ], [ -36.937, -6.57778 ], [ -36.98062, -6.61714 ], [ -36.97997, -6.63705 ], [ -36.97982, -6.64156 ], [ -36.99079, -6.67295 ], [ -37.00359, -6.70961 ], [ -37.00386, -6.70975 ], [ -37.00999, -6.71451 ], [ -37.01219, -6.71622 ], [ -37.02085, -6.72296 ], [ -37.03526, -6.73417 ], [ -37.03677, -6.73272 ], [ -37.04047, -6.73203 ], [ -37.04218, -6.72964 ], [ -37.04237, -6.72803 ], [ -37.04317, -6.72643 ], [ -37.04398, -6.72573 ], [ -37.04738, -6.72615 ], [ -37.05069, -6.72386 ], [ -37.05259, -6.72321 ], [ -37.0543, -6.72332 ], [ -37.05971, -6.72074 ], [ -37.06172, -6.71799 ], [ -37.06003, -6.71498 ], [ -37.06084, -6.71368 ], [ -37.06505, -6.71209 ], [ -37.06507, -6.70743 ], [ -37.06627, -6.70614 ], [ -37.06955, -6.70471 ], [ -37.07397, -6.7013 ], [ -37.07797, -6.70071 ], [ -37.08158, -6.69927 ], [ -37.08308, -6.69908 ], [ -37.08448, -6.69949 ], [ -37.08499, -6.69708 ], [ -37.08301, -6.69092 ], [ -37.08772, -6.68993 ], [ -37.09134, -6.68679 ], [ -37.09664, -6.68591 ], [ -37.10005, -6.68367 ], [ -37.10001, -6.68305 ], [ -37.10288, -6.68473 ], [ -37.1036, -6.68223 ], [ -37.10478, -6.68111 ], [ -37.1057, -6.67853 ], [ -37.1053, -6.67608 ], [ -37.10564, -6.67407 ], [ -37.10702, -6.67303 ], [ -37.10848, -6.67289 ], [ -37.10895, -6.67222 ], [ -37.10891, -6.67126 ], [ -37.10804, -6.66975 ], [ -37.10938, -6.6667 ], [ -37.10826, -6.66551 ], [ -37.10797, -6.66444 ], [ -37.10903, -6.66236 ], [ -37.10812, -6.65993 ], [ -37.10947, -6.65682 ], [ -37.11068, -6.65534 ], [ -37.11223, -6.65489 ], [ -37.11514, -6.65854 ], [ -37.11639, -6.65938 ], [ -37.1196, -6.66016 ], [ -37.12081, -6.66 ], [ -37.12291, -6.65813 ], [ -37.1237, -6.65564 ], [ -37.12646, -6.65506 ], [ -37.1299, -6.65225 ], [ -37.13172, -6.65259 ], [ -37.13322, -6.65085 ], [ -37.13478, -6.64986 ], [ -37.13607, -6.64356 ], [ -37.1414, -6.63672 ], [ -37.14212, -6.63522 ], [ -37.14355, -6.63468 ], [ -37.14626, -6.6301 ], [ -37.14892, -6.62889 ], [ -37.14975, -6.6268 ] ] ] } },
{ "type": "Feature", "properties": { "CD_MUN": "2402907", "NM_MUN": "Coronel João Pessoa", "CD_RGI": "240010", "NM_RGI": "Pau dos Ferros", "CD_RGINT": "2403", "NM_RGINT": "Mossoró", "CD_UF": "24", "NM_UF": "Rio Grande do Norte", "SIGLA_UF": "RN", "CD_REGIA": "2", "NM_REGIA": "Nordeste", "SIGLA_RG": "NE", "CD_CONCU": null, "NM_CONCU": null, "AREA_KM2": 117.139 }, "geometry": { "type": "Polygon", "coordinates": [ [ [ -38.48104, -6.30466 ], [ -38.48136, -6.3044 ], [ -38.48819, -6.28312 ], [ -38.48153, -6.25202 ], [ -38.46994, -6.25271 ], [ -38.46615, -6.24442 ], [ -38.46566, -6.24273 ], [ -38.46233, -6.23142 ], [ -38.45755, -6.23037 ], [ -38.45655, -6.2298 ], [ -38.45618, -6.22915 ], [ -38.45513, -6.22729 ], [ -38.45083, -6.22437 ], [ -38.44849, -6.22185 ], [ -38.43688, -6.23009 ], [ -38.43486, -6.23152 ], [ -38.43377, -6.23366 ], [ -38.4304, -6.23645 ], [ -38.42981, -6.23561 ], [ -38.42782, -6.23278 ], [ -38.41803, -6.21884 ], [ -38.41772, -6.21857 ], [ -38.36496, -6.1729 ], [ -38.35775, -6.20155 ], [ -38.3575, -6.20138 ], [ -38.35788, -6.21764 ], [ -38.35793, -6.2178 ], [ -38.36112, -6.22882 ], [ -38.37185, -6.24856 ], [ -38.37634, -6.25562 ], [ -38.37998, -6.25646 ], [ -38.38134, -6.25778 ], [ -38.38141, -6.25924 ], [ -38.37926, -6.2627 ], [ -38.38276, -6.26698 ], [ -38.38568, -6.26976 ], [ -38.38861, -6.27114 ], [ -38.38944, -6.27173 ], [ -38.3906, -6.27345 ], [ -38.39255, -6.27462 ], [ -38.39676, -6.27426 ], [ -38.39868, -6.2743 ], [ -38.40018, -6.27466 ], [ -38.40214, -6.2759 ], [ -38.40289, -6.27729 ], [ -38.40352, -6.27952 ], [ -38.40239, -6.28193 ], [ -38.39953, -6.28353 ], [ -38.39886, -6.28484 ], [ -38.39979, -6.28671 ], [ -38.40614, -6.29193 ], [ -38.40866, -6.29346 ], [ -38.42092, -6.30058 ], [ -38.42292, -6.30217 ], [ -38.42416, -6.30472 ], [ -38.42528, -6.306 ], [ -38.43179, -6.30976 ], [ -38.43459, -6.31292 ], [ -38.44191, -6.31578 ], [ -38.44686, -6.31917 ], [ -38.45264, -6.32618 ], [ -38.45651, -6.32918 ], [ -38.45761, -6.32971 ], [ -38.45641, -6.32517 ], [ -38.48104, -6.30466 ] ] ] } },
{ "type": "Feature", "properties": { "CD_MUN": "2412104", "NM_MUN": "São João do Sabugi", "CD_RGI": "240007", "NM_RGI": "Caicó", "CD_RGINT": "2402", "NM_RGINT": "Caicó", "CD_UF": "24", "NM_UF": "Rio Grande do Norte", "SIGLA_UF": "RN", "CD_REGIA": "2", "NM_REGIA": "Nordeste", "SIGLA_RG": "NE", "CD_CONCU": null, "NM_CONCU": null, "AREA_KM2": 277.011 }, "geometry": { "type": "Polygon", "coordinates": [ [ [ -37.29881, -6.69148 ], [ -37.3143, -6.68897 ], [ -37.31154, -6.6663 ], [ -37.30169, -6.65223 ], [ -37.25143, -6.64688 ], [ -37.21836, -6.61973 ], [ -37.1804, -6.61391 ], [ -37.17958, -6.61378 ], [ -37.17806, -6.61458 ], [ -37.17494, -6.61393 ], [ -37.17407, -6.61522 ], [ -37.1722, -6.61584 ], [ -37.17196, -6.61716 ], [ -37.17258, -6.61795 ], [ -37.17172, -6.61873 ], [ -37.1675, -6.61816 ], [ -37.16539, -6.61937 ], [ -37.16321, -6.61913 ], [ -37.16133, -6.62068 ], [ -37.15913, -6.62345 ], [ -37.15593, -6.62398 ], [ -37.15042, -6.62614 ], [ -37.14975, -6.6268 ], [ -37.14892, -6.62889 ], [ -37.14626, -6.6301 ], [ -37.14355, -6.63468 ], [ -37.14212, -6.63522 ], [ -37.1414, -6.63672 ], [ -37.13607, -6.64356 ], [ -37.13478, -6.64986 ], [ -37.13322, -6.65085 ], [ -37.13172, -6.65259 ], [ -37.1299, -6.65225 ], [ -37.12646, -6.65506 ], [ -37.1237, -6.65564 ], [ -37.12291, -6.65813 ], [ -37.12081, -6.66 ], [ -37.1196, -6.66016 ], [ -37.11639, -6.65938 ], [ -37.11514, -6.65854 ], [ -37.11223, -6.65489 ], [ -37.11068, -6.65534 ], [ -37.10947, -6.65682 ], [ -37.10812, -6.65993 ], [ -37.10903, -6.66236 ], [ -37.10797, -6.66444 ], [ -37.10826, -6.66551 ], [ -37.10938, -6.6667 ], [ -37.10804, -6.66975 ], [ -37.10891, -6.67126 ], [ -37.10895, -6.67222 ], [ -37.10848, -6.67289 ], [ -37.10702, -6.67303 ], [ -37.10564, -6.67407 ], [ -37.1053, -6.67608 ], [ -37.1057, -6.67853 ], [ -37.10478, -6.68111 ], [ -37.1036, -6.68223 ], [ -37.10288, -6.68473 ], [ -37.10001, -6.68305 ], [ -37.10005, -6.68367 ], [ -37.09664, -6.68591 ], [ -37.09134, -6.68679 ], [ -37.08772, -6.68993 ], [ -37.08301, -6.69092 ], [ -37.08499, -6.69708 ], [ -37.08448, -6.69949 ], [ -37.08308, -6.69908 ], [ -37.08158, -6.69927 ], [ -37.07797, -6.70071 ], [ -37.07397, -6.7013 ], [ -37.06955, -6.70471 ], [ -37.06627, -6.70614 ], [ -37.06507, -6.70743 ], [ -37.06505, -6.71209 ], [ -37.06084, -6.71368 ], [ -37.06003, -6.71498 ], [ -37.06172, -6.71799 ], [ -37.05971, -6.72074 ], [ -37.0543, -6.72332 ], [ -37.05259, -6.72321 ], [ -37.05069, -6.72386 ], [ -37.04738, -6.72615 ], [ -37.04398, -6.72573 ], [ -37.04317, -6.72643 ], [ -37.04237, -6.72803 ], [ -37.04218, -6.72964 ], [ -37.04047, -6.73203 ], [ -37.03677, -6.73272 ], [ -37.03526, -6.73417 ], [ -37.04129, -6.74006 ], [ -37.05068, -6.74441 ], [ -37.05942, -6.74942 ], [ -37.06294, -6.751 ], [ -37.07094, -6.75331 ], [ -37.07542, -6.75413 ], [ -37.07551, -6.75032 ], [ -37.07694, -6.74823 ], [ -37.07617, -6.74625 ], [ -37.07646, -6.74573 ], [ -37.07847, -6.74551 ], [ -37.08283, -6.74111 ], [ -37.08381, -6.73955 ], [ -37.08404, -6.73799 ], [ -37.08311, -6.73639 ], [ -37.08312, -6.73557 ], [ -37.08715, -6.73143 ], [ -37.08749, -6.72998 ], [ -37.09159, -6.7268 ], [ -37.09394, -6.72364 ], [ -37.09558, -6.72451 ], [ -37.10574, -6.72547 ], [ -37.11201, -6.72744 ], [ -37.1151, -6.72901 ], [ -37.1188, -6.72973 ], [ -37.12118, -6.73092 ], [ -37.12527, -6.73125 ], [ -37.12862, -6.73088 ], [ -37.15087, -6.73675 ], [ -37.1577, -6.73963 ], [ -37.17481, -6.75177 ], [ -37.18513, -6.75586 ], [ -37.20433, -6.76173 ], [ -37.20433, -6.76173 ], [ -37.23878, -6.74215 ], [ -37.25874, -6.73912 ], [ -37.26392, -6.73217 ], [ -37.27181, -6.72861 ], [ -37.27992, -6.72423 ], [ -37.28564, -6.71633 ], [ -37.29017, -6.71304 ], [ -37.28886, -6.70651 ], [ -37.28769, -6.70649 ], [ -37.28372, -6.69391 ], [ -37.29827, -6.69156 ], [ -37.29881, -6.69148 ] ] ] } },
{ "type": "Feature", "properties": { "CD_MUN": "2413409", "NM_MUN": "Serra Negra do Norte", "CD_RGI": "240007", "NM_RGI": "Caicó", "CD_RGINT": "2402", "NM_RGINT": "Caicó", "CD_UF": "24", "NM_UF": "Rio Grande do Norte", "SIGLA_UF": "RN", "CD_REGIA": "2", "NM_REGIA": "Nordeste", "SIGLA_RG": "NE", "CD_CONCU": null, "NM_CONCU": null, "AREA_KM2": 562.396 }, "geometry": { "type": "Polygon", "coordinates": [ [ [ -37.38054, -6.43731 ], [ -37.31848, -6.45467 ], [ -37.30064, -6.47577 ], [ -37.30055, -6.47588 ], [ -37.26023, -6.52353 ], [ -37.26112, -6.52459 ], [ -37.26165, -6.52731 ], [ -37.25893, -6.53238 ], [ -37.25849, -6.53428 ], [ -37.25682, -6.53522 ], [ -37.2569, -6.53632 ], [ -37.25804, -6.5373 ], [ -37.25723, -6.53885 ], [ -37.2544, -6.5417 ], [ -37.25403, -6.54299 ], [ -37.25412, -6.54501 ], [ -37.23082, -6.56945 ], [ -37.23088, -6.56967 ], [ -37.23064, -6.56992 ], [ -37.21836, -6.61973 ], [ -37.25143, -6.64688 ], [ -37.30169, -6.65223 ], [ -37.31154, -6.6663 ], [ -37.3143, -6.68897 ], [ -37.33198, -6.69814 ], [ -37.33841, -6.70061 ], [ -37.34271, -6.70125 ], [ -37.34808, -6.70125 ], [ -37.35344, -6.70126 ], [ -37.36247, -6.70062 ], [ -37.36753, -6.70121 ], [ -37.37836, -6.70038 ], [ -37.38109, -6.70043 ], [ -37.38383, -6.70049 ], [ -37.38832, -6.69983 ], [ -37.3957, -6.70037 ], [ -37.39584, -6.70035 ], [ -37.39997, -6.69973 ], [ -37.40733, -6.6972 ], [ -37.42698, -6.70046 ], [ -37.44631, -6.70366 ], [ -37.45587, -6.70525 ], [ -37.4847, -6.71004 ], [ -37.48205, -6.70461 ], [ -37.47807, -6.69517 ], [ -37.47599, -6.68905 ], [ -37.47098, -6.68034 ], [ -37.47086, -6.67953 ], [ -37.47217, -6.67769 ], [ -37.47496, -6.6745 ], [ -37.4752, -6.67282 ], [ -37.47084, -6.6693 ], [ -37.46815, -6.66563 ], [ -37.46714, -6.66359 ], [ -37.46619, -6.65996 ], [ -37.47362, -6.64934 ], [ -37.47636, -6.6448 ], [ -37.47722, -6.64191 ], [ -37.47741, -6.63744 ], [ -37.47453, -6.61791 ], [ -37.476, -6.60811 ], [ -37.47876, -6.60728 ], [ -37.48002, -6.60618 ], [ -37.48038, -6.60522 ], [ -37.47974, -6.59989 ], [ -37.47974, -6.59988 ], [ -37.48012, -6.59415 ], [ -37.47985, -6.59263 ], [ -37.47853, -6.58507 ], [ -37.47861, -6.57822 ], [ -37.47481, -6.56445 ], [ -37.47506, -6.56349 ], [ -37.47602, -6.56265 ], [ -37.47872, -6.5617 ], [ -37.48058, -6.55982 ], [ -37.48191, -6.55725 ], [ -37.48294, -6.55329 ], [ -37.48313, -6.55041 ], [ -37.48236, -6.54771 ], [ -37.47367, -6.5376 ], [ -37.46814, -6.53393 ], [ -37.46472, -6.53266 ], [ -37.4449, -6.53307 ], [ -37.44455, -6.53308 ], [ -37.43656, -6.53324 ], [ -37.43645, -6.53324 ], [ -37.43619, -6.53324 ], [ -37.42119, -6.5333 ], [ -37.41929, -6.53317 ], [ -37.41571, -6.53188 ], [ -37.4117, -6.52953 ], [ -37.39999, -6.51949 ], [ -37.39689, -6.51421 ], [ -37.39621, -6.51251 ], [ -37.39579, -6.51009 ], [ -37.39468, -6.49149 ], [ -37.39402, -6.48031 ], [ -37.39354, -6.4722 ], [ -37.39175, -6.46246 ], [ -37.39095, -6.45284 ], [ -37.388, -6.44863 ], [ -37.38756, -6.44514 ], [ -37.38584, -6.44153 ], [ -37.38124, -6.43711 ], [ -37.38125, -6.4371 ], [ -37.38054, -6.43731 ] ] ] } },
{ "type": "Feature", "properties": { "CD_MUN": "2401602", "NM_MUN": "Bento Fernandes", "CD_RGI": "240001", "NM_RGI": "Natal", "CD_RGINT": "2401", "NM_RGINT": "Natal", "CD_UF": "24", "NM_UF": "Rio Grande do Norte", "SIGLA_UF": "RN", "CD_REGIA": "2", "NM_REGIA": "Nordeste", "SIGLA_RG": "NE", "CD_CONCU": null, "NM_CONCU": null, "AREA_KM2": 301.069 }, "geometry": { "type": "Polygon", "coordinates": [ [ [ -35.82712, -5.61606 ], [ -35.8266, -5.61703 ], [ -35.82582, -5.61752 ], [ -35.82492, -5.6178 ], [ -35.8224, -5.61745 ], [ -35.82001, -5.61742 ], [ -35.81676, -5.61844 ], [ -35.81507, -5.61877 ], [ -35.8093, -5.61884 ], [ -35.8064, -5.61928 ], [ -35.80561, -5.6194 ], [ -35.80305, -5.62027 ], [ -35.80202, -5.62096 ], [ -35.79997, -5.62305 ], [ -35.79911, -5.6237 ], [ -35.79717, -5.62467 ], [ -35.79471, -5.62608 ], [ -35.79175, -5.62674 ], [ -35.7866, -5.62664 ], [ -35.78487, -5.62681 ], [ -35.78211, -5.62755 ], [ -35.77968, -5.62888 ], [ -35.77825, -5.62989 ], [ -35.77739, -5.63109 ], [ -35.77707, -5.63282 ], [ -35.77659, -5.63394 ], [ -35.77551, -5.63503 ], [ -35.7744, -5.63539 ], [ -35.77048, -5.63566 ], [ -35.76929, -5.63606 ], [ -35.76551, -5.63784 ], [ -35.76415, -5.63829 ], [ -35.76279, -5.63842 ], [ -35.76188, -5.63822 ], [ -35.76143, -5.63762 ], [ -35.76126, -5.6365 ], [ -35.7615, -5.63566 ], [ -35.76556, -5.63103 ], [ -35.7658, -5.62975 ], [ -35.76583, -5.62834 ], [ -35.76624, -5.62714 ], [ -35.7671, -5.62609 ], [ -35.77281, -5.62208 ], [ -35.7733, -5.62039 ], [ -35.77284, -5.61967 ], [ -35.77205, -5.61908 ], [ -35.77107, -5.61888 ], [ -35.76855, -5.61953 ], [ -35.76728, -5.6205 ], [ -35.7641, -5.62368 ], [ -35.76174, -5.62578 ], [ -35.75837, -5.62768 ], [ -35.75709, -5.62796 ], [ -35.75553, -5.62769 ], [ -35.75412, -5.62646 ], [ -35.75395, -5.6259 ], [ -35.75414, -5.62339 ], [ -35.7541, -5.62246 ], [ -35.75389, -5.62194 ], [ -35.75187, -5.6207 ], [ -35.74902, -5.61965 ], [ -35.7478, -5.61943 ], [ -35.74681, -5.61969 ], [ -35.74656, -5.62316 ], [ -35.74768, -5.62636 ], [ -35.74777, -5.62754 ], [ -35.7475, -5.62931 ], [ -35.74624, -5.63221 ], [ -35.74562, -5.63302 ], [ -35.74252, -5.63467 ], [ -35.73875, -5.63598 ], [ -35.73779, -5.63614 ], [ -35.7372, -5.63589 ], [ -35.73447, -5.63394 ], [ -35.72928, -5.63163 ], [ -35.72817, -5.63134 ], [ -35.72739, -5.63135 ], [ -35.72644, -5.63135 ], [ -35.72331, -5.63285 ], [ -35.71499, -5.63409 ], [ -35.71233, -5.63463 ], [ -35.7109, -5.6352 ], [ -35.70945, -5.63627 ], [ -35.70794, -5.63768 ], [ -35.70691, -5.64037 ], [ -35.69722, -5.66559 ], [ -35.63214, -5.71443 ], [ -35.65628, -5.71798 ], [ -35.74255, -5.71684 ], [ -35.75639, -5.71666 ], [ -35.7771, -5.71639 ], [ -35.78505, -5.7172 ], [ -35.82554, -5.72134 ], [ -35.83108, -5.72191 ], [ -35.83203, -5.72201 ], [ -35.88285, -5.72721 ], [ -35.93964, -5.73301 ], [ -35.9416, -5.72779 ], [ -35.94114, -5.72581 ], [ -35.93404, -5.7159 ], [ -35.93421, -5.71487 ], [ -35.94167, -5.66878 ], [ -35.94144, -5.66819 ], [ -35.94096, -5.66693 ], [ -35.93967, -5.66488 ], [ -35.93929, -5.66443 ], [ -35.93741, -5.66307 ], [ -35.93604, -5.66097 ], [ -35.93419, -5.65693 ], [ -35.93345, -5.65433 ], [ -35.93278, -5.65343 ], [ -35.93191, -5.65289 ], [ -35.93108, -5.65276 ], [ -35.92976, -5.65287 ], [ -35.92878, -5.65264 ], [ -35.92739, -5.65186 ], [ -35.9252, -5.65063 ], [ -35.92429, -5.64985 ], [ -35.92313, -5.64761 ], [ -35.92281, -5.64633 ], [ -35.92279, -5.64503 ], [ -35.92336, -5.64096 ], [ -35.92423, -5.63833 ], [ -35.92438, -5.63661 ], [ -35.92419, -5.6357 ], [ -35.92368, -5.63493 ], [ -35.92179, -5.63375 ], [ -35.91839, -5.63285 ], [ -35.91512, -5.63265 ], [ -35.91381, -5.63213 ], [ -35.91296, -5.63149 ], [ -35.91128, -5.62966 ], [ -35.90929, -5.62799 ], [ -35.90706, -5.62694 ], [ -35.90325, -5.62578 ], [ -35.89838, -5.6243 ], [ -35.89702, -5.62459 ], [ -35.89632, -5.62503 ], [ -35.89505, -5.62644 ], [ -35.89433, -5.62755 ], [ -35.8928, -5.62894 ], [ -35.88798, -5.63137 ], [ -35.88593, -5.63198 ], [ -35.88531, -5.63194 ], [ -35.88345, -5.63095 ], [ -35.88006, -5.62816 ], [ -35.87267, -5.62463 ], [ -35.87205, -5.62403 ], [ -35.87047, -5.62155 ], [ -35.86942, -5.61739 ], [ -35.86928, -5.61539 ], [ -35.86965, -5.61383 ], [ -35.87042, -5.61238 ], [ -35.87268, -5.61007 ], [ -35.87329, -5.60911 ], [ -35.87345, -5.60831 ], [ -35.8732, -5.60739 ], [ -35.87237, -5.60663 ], [ -35.87006, -5.60572 ], [ -35.86854, -5.60536 ], [ -35.86779, -5.60545 ], [ -35.8673, -5.60573 ], [ -35.86714, -5.60613 ], [ -35.8671, -5.6081 ], [ -35.86645, -5.6095 ], [ -35.86473, -5.61163 ], [ -35.86387, -5.61188 ], [ -35.86074, -5.6119 ], [ -35.85929, -5.6121 ], [ -35.85798, -5.61203 ], [ -35.85744, -5.61175 ], [ -35.85583, -5.60937 ], [ -35.85516, -5.60876 ], [ -35.85446, -5.60864 ], [ -35.85368, -5.60876 ], [ -35.85191, -5.60981 ], [ -35.84849, -5.61003 ], [ -35.84775, -5.6102 ], [ -35.84614, -5.61097 ], [ -35.841, -5.61147 ], [ -35.83793, -5.6114 ], [ -35.83263, -5.61055 ], [ -35.83123, -5.61076 ], [ -35.82991, -5.61124 ], [ -35.82913, -5.61181 ], [ -35.82807, -5.61342 ], [ -35.82712, -5.61606 ] ] ] } },
{ "type": "Feature", "properties": { "CD_MUN": "2406205", "NM_MUN": "Lagoa d'Anta", "CD_RGI": "240002", "NM_RGI": "Santo Antônio - Passa e Fica - Nova Cruz", "CD_RGINT": "2401", "NM_RGINT": "Natal", "CD_UF": "24", "NM_UF": "Rio Grande do Norte", "SIGLA_UF": "RN", "CD_REGIA": "2", "NM_REGIA": "Nordeste", "SIGLA_RG": "NE", "CD_CONCU": null, "NM_CONCU": null, "AREA_KM2": 104.065 }, "geometry": { "type": "Polygon", "coordinates": [ [ [ -35.59838, -6.42712 ], [ -35.61648, -6.42561 ], [ -35.62901, -6.42298 ], [ -35.64654, -6.4193 ], [ -35.64664, -6.41905 ], [ -35.64748, -6.41923 ], [ -35.6475, -6.41922 ], [ -35.64767, -6.41913 ], [ -35.6479, -6.41908 ], [ -35.64802, -6.41911 ], [ -35.64818, -6.41917 ], [ -35.64828, -6.41926 ], [ -35.64834, -6.41936 ], [ -35.64841, -6.41942 ], [ -35.64857, -6.41883 ], [ -35.64923, -6.41901 ], [ -35.64933, -6.41872 ], [ -35.6713, -6.4141 ], [ -35.67103, -6.41422 ], [ -35.67082, -6.41438 ], [ -35.67039, -6.41467 ], [ -35.67031, -6.41477 ], [ -35.67021, -6.41492 ], [ -35.66996, -6.41513 ], [ -35.66981, -6.41539 ], [ -35.66976, -6.4156 ], [ -35.66976, -6.41562 ], [ -35.66976, -6.41562 ], [ -35.67156, -6.41523 ], [ -35.67194, -6.41017 ], [ -35.67253, -6.40827 ], [ -35.67812, -6.40023 ], [ -35.67858, -6.3976 ], [ -35.68111, -6.39106 ], [ -35.6805, -6.38771 ], [ -35.67718, -6.38141 ], [ -35.67681, -6.37973 ], [ -35.67875, -6.37034 ], [ -35.6792, -6.36917 ], [ -35.68294, -6.3639 ], [ -35.68302, -6.35811 ], [ -35.6823, -6.35257 ], [ -35.66993, -6.3487 ], [ -35.66984, -6.33175 ], [ -35.67087, -6.32694 ], [ -35.67142, -6.31455 ], [ -35.67125, -6.31246 ], [ -35.67006, -6.31029 ], [ -35.66905, -6.30946 ], [ -35.66737, -6.30863 ], [ -35.66637, -6.3088 ], [ -35.66588, -6.31031 ], [ -35.66404, -6.31217 ], [ -35.66302, -6.31358 ], [ -35.6618, -6.31458 ], [ -35.66019, -6.31533 ], [ -35.6595, -6.31542 ], [ -35.65764, -6.31528 ], [ -35.6572, -6.31563 ], [ -35.65728, -6.31814 ], [ -35.65693, -6.31873 ], [ -35.65638, -6.31896 ], [ -35.65585, -6.31896 ], [ -35.65476, -6.31869 ], [ -35.65383, -6.31823 ], [ -35.65247, -6.31808 ], [ -35.65112, -6.31828 ], [ -35.65005, -6.31892 ], [ -35.64961, -6.31945 ], [ -35.64949, -6.32033 ], [ -35.64963, -6.3217 ], [ -35.64934, -6.32553 ], [ -35.64833, -6.32654 ], [ -35.64745, -6.32681 ], [ -35.64605, -6.32675 ], [ -35.64368, -6.32624 ], [ -35.64323, -6.32576 ], [ -35.63882, -6.32967 ], [ -35.63748, -6.33108 ], [ -35.63628, -6.33459 ], [ -35.63384, -6.33641 ], [ -35.63147, -6.33922 ], [ -35.62955, -6.34063 ], [ -35.62774, -6.3409 ], [ -35.6271, -6.34099 ], [ -35.61799, -6.34839 ], [ -35.61695, -6.34939 ], [ -35.61555, -6.34993 ], [ -35.61498, -6.35105 ], [ -35.59837, -6.38323 ], [ -35.59719, -6.38553 ], [ -35.59702, -6.38584 ], [ -35.59696, -6.38585 ], [ -35.5931, -6.38633 ], [ -35.59298, -6.38634 ], [ -35.58071, -6.38785 ], [ -35.55504, -6.39102 ], [ -35.54424, -6.41738 ], [ -35.55176, -6.4235 ], [ -35.55273, -6.42379 ], [ -35.55668, -6.42188 ], [ -35.55821, -6.42228 ], [ -35.55856, -6.42238 ], [ -35.55867, -6.43042 ], [ -35.55879, -6.43041 ], [ -35.55923, -6.43037 ], [ -35.56762, -6.42968 ], [ -35.5808, -6.42858 ], [ -35.58583, -6.42816 ], [ -35.59296, -6.42757 ], [ -35.59838, -6.42712 ] ] ] } },
{ "type": "Feature", "properties": { "CD_MUN": "2414704", "NM_MUN": "Várzea", "CD_RGI": "240002", "NM_RGI": "Santo Antônio - Passa e Fica - Nova Cruz", "CD_RGINT": "2401", "NM_RGINT": "Natal", "CD_UF": "24", "NM_UF": "Rio Grande do Norte", "SIGLA_UF": "RN", "CD_REGIA": "2", "NM_REGIA": "Nordeste", "SIGLA_RG": "NE", "CD_CONCU": null, "NM_CONCU": null, "AREA_KM2": 72.684 }, "geometry": { "type": "Polygon", "coordinates": [ [ [ -35.32523, -6.39138 ], [ -35.32359, -6.39261 ], [ -35.31534, -6.39881 ], [ -35.30962, -6.40311 ], [ -35.32382, -6.39718 ], [ -35.32421, -6.39715 ], [ -35.33697, -6.39609 ], [ -35.34096, -6.40398 ], [ -35.34226, -6.40529 ], [ -35.34366, -6.40513 ], [ -35.3463, -6.40578 ], [ -35.34884, -6.40738 ], [ -35.35022, -6.40882 ], [ -35.35432, -6.40822 ], [ -35.35562, -6.40803 ], [ -35.35596, -6.40798 ], [ -35.35948, -6.40746 ], [ -35.37294, -6.4055 ], [ -35.38624, -6.39049 ], [ -35.40921, -6.38152 ], [ -35.40459, -6.3599 ], [ -35.40066, -6.34152 ], [ -35.39305, -6.32985 ], [ -35.38848, -6.32285 ], [ -35.3696, -6.2774 ], [ -35.35813, -6.24981 ], [ -35.34993, -6.22488 ], [ -35.35312, -6.2457 ], [ -35.35748, -6.27422 ], [ -35.35759, -6.27458 ], [ -35.35775, -6.27508 ], [ -35.3589, -6.27612 ], [ -35.35952, -6.27643 ], [ -35.3601, -6.27697 ], [ -35.36044, -6.27754 ], [ -35.3607, -6.27836 ], [ -35.36101, -6.27853 ], [ -35.36099, -6.27933 ], [ -35.36116, -6.2797 ], [ -35.36196, -6.28044 ], [ -35.36221, -6.28091 ], [ -35.36225, -6.28098 ], [ -35.3622, -6.28232 ], [ -35.36265, -6.28254 ], [ -35.36285, -6.28285 ], [ -35.36289, -6.28334 ], [ -35.36272, -6.28459 ], [ -35.36313, -6.28644 ], [ -35.36313, -6.28701 ], [ -35.36282, -6.28758 ], [ -35.36259, -6.28778 ], [ -35.36251, -6.28815 ], [ -35.36262, -6.28849 ], [ -35.36308, -6.28878 ], [ -35.3636, -6.28934 ], [ -35.36397, -6.28934 ], [ -35.36431, -6.28948 ], [ -35.36579, -6.29098 ], [ -35.36582, -6.29141 ], [ -35.36546, -6.29247 ], [ -35.36624, -6.29428 ], [ -35.36627, -6.29474 ], [ -35.36618, -6.29517 ], [ -35.36587, -6.29574 ], [ -35.36604, -6.29611 ], [ -35.36608, -6.29659 ], [ -35.36494, -6.29816 ], [ -35.36497, -6.29859 ], [ -35.36535, -6.29887 ], [ -35.36637, -6.2989 ], [ -35.36697, -6.29855 ], [ -35.36739, -6.29872 ], [ -35.36746, -6.29988 ], [ -35.36677, -6.30133 ], [ -35.36425, -6.30428 ], [ -35.36067, -6.30794 ], [ -35.35969, -6.30787 ], [ -35.35863, -6.30811 ], [ -35.35667, -6.30955 ], [ -35.35553, -6.30995 ], [ -35.35211, -6.31267 ], [ -35.34893, -6.31451 ], [ -35.34726, -6.31465 ], [ -35.34551, -6.31522 ], [ -35.34221, -6.31526 ], [ -35.34582, -6.33462 ], [ -35.34621, -6.3371 ], [ -35.34603, -6.33832 ], [ -35.34597, -6.33871 ], [ -35.3451, -6.34041 ], [ -35.34415, -6.34136 ], [ -35.3444, -6.34234 ], [ -35.34441, -6.34324 ], [ -35.34471, -6.34418 ], [ -35.34452, -6.34541 ], [ -35.34477, -6.34626 ], [ -35.3442, -6.34749 ], [ -35.34461, -6.34838 ], [ -35.34471, -6.34904 ], [ -35.34436, -6.3497 ], [ -35.34442, -6.35206 ], [ -35.34471, -6.35267 ], [ -35.345, -6.35329 ], [ -35.34515, -6.35339 ], [ -35.34622, -6.35417 ], [ -35.34607, -6.3554 ], [ -35.34567, -6.35621 ], [ -35.34603, -6.35743 ], [ -35.34654, -6.35842 ], [ -35.34566, -6.35979 ], [ -35.34527, -6.36206 ], [ -35.34492, -6.36258 ], [ -35.34251, -6.36391 ], [ -35.34196, -6.36405 ], [ -35.34174, -6.36519 ], [ -35.34147, -6.37104 ], [ -35.34127, -6.37222 ], [ -35.34238, -6.3747 ], [ -35.34227, -6.37557 ], [ -35.33998, -6.37818 ], [ -35.33918, -6.37991 ], [ -35.33889, -6.38111 ], [ -35.3307, -6.38726 ], [ -35.32523, -6.39138 ] ] ] } },
{ "type": "Feature", "properties": { "CD_MUN": "2408003", "NM_MUN": "Mossoró", "CD_RGI": "240009", "NM_RGI": "Mossoró", "CD_RGINT": "2403", "NM_RGINT": "Mossoró", "CD_UF": "24", "NM_UF": "Rio Grande do Norte", "SIGLA_UF": "RN", "CD_REGIA": "2", "NM_REGIA": "Nordeste", "SIGLA_RG": "NE", "CD_CONCU": "2408003", "NM_CONCU": "Mossoró", "AREA_KM2": 2099.334 }, "geometry": { "type": "Polygon", "coordinates": [ [ [ -37.39115, -5.33268 ], [ -37.41672, -5.31693 ], [ -37.42343, -5.31279 ], [ -37.42598, -5.31122 ], [ -37.46393, -5.30318 ], [ -37.54854, -5.28526 ], [ -37.5831, -5.27793 ], [ -37.56223, -5.22022 ], [ -37.56197, -5.21951 ], [ -37.5303, -5.13201 ], [ -37.52596, -5.12001 ], [ -37.52564, -5.11914 ], [ -37.52463, -5.11636 ], [ -37.49428, -5.0326 ], [ -37.4939, -5.03156 ], [ -37.48858, -5.0169 ], [ -37.49062, -5.01568 ], [ -37.49253, -5.01366 ], [ -37.49346, -5.01319 ], [ -37.49487, -5.01292 ], [ -37.49726, -5.01104 ], [ -37.49738, -5.01063 ], [ -37.4964, -5.00965 ], [ -37.49599, -5.00844 ], [ -37.49801, -5.00068 ], [ -37.49843, -4.99651 ], [ -37.49607, -4.98412 ], [ -37.49545, -4.9786 ], [ -37.49665, -4.96933 ], [ -37.4964, -4.96467 ], [ -37.49465, -4.96039 ], [ -37.49373, -4.94964 ], [ -37.49208, -4.94551 ], [ -37.49153, -4.94319 ], [ -37.49204, -4.94 ], [ -37.49197, -4.93124 ], [ -37.49237, -4.92454 ], [ -37.49203, -4.92307 ], [ -37.49067, -4.91969 ], [ -37.49006, -4.91894 ], [ -37.48647, -4.91595 ], [ -37.48234, -4.91328 ], [ -37.48048, -4.91081 ], [ -37.47829, -4.90874 ], [ -37.47572, -4.90526 ], [ -37.474, -4.90075 ], [ -37.47285, -4.89977 ], [ -37.47217, -4.89957 ], [ -37.46981, -4.8997 ], [ -37.46903, -4.89933 ], [ -37.46844, -4.89739 ], [ -37.46862, -4.8959 ], [ -37.46828, -4.89407 ], [ -37.46676, -4.89123 ], [ -37.46598, -4.88858 ], [ -37.46708, -4.88592 ], [ -37.46579, -4.88561 ], [ -37.44645, -4.88096 ], [ -37.42726, -4.91149 ], [ -37.42446, -4.90994 ], [ -37.42296, -4.90944 ], [ -37.42142, -4.907 ], [ -37.41616, -4.9078 ], [ -37.41542, -4.90704 ], [ -37.4116, -4.90584 ], [ -37.40314, -4.90939 ], [ -37.40309, -4.90975 ], [ -37.40305, -4.90994 ], [ -37.40118, -4.91046 ], [ -37.39927, -4.91048 ], [ -37.39862, -4.91058 ], [ -37.39798, -4.91094 ], [ -37.39432, -4.91182 ], [ -37.39323, -4.91182 ], [ -37.39196, -4.91152 ], [ -37.37616, -4.90989 ], [ -37.37424, -4.91016 ], [ -37.36993, -4.908 ], [ -37.36846, -4.90822 ], [ -37.36729, -4.90726 ], [ -37.36507, -4.90744 ], [ -37.36443, -4.91008 ], [ -37.36373, -4.91176 ], [ -37.36287, -4.91484 ], [ -37.36165, -4.91694 ], [ -37.35896, -4.92013 ], [ -37.35626, -4.92292 ], [ -37.3514, -4.92888 ], [ -37.35048, -4.92955 ], [ -37.34876, -4.93132 ], [ -37.3472, -4.93327 ], [ -37.34526, -4.93501 ], [ -37.33904, -4.9362 ], [ -37.33831, -4.93621 ], [ -37.33637, -4.93704 ], [ -37.33446, -4.93886 ], [ -37.33351, -4.93922 ], [ -37.33237, -4.93938 ], [ -37.33131, -4.93987 ], [ -37.32987, -4.94123 ], [ -37.3286, -4.94275 ], [ -37.32751, -4.94324 ], [ -37.32484, -4.94351 ], [ -37.32329, -4.94298 ], [ -37.31644, -4.94296 ], [ -37.31615, -4.94296 ], [ -37.31392, -4.94278 ], [ -37.3121, -4.94362 ], [ -37.30838, -4.94536 ], [ -37.30785, -4.9456 ], [ -37.30682, -4.94608 ], [ -37.22087, -4.98605 ], [ -37.22011, -4.9864 ], [ -37.20877, -4.99167 ], [ -37.17666, -4.9702 ], [ -37.16597, -5.00311 ], [ -37.16669, -5.01504 ], [ -37.16493, -5.01548 ], [ -37.16381, -5.01415 ], [ -37.16272, -5.01355 ], [ -37.16195, -5.01345 ], [ -37.15962, -5.01227 ], [ -37.15544, -5.01073 ], [ -37.15354, -5.01029 ], [ -37.14984, -5.00977 ], [ -37.14472, -5.00958 ], [ -37.14007, -5.00796 ], [ -37.13665, -5.00505 ], [ -37.13342, -5.00924 ], [ -37.13224, -5.01174 ], [ -37.13267, -5.0183 ], [ -37.13245, -5.01947 ], [ -37.13137, -5.02132 ], [ -37.13132, -5.02195 ], [ -37.132, -5.02435 ], [ -37.1317, -5.02465 ], [ -37.13103, -5.02493 ], [ -37.13091, -5.02527 ], [ -37.13091, -5.02578 ], [ -37.13132, -5.02718 ], [ -37.13139, -5.02837 ], [ -37.13148, -5.02977 ], [ -37.13176, -5.03049 ], [ -37.13335, -5.03167 ], [ -37.13445, -5.0325 ], [ -37.13489, -5.03329 ], [ -37.13659, -5.03535 ], [ -37.13819, -5.037 ], [ -37.13921, -5.03755 ], [ -37.1393, -5.03759 ], [ -37.14065, -5.03803 ], [ -37.14091, -5.03805 ], [ -37.14128, -5.03808 ], [ -37.14178, -5.04069 ], [ -37.14226, -5.04152 ], [ -37.14333, -5.04255 ], [ -37.14686, -5.04299 ], [ -37.1485, -5.04373 ], [ -37.14865, -5.04382 ], [ -37.15019, -5.04485 ], [ -37.15219, -5.04704 ], [ -37.15311, -5.0484 ], [ -37.15325, -5.0504 ], [ -37.15295, -5.05394 ], [ -37.15281, -5.05421 ], [ -37.1527, -5.05441 ], [ -37.15205, -5.05569 ], [ -37.1517, -5.05719 ], [ -37.15039, -5.05918 ], [ -37.14869, -5.06039 ], [ -37.14806, -5.06112 ], [ -37.14851, -5.06554 ], [ -37.14918, -5.06773 ], [ -37.14971, -5.06875 ], [ -37.14994, -5.069 ], [ -37.15193, -5.07109 ], [ -37.15248, -5.07294 ], [ -37.15277, -5.07479 ], [ -37.15281, -5.07649 ], [ -37.15174, -5.07828 ], [ -37.15028, -5.08071 ], [ -37.14831, -5.08308 ], [ -37.14744, -5.08556 ], [ -37.14539, -5.08934 ], [ -37.14471, -5.09012 ], [ -37.14361, -5.09376 ], [ -37.14332, -5.09609 ], [ -37.14292, -5.09755 ], [ -37.14137, -5.09973 ], [ -37.14095, -5.10118 ], [ -37.1376, -5.10458 ], [ -37.13741, -5.10535 ], [ -37.13392, -5.10792 ], [ -37.13054, -5.11116 ], [ -37.12554, -5.11533 ], [ -37.12125, -5.11944 ], [ -37.11805, -5.12187 ], [ -37.11141, -5.12465 ], [ -37.11126, -5.13271 ], [ -37.10541, -5.13269 ], [ -37.10548, -5.14999 ], [ -37.11108, -5.15001 ], [ -37.11109, -5.16655 ], [ -37.15649, -5.16666 ], [ -37.1563, -5.20421 ], [ -37.15614, -5.23423 ], [ -37.15611, -5.24035 ], [ -37.15584, -5.29389 ], [ -37.1558, -5.29389 ], [ -37.12614, -5.29342 ], [ -37.13919, -5.33557 ], [ -37.14295, -5.3739 ], [ -37.16864, -5.47438 ], [ -37.16869, -5.47454 ], [ -37.17276, -5.49049 ], [ -37.29467, -5.4779 ], [ -37.29481, -5.47555 ], [ -37.2954, -5.47399 ], [ -37.29849, -5.46994 ], [ -37.29868, -5.46636 ], [ -37.29978, -5.46523 ], [ -37.30117, -5.46462 ], [ -37.30209, -5.46321 ], [ -37.30102, -5.46144 ], [ -37.30165, -5.45997 ], [ -37.30064, -5.45715 ], [ -37.30084, -5.45448 ], [ -37.2991, -5.45329 ], [ -37.29848, -5.45176 ], [ -37.29893, -5.44893 ], [ -37.29978, -5.44718 ], [ -37.3014, -5.44539 ], [ -37.302, -5.44343 ], [ -37.30147, -5.44149 ], [ -37.29985, -5.43919 ], [ -37.29828, -5.43349 ], [ -37.29626, -5.43086 ], [ -37.29465, -5.42957 ], [ -37.29331, -5.42092 ], [ -37.29329, -5.41723 ], [ -37.29413, -5.41348 ], [ -37.29742, -5.40773 ], [ -37.29693, -5.40304 ], [ -37.29842, -5.40175 ], [ -37.29854, -5.40068 ], [ -37.29902, -5.40031 ], [ -37.30248, -5.3999 ], [ -37.3036, -5.39878 ], [ -37.30362, -5.39773 ], [ -37.30271, -5.39712 ], [ -37.30084, -5.39636 ], [ -37.29948, -5.39672 ], [ -37.29754, -5.3957 ], [ -37.29688, -5.39421 ], [ -37.29703, -5.39255 ], [ -37.29612, -5.39241 ], [ -37.29579, -5.3914 ], [ -37.36718, -5.34744 ], [ -37.37107, -5.34505 ], [ -37.37115, -5.34499 ], [ -37.39115, -5.33268 ] ] ] } },
{ "type": "Feature", "properties": { "CD_MUN": "2414753", "NM_MUN": "Venha-Ver", "CD_RGI": "240010", "NM_RGI": "Pau dos Ferros", "CD_RGINT": "2403", "NM_RGINT": "Mossoró", "CD_UF": "24", "NM_UF": "Rio Grande do Norte", "SIGLA_UF": "RN", "CD_REGIA": "2", "NM_REGIA": "Nordeste", "SIGLA_RG": "NE", "CD_CONCU": null, "NM_CONCU": null, "AREA_KM2": 71.621 }, "geometry": { "type": "Polygon", "coordinates": [ [ [ -38.48104, -6.33723 ], [ -38.48114, -6.3373 ], [ -38.48123, -6.33737 ], [ -38.48492, -6.34014 ], [ -38.4863, -6.34117 ], [ -38.49418, -6.34482 ], [ -38.50043, -6.35218 ], [ -38.50181, -6.35306 ], [ -38.50425, -6.35614 ], [ -38.50542, -6.35651 ], [ -38.5062, -6.35651 ], [ -38.51209, -6.35223 ], [ -38.51393, -6.34879 ], [ -38.51515, -6.34717 ], [ -38.5166, -6.34623 ], [ -38.51788, -6.34571 ], [ -38.52478, -6.34519 ], [ -38.53262, -6.34171 ], [ -38.5338, -6.34173 ], [ -38.53411, -6.34193 ], [ -38.53861, -6.34484 ], [ -38.54501, -6.34459 ], [ -38.5454, -6.34548 ], [ -38.54523, -6.34689 ], [ -38.54746, -6.34929 ], [ -38.54985, -6.3507 ], [ -38.54818, -6.3518 ], [ -38.54507, -6.35267 ], [ -38.54507, -6.35376 ], [ -38.55266, -6.35458 ], [ -38.56038, -6.35464 ], [ -38.56251, -6.35565 ], [ -38.56286, -6.35555 ], [ -38.56261, -6.35464 ], [ -38.56319, -6.35275 ], [ -38.56443, -6.35183 ], [ -38.56804, -6.35022 ], [ -38.56807, -6.35021 ], [ -38.57429, -6.34861 ], [ -38.57708, -6.34743 ], [ -38.57891, -6.34158 ], [ -38.57972, -6.33511 ], [ -38.58154, -6.33105 ], [ -38.58071, -6.32538 ], [ -38.5821, -6.31927 ], [ -38.5813, -6.31621 ], [ -38.58061, -6.31552 ], [ -38.57866, -6.31476 ], [ -38.57671, -6.31049 ], [ -38.5753, -6.30863 ], [ -38.57138, -6.30595 ], [ -38.56672, -6.30442 ], [ -38.56602, -6.30259 ], [ -38.56662, -6.30083 ], [ -38.56663, -6.30082 ], [ -38.56948, -6.30049 ], [ -38.56949, -6.30049 ], [ -38.5703, -6.29999 ], [ -38.57055, -6.29884 ], [ -38.57004, -6.29438 ], [ -38.57038, -6.29295 ], [ -38.54254, -6.28616 ], [ -38.54178, -6.2863 ], [ -38.49228, -6.2953 ], [ -38.48136, -6.3044 ], [ -38.48104, -6.30466 ], [ -38.45641, -6.32517 ], [ -38.45761, -6.32971 ], [ -38.45772, -6.33012 ], [ -38.45839, -6.33021 ], [ -38.46611, -6.33128 ], [ -38.4699, -6.33397 ], [ -38.47122, -6.33434 ], [ -38.47251, -6.3342 ], [ -38.47362, -6.33324 ], [ -38.47498, -6.33325 ], [ -38.4765, -6.33383 ], [ -38.48104, -6.33723 ] ] ] } },
{ "type": "Feature", "properties": { "CD_MUN": "2400307", "NM_MUN": "Afonso Bezerra", "CD_RGI": "240011", "NM_RGI": "Açu", "CD_RGINT": "2403", "NM_RGINT": "Mossoró", "CD_UF": "24", "NM_UF": "Rio Grande do Norte", "SIGLA_UF": "RN", "CD_REGIA": "2", "NM_REGIA": "Nordeste", "SIGLA_RG": "NE", "CD_CONCU": null, "NM_CONCU": null, "AREA_KM2": 576.179 }, "geometry": { "type": "Polygon", "coordinates": [ [ [ -36.58746, -5.52851 ], [ -36.58788, -5.5285 ], [ -36.64482, -5.52628 ], [ -36.64591, -5.52627 ], [ -36.66528, -5.52606 ], [ -36.69905, -5.52615 ], [ -36.6991, -5.52143 ], [ -36.69925, -5.5078 ], [ -36.69972, -5.46381 ], [ -36.7548, -5.45645 ], [ -36.75585, -5.45631 ], [ -36.75845, -5.45597 ], [ -36.85171, -5.44351 ], [ -36.85191, -5.44348 ], [ -36.85192, -5.44348 ], [ -36.86041, -5.44234 ], [ -36.86005, -5.44027 ], [ -36.86006, -5.43742 ], [ -36.86039, -5.43505 ], [ -36.86031, -5.43385 ], [ -36.85793, -5.43068 ], [ -36.8503, -5.41915 ], [ -36.85003, -5.41798 ], [ -36.8499, -5.41517 ], [ -36.84931, -5.41409 ], [ -36.84743, -5.41266 ], [ -36.84587, -5.41176 ], [ -36.84206, -5.41009 ], [ -36.84106, -5.40915 ], [ -36.83991, -5.40749 ], [ -36.83896, -5.40465 ], [ -36.83843, -5.40376 ], [ -36.83667, -5.40079 ], [ -36.83641, -5.39783 ], [ -36.83709, -5.39423 ], [ -36.83799, -5.39223 ], [ -36.81398, -5.39388 ], [ -36.8118, -5.39403 ], [ -36.81157, -5.39404 ], [ -36.80853, -5.39425 ], [ -36.73475, -5.39932 ], [ -36.73474, -5.39932 ], [ -36.73474, -5.39932 ], [ -36.70876, -5.4011 ], [ -36.7079, -5.40115 ], [ -36.61089, -5.40779 ], [ -36.53738, -5.4128 ], [ -36.53034, -5.40938 ], [ -36.52678, -5.40765 ], [ -36.51563, -5.40224 ], [ -36.515, -5.40197 ], [ -36.43987, -5.36988 ], [ -36.45524, -5.48654 ], [ -36.4554, -5.48774 ], [ -36.4627, -5.54343 ], [ -36.46281, -5.54426 ], [ -36.46747, -5.57974 ], [ -36.46991, -5.59837 ], [ -36.49281, -5.5956 ], [ -36.57273, -5.58593 ], [ -36.57684, -5.5825 ], [ -36.57847, -5.58036 ], [ -36.57885, -5.57954 ], [ -36.57894, -5.57892 ], [ -36.57905, -5.57356 ], [ -36.57961, -5.56955 ], [ -36.58037, -5.52879 ], [ -36.58746, -5.52851 ] ] ] } },
{ "type": "Feature", "properties": { "CD_MUN": "2401651", "NM_MUN": "Bodó", "CD_RGI": "240008", "NM_RGI": "Currais Novos", "CD_RGINT": "2402", "NM_RGINT": "Caicó", "CD_UF": "24", "NM_UF": "Rio Grande do Norte", "SIGLA_UF": "RN", "CD_REGIA": "2", "NM_REGIA": "Nordeste", "SIGLA_RG": "NE", "CD_CONCU": null, "NM_CONCU": null, "AREA_KM2": 253.519 }, "geometry": { "type": "Polygon", "coordinates": [ [ [ -36.50769, -5.95815 ], [ -36.47501, -5.92657 ], [ -36.43547, -5.91089 ], [ -36.43387, -5.91013 ], [ -36.43281, -5.9092 ], [ -36.43128, -5.90715 ], [ -36.42998, -5.9047 ], [ -36.42954, -5.90431 ], [ -36.42678, -5.90466 ], [ -36.42659, -5.90434 ], [ -36.42664, -5.90207 ], [ -36.42598, -5.89997 ], [ -36.42442, -5.89739 ], [ -36.42413, -5.89638 ], [ -36.42407, -5.89379 ], [ -36.42273, -5.89088 ], [ -36.41482, -5.85843 ], [ -36.40758, -5.85906 ], [ -36.40693, -5.85927 ], [ -36.40561, -5.85971 ], [ -36.40301, -5.85985 ], [ -36.40113, -5.85962 ], [ -36.39884, -5.85885 ], [ -36.39651, -5.85755 ], [ -36.38931, -5.85232 ], [ -36.38844, -5.85191 ], [ -36.38771, -5.85191 ], [ -36.38606, -5.85222 ], [ -36.38505, -5.85261 ], [ -36.38408, -5.85341 ], [ -36.38355, -5.85414 ], [ -36.38285, -5.85686 ], [ -36.38289, -5.85873 ], [ -36.38265, -5.85944 ], [ -36.38187, -5.86104 ], [ -36.37985, -5.86404 ], [ -36.37775, -5.86678 ], [ -36.3758, -5.86872 ], [ -36.37515, -5.86903 ], [ -36.37422, -5.87019 ], [ -36.3734, -5.87081 ], [ -36.37213, -5.87141 ], [ -36.37115, -5.87214 ], [ -36.3706, -5.87304 ], [ -36.36821, -5.87466 ], [ -36.36691, -5.87513 ], [ -36.36599, -5.87528 ], [ -36.36496, -5.87522 ], [ -36.3631, -5.87377 ], [ -36.36218, -5.87323 ], [ -36.35894, -5.87232 ], [ -36.35764, -5.87211 ], [ -36.35542, -5.87131 ], [ -36.35112, -5.87063 ], [ -36.34429, -5.87139 ], [ -36.34269, -5.8714 ], [ -36.34113, -5.87119 ], [ -36.33842, -5.87123 ], [ -36.33587, -5.87153 ], [ -36.33359, -5.8722 ], [ -36.33194, -5.87285 ], [ -36.33047, -5.87427 ], [ -36.33003, -5.87579 ], [ -36.32997, -5.877 ], [ -36.33018, -5.8789 ], [ -36.33071, -5.88101 ], [ -36.33207, -5.88478 ], [ -36.33344, -5.88775 ], [ -36.33405, -5.8898 ], [ -36.33426, -5.89143 ], [ -36.33342, -5.89487 ], [ -36.33346, -5.89609 ], [ -36.33311, -5.89833 ], [ -36.3333, -5.89934 ], [ -36.33368, -5.90021 ], [ -36.33465, -5.90138 ], [ -36.33595, -5.90256 ], [ -36.33808, -5.905 ], [ -36.33854, -5.90589 ], [ -36.33865, -5.9067 ], [ -36.33852, -5.90736 ], [ -36.37201, -5.8956 ], [ -36.37369, -5.91154 ], [ -36.36309, -5.96892 ], [ -36.37045, -5.96967 ], [ -36.37252, -5.97754 ], [ -36.37627, -5.98232 ], [ -36.37963, -5.98659 ], [ -36.39243, -5.98976 ], [ -36.39245, -5.98997 ], [ -36.39287, -5.99427 ], [ -36.39294, -5.99507 ], [ -36.39318, -5.9975 ], [ -36.39468, -6.01296 ], [ -36.41064, -6.02122 ], [ -36.42835, -6.0167 ], [ -36.44873, -6.01149 ], [ -36.44485, -6.03697 ], [ -36.44431, -6.04048 ], [ -36.44426, -6.04082 ], [ -36.44417, -6.04142 ], [ -36.44801, -6.04197 ], [ -36.47066, -6.04525 ], [ -36.47707, -6.04543 ], [ -36.49346, -6.04588 ], [ -36.49582, -6.04595 ], [ -36.52179, -6.04667 ], [ -36.53647, -6.05217 ], [ -36.54744, -6.05627 ], [ -36.54038, -5.98974 ], [ -36.52871, -5.97846 ], [ -36.50769, -5.95815 ] ] ] } },
{ "type": "Feature", "properties": { "CD_MUN": "2404705", "NM_MUN": "Ipanguaçu", "CD_RGI": "240011", "NM_RGI": "Açu", "CD_RGINT": "2403", "NM_RGINT": "Mossoró", "CD_UF": "24", "NM_UF": "Rio Grande do Norte", "SIGLA_UF": "RN", "CD_REGIA": "2", "NM_REGIA": "Nordeste", "SIGLA_RG": "NE", "CD_CONCU": null, "NM_CONCU": null, "AREA_KM2": 374.245 }, "geometry": { "type": "Polygon", "coordinates": [ [ [ -36.88832, -5.56532 ], [ -36.88918, -5.56384 ], [ -36.89025, -5.56137 ], [ -36.89178, -5.55979 ], [ -36.89453, -5.55818 ], [ -36.89672, -5.55665 ], [ -36.89794, -5.55527 ], [ -36.89912, -5.5533 ], [ -36.89999, -5.55044 ], [ -36.89964, -5.54733 ], [ -36.8997, -5.54609 ], [ -36.90006, -5.54486 ], [ -36.90017, -5.54362 ], [ -36.89982, -5.54209 ], [ -36.89992, -5.54081 ], [ -36.90054, -5.53943 ], [ -36.90171, -5.5381 ], [ -36.90278, -5.53652 ], [ -36.9035, -5.5345 ], [ -36.90387, -5.53129 ], [ -36.90377, -5.52956 ], [ -36.90307, -5.52718 ], [ -36.9011, -5.52347 ], [ -36.9004, -5.52095 ], [ -36.89979, -5.51956 ], [ -36.89949, -5.51828 ], [ -36.89946, -5.51502 ], [ -36.89921, -5.51373 ], [ -36.89894, -5.51316 ], [ -36.8985, -5.5122 ], [ -36.8939, -5.50719 ], [ -36.89212, -5.50576 ], [ -36.88954, -5.50407 ], [ -36.88862, -5.50305 ], [ -36.88828, -5.50229 ], [ -36.88803, -5.49818 ], [ -36.8874, -5.49591 ], [ -36.88607, -5.49328 ], [ -36.88498, -5.49248 ], [ -36.88242, -5.49164 ], [ -36.88111, -5.4908 ], [ -36.87807, -5.48832 ], [ -36.87677, -5.48691 ], [ -36.87594, -5.48638 ], [ -36.87528, -5.48624 ], [ -36.87427, -5.48643 ], [ -36.87317, -5.48598 ], [ -36.87173, -5.48436 ], [ -36.87112, -5.48341 ], [ -36.86968, -5.48025 ], [ -36.86949, -5.47814 ], [ -36.87118, -5.46941 ], [ -36.8717, -5.46841 ], [ -36.87389, -5.4672 ], [ -36.8745, -5.46643 ], [ -36.87393, -5.46414 ], [ -36.87402, -5.46348 ], [ -36.87379, -5.46179 ], [ -36.87427, -5.4591 ], [ -36.87423, -5.45823 ], [ -36.87392, -5.45757 ], [ -36.87115, -5.45537 ], [ -36.86896, -5.45292 ], [ -36.86854, -5.4521 ], [ -36.86713, -5.45114 ], [ -36.86515, -5.45022 ], [ -36.86348, -5.44896 ], [ -36.86209, -5.4469 ], [ -36.86104, -5.4448 ], [ -36.86041, -5.44234 ], [ -36.85192, -5.44348 ], [ -36.85191, -5.44348 ], [ -36.85171, -5.44351 ], [ -36.75845, -5.45597 ], [ -36.75585, -5.45631 ], [ -36.7548, -5.45645 ], [ -36.69972, -5.46381 ], [ -36.69925, -5.5078 ], [ -36.6991, -5.52143 ], [ -36.69905, -5.52615 ], [ -36.71383, -5.55691 ], [ -36.72534, -5.57375 ], [ -36.73511, -5.58321 ], [ -36.73695, -5.58359 ], [ -36.73876, -5.58422 ], [ -36.74113, -5.5857 ], [ -36.74177, -5.58658 ], [ -36.74305, -5.58942 ], [ -36.74385, -5.59162 ], [ -36.74451, -5.59204 ], [ -36.74496, -5.59207 ], [ -36.74671, -5.59141 ], [ -36.74897, -5.59126 ], [ -36.75026, -5.59184 ], [ -36.75198, -5.5931 ], [ -36.75278, -5.59416 ], [ -36.75348, -5.59562 ], [ -36.75433, -5.5984 ], [ -36.75503, -5.59945 ], [ -36.75599, -5.60019 ], [ -36.75744, -5.60088 ], [ -36.75876, -5.60109 ], [ -36.76501, -5.60064 ], [ -36.76617, -5.60081 ], [ -36.76727, -5.60147 ], [ -36.76805, -5.60229 ], [ -36.76891, -5.60375 ], [ -36.77121, -5.60594 ], [ -36.77116, -5.60646 ], [ -36.76959, -5.60786 ], [ -36.76941, -5.60848 ], [ -36.76969, -5.61038 ], [ -36.77133, -5.6129 ], [ -36.77174, -5.61393 ], [ -36.77179, -5.61462 ], [ -36.77143, -5.61639 ], [ -36.77084, -5.61696 ], [ -36.76742, -5.61827 ], [ -36.76622, -5.61929 ], [ -36.76488, -5.62078 ], [ -36.76353, -5.62123 ], [ -36.76223, -5.62144 ], [ -36.75923, -5.62122 ], [ -36.75799, -5.62144 ], [ -36.75681, -5.62189 ], [ -36.75598, -5.62252 ], [ -36.75497, -5.62692 ], [ -36.75396, -5.62841 ], [ -36.75343, -5.62955 ], [ -36.7533, -5.63075 ], [ -36.75353, -5.63247 ], [ -36.75353, -5.63431 ], [ -36.75281, -5.63596 ], [ -36.75033, -5.63899 ], [ -36.74962, -5.64053 ], [ -36.74955, -5.64128 ], [ -36.74973, -5.64259 ], [ -36.75077, -5.64529 ], [ -36.75098, -5.64685 ], [ -36.81589, -5.64263 ], [ -36.86037, -5.6213 ], [ -36.89753, -5.60348 ], [ -36.89782, -5.60279 ], [ -36.89778, -5.60126 ], [ -36.89657, -5.59789 ], [ -36.8944, -5.59369 ], [ -36.8938, -5.59179 ], [ -36.89345, -5.58991 ], [ -36.89315, -5.5883 ], [ -36.89235, -5.58677 ], [ -36.89156, -5.58599 ], [ -36.88911, -5.58355 ], [ -36.88713, -5.5821 ], [ -36.88582, -5.57938 ], [ -36.88335, -5.57518 ], [ -36.88249, -5.57325 ], [ -36.88229, -5.57201 ], [ -36.8826, -5.57073 ], [ -36.88398, -5.56891 ], [ -36.88816, -5.56561 ], [ -36.88832, -5.56532 ] ] ] } },
{ "type": "Feature", "properties": { "CD_MUN": "2403400", "NM_MUN": "Equador", "CD_RGI": "240007", "NM_RGI": "Caicó", "CD_RGINT": "2402", "NM_RGINT": "Caicó", "CD_UF": "24", "NM_UF": "Rio Grande do Norte", "SIGLA_UF": "RN", "CD_REGIA": "2", "NM_REGIA": "Nordeste", "SIGLA_RG": "NE", "CD_CONCU": null, "NM_CONCU": null, "AREA_KM2": 264.985 }, "geometry": { "type": "Polygon", "coordinates": [ [ [ -36.71307, -6.81617 ], [ -36.71092, -6.8161 ], [ -36.7092, -6.81957 ], [ -36.70514, -6.82407 ], [ -36.70245, -6.83058 ], [ -36.70093, -6.83194 ], [ -36.69725, -6.83338 ], [ -36.695, -6.83355 ], [ -36.6927, -6.83315 ], [ -36.68939, -6.82826 ], [ -36.68147, -6.82213 ], [ -36.67986, -6.81927 ], [ -36.6762, -6.81724 ], [ -36.67447, -6.8176 ], [ -36.67345, -6.81734 ], [ -36.6722, -6.8187 ], [ -36.67136, -6.82238 ], [ -36.67089, -6.82444 ], [ -36.67028, -6.82482 ], [ -36.66022, -6.82673 ], [ -36.65872, -6.82663 ], [ -36.65709, -6.82456 ], [ -36.65736, -6.82297 ], [ -36.65667, -6.82056 ], [ -36.65575, -6.81939 ], [ -36.65422, -6.81833 ], [ -36.65172, -6.8174 ], [ -36.65014, -6.81784 ], [ -36.6457, -6.81629 ], [ -36.64325, -6.8161 ], [ -36.64133, -6.8164 ], [ -36.63681, -6.81821 ], [ -36.63605, -6.81805 ], [ -36.63428, -6.81767 ], [ -36.62545, -6.80544 ], [ -36.62129, -6.80427 ], [ -36.617, -6.80046 ], [ -36.61148, -6.79977 ], [ -36.60862, -6.80244 ], [ -36.60774, -6.80283 ], [ -36.6013, -6.80571 ], [ -36.58841, -6.80555 ], [ -36.58686, -6.80643 ], [ -36.58569, -6.80641 ], [ -36.58528, -6.80641 ], [ -36.57488, -6.80623 ], [ -36.57495, -6.80844 ], [ -36.57397, -6.80989 ], [ -36.57306, -6.81503 ], [ -36.56947, -6.8203 ], [ -36.56942, -6.82155 ], [ -36.57002, -6.82291 ], [ -36.57244, -6.82479 ], [ -36.57244, -6.82572 ], [ -36.5693, -6.82904 ], [ -36.56794, -6.83546 ], [ -36.56207, -6.83807 ], [ -36.56118, -6.84014 ], [ -36.56016, -6.84077 ], [ -36.56627, -6.84435 ], [ -36.5698, -6.84801 ], [ -36.5716, -6.85103 ], [ -36.57408, -6.85746 ], [ -36.57396, -6.8594 ], [ -36.57263, -6.86119 ], [ -36.56679, -6.86659 ], [ -36.56636, -6.86843 ], [ -36.567, -6.8707 ], [ -36.56925, -6.87291 ], [ -36.56794, -6.8748 ], [ -36.56877, -6.87588 ], [ -36.57312, -6.87898 ], [ -36.57434, -6.88554 ], [ -36.57671, -6.88984 ], [ -36.57915, -6.89165 ], [ -36.58992, -6.90869 ], [ -36.59155, -6.91041 ], [ -36.59298, -6.91123 ], [ -36.59732, -6.91653 ], [ -36.59841, -6.92039 ], [ -36.60361, -6.93046 ], [ -36.60494, -6.93232 ], [ -36.60979, -6.93684 ], [ -36.61146, -6.93766 ], [ -36.61449, -6.9363 ], [ -36.61653, -6.93402 ], [ -36.62338, -6.93424 ], [ -36.63745, -6.93381 ], [ -36.64195, -6.93175 ], [ -36.64833, -6.92961 ], [ -36.65376, -6.92847 ], [ -36.65488, -6.92824 ], [ -36.66081, -6.927 ], [ -36.67097, -6.926 ], [ -36.67327, -6.92577 ], [ -36.68722, -6.92596 ], [ -36.68926, -6.92696 ], [ -36.6911, -6.92886 ], [ -36.69196, -6.92999 ], [ -36.69467, -6.93449 ], [ -36.6997, -6.94834 ], [ -36.70927, -6.97469 ], [ -36.71244, -6.98002 ], [ -36.714, -6.98149 ], [ -36.71587, -6.98256 ], [ -36.71855, -6.98273 ], [ -36.72437, -6.98038 ], [ -36.73107, -6.97619 ], [ -36.73738, -6.97281 ], [ -36.74411, -6.96777 ], [ -36.75455, -6.956 ], [ -36.75676, -6.95299 ], [ -36.75734, -6.95178 ], [ -36.76497, -6.94026 ], [ -36.76654, -6.93587 ], [ -36.7665, -6.93435 ], [ -36.76527, -6.93116 ], [ -36.7621, -6.92687 ], [ -36.76, -6.91454 ], [ -36.75741, -6.89936 ], [ -36.75606, -6.89633 ], [ -36.75519, -6.89504 ], [ -36.75165, -6.89159 ], [ -36.75022, -6.8895 ], [ -36.74499, -6.87951 ], [ -36.74283, -6.8741 ], [ -36.7396, -6.86337 ], [ -36.7302, -6.8364 ], [ -36.72602, -6.8166 ], [ -36.71307, -6.81617 ] ] ] } },
{ "type": "Feature", "properties": { "CD_MUN": "2405801", "NM_MUN": "João Câmara", "CD_RGI": "240005", "NM_RGI": "João Câmara", "CD_RGINT": "2401", "NM_RGINT": "Natal", "CD_UF": "24", "NM_UF": "Rio Grande do Norte", "SIGLA_UF": "RN", "CD_REGIA": "2", "NM_REGIA": "Nordeste", "SIGLA_RG": "NE", "CD_CONCU": null, "NM_CONCU": null, "AREA_KM2": 714.971 }, "geometry": { "type": "Polygon", "coordinates": [ [ [ -35.8064, -5.61928 ], [ -35.8093, -5.61884 ], [ -35.81507, -5.61877 ], [ -35.81676, -5.61844 ], [ -35.82001, -5.61742 ], [ -35.8224, -5.61745 ], [ -35.82492, -5.6178 ], [ -35.82582, -5.61752 ], [ -35.8266, -5.61703 ], [ -35.82712, -5.61606 ], [ -35.82807, -5.61342 ], [ -35.82913, -5.61181 ], [ -35.82991, -5.61124 ], [ -35.83123, -5.61076 ], [ -35.83263, -5.61055 ], [ -35.83793, -5.6114 ], [ -35.841, -5.61147 ], [ -35.84614, -5.61097 ], [ -35.84775, -5.6102 ], [ -35.84849, -5.61003 ], [ -35.85191, -5.60981 ], [ -35.85368, -5.60876 ], [ -35.85446, -5.60864 ], [ -35.85516, -5.60876 ], [ -35.85583, -5.60937 ], [ -35.85744, -5.61175 ], [ -35.85798, -5.61203 ], [ -35.85929, -5.6121 ], [ -35.86074, -5.6119 ], [ -35.86387, -5.61188 ], [ -35.86473, -5.61163 ], [ -35.86645, -5.6095 ], [ -35.8671, -5.6081 ], [ -35.86714, -5.60613 ], [ -35.8673, -5.60573 ], [ -35.86779, -5.60545 ], [ -35.86854, -5.60536 ], [ -35.87006, -5.60572 ], [ -35.87237, -5.60663 ], [ -35.8732, -5.60739 ], [ -35.87345, -5.60831 ], [ -35.87329, -5.60911 ], [ -35.87268, -5.61007 ], [ -35.87042, -5.61238 ], [ -35.86965, -5.61383 ], [ -35.86928, -5.61539 ], [ -35.86942, -5.61739 ], [ -35.87047, -5.62155 ], [ -35.87205, -5.62403 ], [ -35.87267, -5.62463 ], [ -35.88006, -5.62816 ], [ -35.88345, -5.63095 ], [ -35.88531, -5.63194 ], [ -35.88593, -5.63198 ], [ -35.88798, -5.63137 ], [ -35.8928, -5.62894 ], [ -35.89433, -5.62755 ], [ -35.89505, -5.62644 ], [ -35.89632, -5.62503 ], [ -35.89702, -5.62459 ], [ -35.89838, -5.6243 ], [ -35.90325, -5.62578 ], [ -35.90706, -5.62694 ], [ -35.90929, -5.62799 ], [ -35.91128, -5.62966 ], [ -35.95689, -5.53575 ], [ -35.95724, -5.53501 ], [ -35.95779, -5.53388 ], [ -35.95799, -5.53353 ], [ -35.98426, -5.47929 ], [ -35.99241, -5.46379 ], [ -35.99974, -5.41602 ], [ -36.00041, -5.41513 ], [ -36.0124, -5.39905 ], [ -36.01275, -5.39636 ], [ -36.01137, -5.39516 ], [ -36.00228, -5.38456 ], [ -36.00115, -5.38099 ], [ -36.00163, -5.37799 ], [ -36.00031, -5.37492 ], [ -35.99606, -5.36917 ], [ -35.99483, -5.36607 ], [ -35.99445, -5.36364 ], [ -35.99441, -5.36091 ], [ -35.99391, -5.35908 ], [ -35.99293, -5.35689 ], [ -35.99206, -5.35384 ], [ -35.99095, -5.35074 ], [ -35.98945, -5.34741 ], [ -35.98493, -5.34395 ], [ -35.97846, -5.34468 ], [ -35.97784, -5.34408 ], [ -35.97796, -5.34131 ], [ -35.97798, -5.34081 ], [ -35.97801, -5.34011 ], [ -35.97607, -5.336 ], [ -35.97557, -5.33408 ], [ -35.97545, -5.33362 ], [ -35.97547, -5.3321 ], [ -35.90712, -5.31972 ], [ -35.90666, -5.31963 ], [ -35.87502, -5.3139 ], [ -35.87502, -5.3139 ], [ -35.87384, -5.31368 ], [ -35.83189, -5.30608 ], [ -35.81421, -5.46478 ], [ -35.81358, -5.46473 ], [ -35.81039, -5.46571 ], [ -35.80741, -5.46446 ], [ -35.80637, -5.46469 ], [ -35.80496, -5.46425 ], [ -35.8041, -5.46377 ], [ -35.80239, -5.46362 ], [ -35.80038, -5.46214 ], [ -35.79926, -5.46185 ], [ -35.79792, -5.46118 ], [ -35.79636, -5.46 ], [ -35.79534, -5.45691 ], [ -35.79437, -5.4558 ], [ -35.79325, -5.45528 ], [ -35.79235, -5.45409 ], [ -35.79198, -5.45297 ], [ -35.79109, -5.45268 ], [ -35.79001, -5.45339 ], [ -35.78897, -5.4534 ], [ -35.78843, -5.45279 ], [ -35.78782, -5.45251 ], [ -35.78626, -5.45068 ], [ -35.78579, -5.45038 ], [ -35.78471, -5.45031 ], [ -35.78404, -5.44993 ], [ -35.78334, -5.44922 ], [ -35.78287, -5.44786 ], [ -35.78248, -5.4473 ], [ -35.77817, -5.44415 ], [ -35.77753, -5.44301 ], [ -35.77722, -5.44283 ], [ -35.77588, -5.4433 ], [ -35.77539, -5.44348 ], [ -35.77477, -5.44352 ], [ -35.77306, -5.44281 ], [ -35.77248, -5.44273 ], [ -35.77186, -5.44285 ], [ -35.77116, -5.44327 ], [ -35.76946, -5.4452 ], [ -35.76749, -5.44657 ], [ -35.76687, -5.44729 ], [ -35.76595, -5.44949 ], [ -35.7653, -5.45058 ], [ -35.76438, -5.45161 ], [ -35.7638, -5.45226 ], [ -35.76262, -5.45358 ], [ -35.76103, -5.45494 ], [ -35.75999, -5.45526 ], [ -35.75649, -5.45561 ], [ -35.75458, -5.4567 ], [ -35.75177, -5.45895 ], [ -35.75099, -5.45921 ], [ -35.74901, -5.45922 ], [ -35.74719, -5.45812 ], [ -35.74601, -5.458 ], [ -35.74506, -5.45828 ], [ -35.74574, -5.51935 ], [ -35.74574, -5.5196 ], [ -35.74617, -5.55875 ], [ -35.74617, -5.5592 ], [ -35.74643, -5.58284 ], [ -35.74681, -5.61969 ], [ -35.7478, -5.61943 ], [ -35.74902, -5.61965 ], [ -35.75187, -5.6207 ], [ -35.75389, -5.62194 ], [ -35.7541, -5.62246 ], [ -35.75414, -5.62339 ], [ -35.75395, -5.6259 ], [ -35.75412, -5.62646 ], [ -35.75553, -5.62769 ], [ -35.75709, -5.62796 ], [ -35.75837, -5.62768 ], [ -35.76174, -5.62578 ], [ -35.7641, -5.62368 ], [ -35.76728, -5.6205 ], [ -35.76855, -5.61953 ], [ -35.77107, -5.61888 ], [ -35.77205, -5.61908 ], [ -35.77284, -5.61967 ], [ -35.7733, -5.62039 ], [ -35.77281, -5.62208 ], [ -35.7671, -5.62609 ], [ -35.76624, -5.62714 ], [ -35.76583, -5.62834 ], [ -35.7658, -5.62975 ], [ -35.76556, -5.63103 ], [ -35.7615, -5.63566 ], [ -35.76126, -5.6365 ], [ -35.76143, -5.63762 ], [ -35.76188, -5.63822 ], [ -35.76279, -5.63842 ], [ -35.76415, -5.63829 ], [ -35.76551, -5.63784 ], [ -35.76929, -5.63606 ], [ -35.77048, -5.63566 ], [ -35.7744, -5.63539 ], [ -35.77551, -5.63503 ], [ -35.77659, -5.63394 ], [ -35.77707, -5.63282 ], [ -35.77739, -5.63109 ], [ -35.77825, -5.62989 ], [ -35.77968, -5.62888 ], [ -35.78211, -5.62755 ], [ -35.78487, -5.62681 ], [ -35.7866, -5.62664 ], [ -35.79175, -5.62674 ], [ -35.79471, -5.62608 ], [ -35.79717, -5.62467 ], [ -35.79911, -5.6237 ], [ -35.79997, -5.62305 ], [ -35.80202, -5.62096 ], [ -35.80305, -5.62027 ], [ -35.80561, -5.6194 ], [ -35.8064, -5.61928 ] ] ] } },
{ "type": "Feature", "properties": { "CD_MUN": "2409332", "NM_MUN": "Santa Maria", "CD_RGI": "240006", "NM_RGI": "São Paulo do Potengi", "CD_RGINT": "2401", "NM_RGINT": "Natal", "CD_UF": "24", "NM_UF": "Rio Grande do Norte", "SIGLA_UF": "RN", "CD_REGIA": "2", "NM_REGIA": "Nordeste", "SIGLA_RG": "NE", "CD_CONCU": null, "NM_CONCU": null, "AREA_KM2": 219.57 }, "geometry": { "type": "Polygon", "coordinates": [ [ [ -35.65514, -5.72363 ], [ -35.65446, -5.72639 ], [ -35.6433, -5.77168 ], [ -35.63877, -5.79005 ], [ -35.63925, -5.78932 ], [ -35.64006, -5.78904 ], [ -35.64092, -5.78974 ], [ -35.64161, -5.79085 ], [ -35.64224, -5.79085 ], [ -35.64428, -5.79259 ], [ -35.6451, -5.79306 ], [ -35.64592, -5.79287 ], [ -35.64673, -5.79141 ], [ -35.64736, -5.7915 ], [ -35.64922, -5.79235 ], [ -35.65205, -5.79218 ], [ -35.65275, -5.79261 ], [ -35.65597, -5.79346 ], [ -35.65851, -5.79462 ], [ -35.66236, -5.79683 ], [ -35.66309, -5.79683 ], [ -35.6638, -5.79501 ], [ -35.6647, -5.79464 ], [ -35.66597, -5.79463 ], [ -35.66792, -5.79431 ], [ -35.66989, -5.80364 ], [ -35.6831, -5.86613 ], [ -35.68279, -5.86735 ], [ -35.68325, -5.86898 ], [ -35.68451, -5.86934 ], [ -35.68678, -5.86933 ], [ -35.68845, -5.86955 ], [ -35.68954, -5.86999 ], [ -35.69054, -5.87081 ], [ -35.69163, -5.87089 ], [ -35.69253, -5.87016 ], [ -35.69401, -5.8682 ], [ -35.69645, -5.86783 ], [ -35.69736, -5.86792 ], [ -35.69799, -5.86701 ], [ -35.6985, -5.86518 ], [ -35.69907, -5.86508 ], [ -35.70022, -5.86557 ], [ -35.70057, -5.86552 ], [ -35.70089, -5.86519 ], [ -35.70122, -5.86392 ], [ -35.7015, -5.8638 ], [ -35.70266, -5.86442 ], [ -35.70339, -5.86444 ], [ -35.70383, -5.86417 ], [ -35.70399, -5.86352 ], [ -35.7036, -5.86263 ], [ -35.70351, -5.86181 ], [ -35.70387, -5.86147 ], [ -35.70823, -5.86196 ], [ -35.70885, -5.86128 ], [ -35.70969, -5.86089 ], [ -35.71084, -5.86108 ], [ -35.71189, -5.86167 ], [ -35.71268, -5.86248 ], [ -35.71355, -5.8627 ], [ -35.71438, -5.86243 ], [ -35.7151, -5.86136 ], [ -35.71622, -5.86065 ], [ -35.71777, -5.86067 ], [ -35.71884, -5.86103 ], [ -35.71971, -5.86201 ], [ -35.72015, -5.86329 ], [ -35.72033, -5.86467 ], [ -35.72141, -5.8687 ], [ -35.72232, -5.86905 ], [ -35.72434, -5.86807 ], [ -35.7256, -5.86794 ], [ -35.72741, -5.86819 ], [ -35.72834, -5.8686 ], [ -35.72988, -5.8684 ], [ -35.7325, -5.86935 ], [ -35.73351, -5.8694 ], [ -35.73532, -5.86897 ], [ -35.73623, -5.86907 ], [ -35.73877, -5.87159 ], [ -35.73996, -5.87209 ], [ -35.74212, -5.87227 ], [ -35.7439, -5.87145 ], [ -35.74507, -5.87116 ], [ -35.74909, -5.8709 ], [ -35.75065, -5.87069 ], [ -35.75124, -5.86988 ], [ -35.75173, -5.8676 ], [ -35.75219, -5.86696 ], [ -35.756, -5.8654 ], [ -35.75692, -5.8646 ], [ -35.75797, -5.86396 ], [ -35.76048, -5.86338 ], [ -35.76321, -5.86188 ], [ -35.76435, -5.86264 ], [ -35.76518, -5.86379 ], [ -35.76585, -5.86413 ], [ -35.76708, -5.86404 ], [ -35.768, -5.8637 ], [ -35.77379, -5.86297 ], [ -35.77488, -5.86191 ], [ -35.77614, -5.86102 ], [ -35.7794, -5.86018 ], [ -35.78122, -5.86042 ], [ -35.78193, -5.85987 ], [ -35.78307, -5.85948 ], [ -35.78625, -5.85898 ], [ -35.78846, -5.85798 ], [ -35.79066, -5.85668 ], [ -35.79316, -5.8547 ], [ -35.79475, -5.85321 ], [ -35.79682, -5.85329 ], [ -35.78413, -5.82524 ], [ -35.78342, -5.82367 ], [ -35.77958, -5.81518 ], [ -35.7771, -5.71639 ], [ -35.75639, -5.71666 ], [ -35.74255, -5.71684 ], [ -35.65628, -5.71798 ], [ -35.6565, -5.71811 ], [ -35.65514, -5.72363 ] ] ] } },
{ "type": "Feature", "properties": { "CD_MUN": "2409308", "NM_MUN": "Patu", "CD_RGI": "240010", "NM_RGI": "Pau dos Ferros", "CD_RGINT": "2403", "NM_RGINT": "Mossoró", "CD_UF": "24", "NM_UF": "Rio Grande do Norte", "SIGLA_UF": "RN", "CD_REGIA": "2", "NM_REGIA": "Nordeste", "SIGLA_RG": "NE", "CD_CONCU": null, "NM_CONCU": null, "AREA_KM2": 319.135 }, "geometry": { "type": "Polygon", "coordinates": [ [ [ -37.68009, -6.18916 ], [ -37.68015, -6.18914 ], [ -37.68016, -6.18915 ], [ -37.68894, -6.18694 ], [ -37.69588, -6.18729 ], [ -37.69818, -6.1866 ], [ -37.70007, -6.18512 ], [ -37.70408, -6.17962 ], [ -37.70619, -6.17741 ], [ -37.70752, -6.17686 ], [ -37.709, -6.177 ], [ -37.68764, -6.10931 ], [ -37.67442, -6.0676 ], [ -37.67256, -6.04902 ], [ -37.67245, -6.04793 ], [ -37.67248, -6.04753 ], [ -37.67452, -6.01738 ], [ -37.65696, -5.99197 ], [ -37.65057, -5.95338 ], [ -37.64858, -5.94131 ], [ -37.5931, -5.98192 ], [ -37.59294, -5.98207 ], [ -37.55749, -6.01589 ], [ -37.55739, -6.01598 ], [ -37.57738, -6.03399 ], [ -37.55518, -6.0811 ], [ -37.52188, -6.15179 ], [ -37.52678, -6.1517 ], [ -37.53635, -6.15284 ], [ -37.53999, -6.16593 ], [ -37.56065, -6.16453 ], [ -37.56962, -6.15544 ], [ -37.57353, -6.15768 ], [ -37.5737, -6.15844 ], [ -37.57374, -6.15861 ], [ -37.57377, -6.15877 ], [ -37.57471, -6.15974 ], [ -37.58227, -6.16149 ], [ -37.58491, -6.16263 ], [ -37.58995, -6.16594 ], [ -37.59696, -6.17206 ], [ -37.59991, -6.17401 ], [ -37.60417, -6.17534 ], [ -37.61625, -6.1762 ], [ -37.6162, -6.17568 ], [ -37.62066, -6.17609 ], [ -37.63848, -6.17984 ], [ -37.64016, -6.18161 ], [ -37.64282, -6.18706 ], [ -37.64455, -6.18841 ], [ -37.64671, -6.18939 ], [ -37.65441, -6.18983 ], [ -37.66308, -6.19102 ], [ -37.67317, -6.19058 ], [ -37.68009, -6.18916 ] ] ] } },
{ "type": "Feature", "properties": { "CD_MUN": "2410405", "NM_MUN": "Pureza", "CD_RGI": "240001", "NM_RGI": "Natal", "CD_RGINT": "2401", "NM_RGINT": "Natal", "CD_UF": "24", "NM_UF": "Rio Grande do Norte", "SIGLA_UF": "RN", "CD_REGIA": "2", "NM_REGIA": "Nordeste", "SIGLA_RG": "NE", "CD_CONCU": null, "NM_CONCU": null, "AREA_KM2": 504.294 }, "geometry": { "type": "Polygon", "coordinates": [ [ [ -35.56878, -5.49419 ], [ -35.57122, -5.49544 ], [ -35.5717, -5.49614 ], [ -35.57192, -5.49684 ], [ -35.57251, -5.49741 ], [ -35.57456, -5.49798 ], [ -35.57674, -5.4989 ], [ -35.57751, -5.49899 ], [ -35.5783, -5.4988 ], [ -35.57915, -5.49818 ], [ -35.58015, -5.49687 ], [ -35.58093, -5.49616 ], [ -35.58156, -5.49588 ], [ -35.58342, -5.49656 ], [ -35.58473, -5.49571 ], [ -35.58511, -5.49501 ], [ -35.5851, -5.4942 ], [ -35.58531, -5.49357 ], [ -35.58622, -5.4927 ], [ -35.5879, -5.49161 ], [ -35.5892, -5.49052 ], [ -35.58977, -5.4897 ], [ -35.58999, -5.48845 ], [ -35.59044, -5.48804 ], [ -35.59125, -5.48801 ], [ -35.5932, -5.48859 ], [ -35.59802, -5.48769 ], [ -35.59904, -5.48778 ], [ -35.59999, -5.48828 ], [ -35.60131, -5.48963 ], [ -35.60265, -5.49013 ], [ -35.6044, -5.49033 ], [ -35.6062, -5.49164 ], [ -35.60795, -5.49246 ], [ -35.60852, -5.49241 ], [ -35.61059, -5.49135 ], [ -35.61159, -5.49102 ], [ -35.61483, -5.49144 ], [ -35.61733, -5.49137 ], [ -35.61889, -5.4911 ], [ -35.62196, -5.4914 ], [ -35.62449, -5.49242 ], [ -35.62564, -5.49226 ], [ -35.62674, -5.49173 ], [ -35.62986, -5.49116 ], [ -35.63127, -5.49032 ], [ -35.63447, -5.48736 ], [ -35.63534, -5.48681 ], [ -35.63741, -5.4855 ], [ -35.63847, -5.4839 ], [ -35.63992, -5.48318 ], [ -35.64223, -5.48109 ], [ -35.64328, -5.48066 ], [ -35.64422, -5.47973 ], [ -35.64526, -5.47907 ], [ -35.64609, -5.47871 ], [ -35.64822, -5.4782 ], [ -35.64991, -5.47798 ], [ -35.65435, -5.47848 ], [ -35.6557, -5.47848 ], [ -35.65751, -5.47832 ], [ -35.6587, -5.47793 ], [ -35.66147, -5.47554 ], [ -35.66249, -5.47492 ], [ -35.66534, -5.47431 ], [ -35.66628, -5.47393 ], [ -35.66894, -5.47139 ], [ -35.67012, -5.47064 ], [ -35.67263, -5.46952 ], [ -35.67363, -5.46861 ], [ -35.67439, -5.46766 ], [ -35.67491, -5.4674 ], [ -35.67564, -5.46704 ], [ -35.67714, -5.46652 ], [ -35.67791, -5.46586 ], [ -35.67899, -5.46542 ], [ -35.68127, -5.46402 ], [ -35.68349, -5.46335 ], [ -35.68503, -5.46323 ], [ -35.68749, -5.46369 ], [ -35.69139, -5.46351 ], [ -35.69548, -5.46302 ], [ -35.69752, -5.46277 ], [ -35.69932, -5.46242 ], [ -35.70157, -5.46176 ], [ -35.70258, -5.46196 ], [ -35.70329, -5.4619 ], [ -35.70412, -5.46157 ], [ -35.70855, -5.46114 ], [ -35.70958, -5.46129 ], [ -35.71052, -5.46174 ], [ -35.71124, -5.46237 ], [ -35.71223, -5.46285 ], [ -35.71314, -5.46302 ], [ -35.71504, -5.46278 ], [ -35.71873, -5.46105 ], [ -35.72018, -5.46072 ], [ -35.72252, -5.46053 ], [ -35.72454, -5.46073 ], [ -35.72544, -5.46062 ], [ -35.72677, -5.45987 ], [ -35.72763, -5.4596 ], [ -35.72978, -5.4595 ], [ -35.73166, -5.45902 ], [ -35.73373, -5.458 ], [ -35.73508, -5.45759 ], [ -35.73576, -5.45762 ], [ -35.73811, -5.45897 ], [ -35.73895, -5.4593 ], [ -35.74024, -5.45947 ], [ -35.74193, -5.45919 ], [ -35.74506, -5.45828 ], [ -35.74601, -5.458 ], [ -35.74719, -5.45812 ], [ -35.74901, -5.45922 ], [ -35.75099, -5.45921 ], [ -35.75177, -5.45895 ], [ -35.75458, -5.4567 ], [ -35.75649, -5.45561 ], [ -35.75999, -5.45526 ], [ -35.76103, -5.45494 ], [ -35.76262, -5.45358 ], [ -35.7638, -5.45226 ], [ -35.76438, -5.45161 ], [ -35.76375, -5.45067 ], [ -35.76274, -5.44977 ], [ -35.74431, -5.4255 ], [ -35.74301, -5.42354 ], [ -35.74103, -5.42093 ], [ -35.73814, -5.41713 ], [ -35.73717, -5.41564 ], [ -35.73611, -5.41329 ], [ -35.73586, -5.41156 ], [ -35.735, -5.40875 ], [ -35.73327, -5.40677 ], [ -35.73191, -5.40459 ], [ -35.72368, -5.39512 ], [ -35.72219, -5.39283 ], [ -35.72074, -5.39097 ], [ -35.71888, -5.38924 ], [ -35.71165, -5.38433 ], [ -35.70794, -5.38161 ], [ -35.70485, -5.3797 ], [ -35.70404, -5.3792 ], [ -35.69913, -5.37557 ], [ -35.69193, -5.3712 ], [ -35.68796, -5.36827 ], [ -35.68332, -5.36519 ], [ -35.68169, -5.36337 ], [ -35.68027, -5.36116 ], [ -35.67866, -5.35969 ], [ -35.67465, -5.35697 ], [ -35.66915, -5.35367 ], [ -35.66498, -5.35015 ], [ -35.64171, -5.33451 ], [ -35.63554, -5.33162 ], [ -35.63393, -5.33087 ], [ -35.62655, -5.32812 ], [ -35.61864, -5.32424 ], [ -35.61027, -5.32042 ], [ -35.59951, -5.31579 ], [ -35.59642, -5.31413 ], [ -35.59385, -5.31347 ], [ -35.58929, -5.31177 ], [ -35.58588, -5.31006 ], [ -35.58491, -5.30901 ], [ -35.58359, -5.30759 ], [ -35.58364, -5.30748 ], [ -35.58357, -5.30735 ], [ -35.58334, -5.3071 ], [ -35.58279, -5.3062 ], [ -35.58254, -5.30577 ], [ -35.58237, -5.3055 ], [ -35.58222, -5.30524 ], [ -35.58184, -5.30454 ], [ -35.58144, -5.30383 ], [ -35.58116, -5.30334 ], [ -35.58115, -5.30333 ], [ -35.58091, -5.30274 ], [ -35.58065, -5.30206 ], [ -35.58057, -5.30185 ], [ -35.58062, -5.3017 ], [ -35.58062, -5.30158 ], [ -35.58064, -5.30069 ], [ -35.58064, -5.30035 ], [ -35.57872, -5.30195 ], [ -35.53491, -5.33839 ], [ -35.53444, -5.33879 ], [ -35.53432, -5.33878 ], [ -35.53364, -5.33874 ], [ -35.53055, -5.33855 ], [ -35.52637, -5.33829 ], [ -35.52265, -5.33756 ], [ -35.5197, -5.33653 ], [ -35.51542, -5.33614 ], [ -35.51082, -5.33504 ], [ -35.5086, -5.33483 ], [ -35.50755, -5.33485 ], [ -35.50654, -5.33514 ], [ -35.50451, -5.33607 ], [ -35.50322, -5.33723 ], [ -35.50253, -5.33757 ], [ -35.50174, -5.33767 ], [ -35.50081, -5.3375 ], [ -35.49943, -5.33661 ], [ -35.49733, -5.33656 ], [ -35.49559, -5.33612 ], [ -35.49414, -5.3353 ], [ -35.49253, -5.33404 ], [ -35.49161, -5.33236 ], [ -35.49111, -5.33188 ], [ -35.49042, -5.3317 ], [ -35.48897, -5.33198 ], [ -35.48572, -5.33302 ], [ -35.48461, -5.33318 ], [ -35.48277, -5.33277 ], [ -35.48101, -5.33129 ], [ -35.48032, -5.33088 ], [ -35.47916, -5.33055 ], [ -35.47801, -5.32948 ], [ -35.47666, -5.32868 ], [ -35.47617, -5.32788 ], [ -35.47559, -5.32743 ], [ -35.4741, -5.32719 ], [ -35.47357, -5.32678 ], [ -35.47215, -5.32645 ], [ -35.47111, -5.32586 ], [ -35.46802, -5.32535 ], [ -35.46645, -5.32603 ], [ -35.46514, -5.32581 ], [ -35.46331, -5.32585 ], [ -35.46223, -5.32493 ], [ -35.46087, -5.3243 ], [ -35.45776, -5.32394 ], [ -35.45718, -5.32353 ], [ -35.45633, -5.32241 ], [ -35.4559, -5.32037 ], [ -35.45541, -5.31997 ], [ -35.45383, -5.3193 ], [ -35.45296, -5.31923 ], [ -35.45219, -5.31938 ], [ -35.45154, -5.31905 ], [ -35.44954, -5.31897 ], [ -35.44806, -5.31847 ], [ -35.44649, -5.3184 ], [ -35.44537, -5.31766 ], [ -35.44526, -5.31703 ], [ -35.44483, -5.31655 ], [ -35.44346, -5.31663 ], [ -35.4425, -5.31741 ], [ -35.44125, -5.31954 ], [ -35.44049, -5.32032 ], [ -35.44057, -5.3214 ], [ -35.44091, -5.32196 ], [ -35.44084, -5.32296 ], [ -35.44115, -5.32356 ], [ -35.44089, -5.32455 ], [ -35.44082, -5.32607 ], [ -35.43998, -5.32704 ], [ -35.43845, -5.32794 ], [ -35.4375, -5.32876 ], [ -35.43704, -5.32887 ], [ -35.43643, -5.32873 ], [ -35.43462, -5.32788 ], [ -35.43386, -5.32781 ], [ -35.43302, -5.32856 ], [ -35.43196, -5.33005 ], [ -35.43127, -5.33005 ], [ -35.43062, -5.32976 ], [ -35.43031, -5.32877 ], [ -35.42989, -5.32846 ], [ -35.4274, -5.32873 ], [ -35.4266, -5.32907 ], [ -35.4261, -5.3303 ], [ -35.4253, -5.33089 ], [ -35.41854, -5.33284 ], [ -35.42846, -5.35181 ], [ -35.42892, -5.35268 ], [ -35.44243, -5.37851 ], [ -35.44757, -5.38833 ], [ -35.45546, -5.40341 ], [ -35.45783, -5.40795 ], [ -35.48158, -5.45337 ], [ -35.49941, -5.48769 ], [ -35.50181, -5.4923 ], [ -35.50284, -5.49321 ], [ -35.50607, -5.49407 ], [ -35.5079, -5.49525 ], [ -35.50881, -5.49655 ], [ -35.51242, -5.4991 ], [ -35.51368, -5.5002 ], [ -35.51463, -5.5018 ], [ -35.51525, -5.50213 ], [ -35.51695, -5.5025 ], [ -35.51751, -5.50282 ], [ -35.51802, -5.50345 ], [ -35.51854, -5.5049 ], [ -35.51908, -5.50564 ], [ -35.51969, -5.50592 ], [ -35.52319, -5.50659 ], [ -35.52425, -5.50718 ], [ -35.52477, -5.50721 ], [ -35.5256, -5.50699 ], [ -35.5264, -5.50715 ], [ -35.52677, -5.50743 ], [ -35.52777, -5.50922 ], [ -35.52833, -5.50985 ], [ -35.52969, -5.51034 ], [ -35.53095, -5.51079 ], [ -35.53337, -5.51203 ], [ -35.53567, -5.51254 ], [ -35.53759, -5.51253 ], [ -35.53967, -5.51186 ], [ -35.54302, -5.51001 ], [ -35.54368, -5.50943 ], [ -35.54527, -5.50649 ], [ -35.548, -5.50467 ], [ -35.55041, -5.49994 ], [ -35.55122, -5.49965 ], [ -35.55376, -5.4995 ], [ -35.55487, -5.49897 ], [ -35.55617, -5.49792 ], [ -35.55663, -5.49725 ], [ -35.55685, -5.49631 ], [ -35.55721, -5.49566 ], [ -35.55791, -5.49523 ], [ -35.55893, -5.49524 ], [ -35.56057, -5.49559 ], [ -35.56162, -5.4955 ], [ -35.56307, -5.49496 ], [ -35.56401, -5.49405 ], [ -35.56517, -5.49373 ], [ -35.56794, -5.49392 ], [ -35.56878, -5.49419 ] ] ] } },
{ "type": "Feature", "properties": { "CD_MUN": "2402105", "NM_MUN": "Campo Redondo", "CD_RGI": "240004", "NM_RGI": "Santa Cruz", "CD_RGINT": "2401", "NM_RGINT": "Natal", "CD_UF": "24", "NM_UF": "Rio Grande do Norte", "SIGLA_UF": "RN", "CD_REGIA": "2", "NM_REGIA": "Nordeste", "SIGLA_RG": "NE", "CD_CONCU": null, "NM_CONCU": null, "AREA_KM2": 213.727 }, "geometry": { "type": "Polygon", "coordinates": [ [ [ -36.15805, -6.16603 ], [ -36.15754, -6.16604 ], [ -36.15737, -6.16635 ], [ -36.15082, -6.17862 ], [ -36.14615, -6.18738 ], [ -36.14359, -6.19217 ], [ -36.14352, -6.1923 ], [ -36.13376, -6.21057 ], [ -36.14064, -6.24159 ], [ -36.14096, -6.24305 ], [ -36.14857, -6.27737 ], [ -36.15354, -6.29981 ], [ -36.15376, -6.29984 ], [ -36.16217, -6.29926 ], [ -36.18162, -6.29791 ], [ -36.18567, -6.29953 ], [ -36.18772, -6.30206 ], [ -36.18898, -6.30263 ], [ -36.19989, -6.30086 ], [ -36.20554, -6.30135 ], [ -36.20715, -6.30234 ], [ -36.21373, -6.30827 ], [ -36.21913, -6.30832 ], [ -36.22015, -6.30621 ], [ -36.22078, -6.30581 ], [ -36.22313, -6.30531 ], [ -36.22414, -6.30574 ], [ -36.22535, -6.30677 ], [ -36.22931, -6.31012 ], [ -36.23073, -6.3103 ], [ -36.23416, -6.30946 ], [ -36.23652, -6.31197 ], [ -36.23976, -6.31078 ], [ -36.24052, -6.30993 ], [ -36.24068, -6.30897 ], [ -36.23998, -6.30732 ], [ -36.24014, -6.30601 ], [ -36.24186, -6.3043 ], [ -36.24372, -6.30367 ], [ -36.24621, -6.30212 ], [ -36.2559, -6.30331 ], [ -36.25881, -6.30573 ], [ -36.2633, -6.30641 ], [ -36.26466, -6.3077 ], [ -36.26658, -6.30822 ], [ -36.26894, -6.30838 ], [ -36.27263, -6.30717 ], [ -36.27914, -6.31763 ], [ -36.27943, -6.3103 ], [ -36.27987, -6.30886 ], [ -36.28622, -6.30196 ], [ -36.28705, -6.30106 ], [ -36.29239, -6.29525 ], [ -36.29498, -6.29211 ], [ -36.2954, -6.28584 ], [ -36.29342, -6.28542 ], [ -36.29377, -6.28348 ], [ -36.29188, -6.28259 ], [ -36.29155, -6.28097 ], [ -36.29208, -6.27871 ], [ -36.29109, -6.277 ], [ -36.28904, -6.27578 ], [ -36.28396, -6.27471 ], [ -36.28182, -6.27348 ], [ -36.28153, -6.27049 ], [ -36.27915, -6.26491 ], [ -36.27865, -6.26216 ], [ -36.27475, -6.25915 ], [ -36.27157, -6.25784 ], [ -36.26908, -6.25613 ], [ -36.26863, -6.25546 ], [ -36.26562, -6.25102 ], [ -36.26098, -6.24849 ], [ -36.25867, -6.24581 ], [ -36.25825, -6.24323 ], [ -36.25978, -6.2396 ], [ -36.26203, -6.23703 ], [ -36.26497, -6.23248 ], [ -36.266, -6.23088 ], [ -36.26702, -6.2293 ], [ -36.26712, -6.22728 ], [ -36.26628, -6.22364 ], [ -36.26423, -6.22015 ], [ -36.26317, -6.21724 ], [ -36.25895, -6.20098 ], [ -36.25767, -6.19879 ], [ -36.25685, -6.15802 ], [ -36.23395, -6.1648 ], [ -36.2262, -6.16412 ], [ -36.18108, -6.16539 ], [ -36.15858, -6.16601 ], [ -36.15805, -6.16603 ] ] ] } },
{ "type": "Feature", "properties": { "CD_MUN": "2411700", "NM_MUN": "São Bento do Trairí", "CD_RGI": "240004", "NM_RGI": "Santa Cruz", "CD_RGINT": "2401", "NM_RGINT": "Natal", "CD_UF": "24", "NM_UF": "Rio Grande do Norte", "SIGLA_UF": "RN", "CD_REGIA": "2", "NM_REGIA": "Nordeste", "SIGLA_RG": "NE", "CD_CONCU": null, "NM_CONCU": null, "AREA_KM2": 190.818 }, "geometry": { "type": "Polygon", "coordinates": [ [ [ -36.08057, -6.40588 ], [ -36.08072, -6.40606 ], [ -36.08032, -6.40683 ], [ -36.08063, -6.40802 ], [ -36.08462, -6.41142 ], [ -36.08544, -6.41456 ], [ -36.08674, -6.41584 ], [ -36.08944, -6.41683 ], [ -36.09179, -6.41892 ], [ -36.09359, -6.41979 ], [ -36.09582, -6.42015 ], [ -36.0961, -6.4202 ], [ -36.11263, -6.38572 ], [ -36.13944, -6.32976 ], [ -36.1329, -6.32653 ], [ -36.12984, -6.32342 ], [ -36.1291, -6.32309 ], [ -36.12675, -6.32419 ], [ -36.1262, -6.325 ], [ -36.12601, -6.32727 ], [ -36.12508, -6.32761 ], [ -36.12426, -6.32736 ], [ -36.12186, -6.32575 ], [ -36.11993, -6.32392 ], [ -36.1199, -6.3239 ], [ -36.08285, -6.30702 ], [ -36.08233, -6.30609 ], [ -36.07993, -6.30583 ], [ -36.07847, -6.30417 ], [ -36.07729, -6.30353 ], [ -36.07627, -6.30361 ], [ -36.0748, -6.30492 ], [ -36.07362, -6.30461 ], [ -36.07211, -6.3031 ], [ -36.07068, -6.30237 ], [ -36.06866, -6.3026 ], [ -36.06735, -6.30355 ], [ -36.06599, -6.30504 ], [ -36.06397, -6.30447 ], [ -36.06156, -6.30612 ], [ -36.05929, -6.30579 ], [ -36.0581, -6.30624 ], [ -36.05641, -6.30721 ], [ -36.05611, -6.30862 ], [ -36.05493, -6.30893 ], [ -36.05266, -6.30678 ], [ -36.05132, -6.30661 ], [ -36.04892, -6.30707 ], [ -36.04681, -6.30588 ], [ -36.04547, -6.30445 ], [ -36.04552, -6.30318 ], [ -36.04722, -6.3009 ], [ -36.04663, -6.30018 ], [ -36.04385, -6.30042 ], [ -36.04279, -6.30261 ], [ -36.04194, -6.3034 ], [ -36.03975, -6.3026 ], [ -36.03867, -6.30156 ], [ -36.03702, -6.30147 ], [ -36.03509, -6.29941 ], [ -36.03382, -6.29932 ], [ -36.01547, -6.34531 ], [ -35.99748, -6.39034 ], [ -35.98874, -6.4101 ], [ -35.96823, -6.46397 ], [ -35.96549, -6.47097 ], [ -35.96524, -6.48436 ], [ -35.96691, -6.48474 ], [ -35.97224, -6.48754 ], [ -35.97467, -6.48882 ], [ -35.97765, -6.48891 ], [ -35.98084, -6.48803 ], [ -35.98722, -6.48522 ], [ -35.99198, -6.48543 ], [ -35.99935, -6.48354 ], [ -36.00028, -6.48257 ], [ -36.00535, -6.48105 ], [ -36.00666, -6.47854 ], [ -36.00736, -6.47452 ], [ -36.00798, -6.47409 ], [ -36.01108, -6.4742 ], [ -36.01221, -6.47393 ], [ -36.01291, -6.47279 ], [ -36.01286, -6.47104 ], [ -36.01121, -6.46939 ], [ -36.0097, -6.46813 ], [ -36.00877, -6.46693 ], [ -36.00834, -6.46512 ], [ -36.01102, -6.45807 ], [ -36.01328, -6.45504 ], [ -36.01682, -6.45203 ], [ -36.03318, -6.44595 ], [ -36.03671, -6.44427 ], [ -36.05125, -6.4322 ], [ -36.05568, -6.4262 ], [ -36.05915, -6.41801 ], [ -36.06105, -6.41091 ], [ -36.06174, -6.41025 ], [ -36.06273, -6.41083 ], [ -36.06361, -6.41136 ], [ -36.06723, -6.41509 ], [ -36.06809, -6.41538 ], [ -36.07376, -6.41487 ], [ -36.07386, -6.41346 ], [ -36.07221, -6.41169 ], [ -36.07271, -6.41042 ], [ -36.07572, -6.40817 ], [ -36.07682, -6.40562 ], [ -36.07772, -6.40509 ], [ -36.08001, -6.40519 ], [ -36.08057, -6.40588 ] ] ] } },
{ "type": "Feature", "properties": { "CD_MUN": "2408904", "NM_MUN": "Parelhas", "CD_RGI": "240007", "NM_RGI": "Caicó", "CD_RGINT": "2402", "NM_RGINT": "Caicó", "CD_UF": "24", "NM_UF": "Rio Grande do Norte", "SIGLA_UF": "RN", "CD_REGIA": "2", "NM_REGIA": "Nordeste", "SIGLA_RG": "NE", "CD_CONCU": null, "NM_CONCU": null, "AREA_KM2": 513.507 }, "geometry": { "type": "Polygon", "coordinates": [ [ [ -36.63681, -6.81821 ], [ -36.64133, -6.8164 ], [ -36.64325, -6.8161 ], [ -36.6457, -6.81629 ], [ -36.65014, -6.81784 ], [ -36.65172, -6.8174 ], [ -36.65422, -6.81833 ], [ -36.65575, -6.81939 ], [ -36.65667, -6.82056 ], [ -36.65736, -6.82297 ], [ -36.65709, -6.82456 ], [ -36.65872, -6.82663 ], [ -36.66022, -6.82673 ], [ -36.67028, -6.82482 ], [ -36.67089, -6.82444 ], [ -36.67136, -6.82238 ], [ -36.6722, -6.8187 ], [ -36.67345, -6.81734 ], [ -36.67447, -6.8176 ], [ -36.6762, -6.81724 ], [ -36.67986, -6.81927 ], [ -36.68147, -6.82213 ], [ -36.68939, -6.82826 ], [ -36.6927, -6.83315 ], [ -36.695, -6.83355 ], [ -36.69725, -6.83338 ], [ -36.70093, -6.83194 ], [ -36.70245, -6.83058 ], [ -36.70514, -6.82407 ], [ -36.7092, -6.81957 ], [ -36.71092, -6.8161 ], [ -36.71307, -6.81617 ], [ -36.72602, -6.8166 ], [ -36.72577, -6.81543 ], [ -36.72726, -6.81353 ], [ -36.72976, -6.80864 ], [ -36.7315, -6.80248 ], [ -36.73126, -6.79214 ], [ -36.72782, -6.78514 ], [ -36.72351, -6.78165 ], [ -36.71456, -6.76221 ], [ -36.71209, -6.75317 ], [ -36.70855, -6.74783 ], [ -36.70505, -6.74435 ], [ -36.70505, -6.74349 ], [ -36.70611, -6.74126 ], [ -36.70907, -6.73875 ], [ -36.71127, -6.73525 ], [ -36.71121, -6.73497 ], [ -36.71041, -6.73114 ], [ -36.70767, -6.71813 ], [ -36.705, -6.71498 ], [ -36.70218, -6.70835 ], [ -36.70162, -6.70595 ], [ -36.70299, -6.70635 ], [ -36.70431, -6.70599 ], [ -36.70612, -6.70627 ], [ -36.70698, -6.70705 ], [ -36.70702, -6.70814 ], [ -36.70774, -6.70914 ], [ -36.7106, -6.70913 ], [ -36.71524, -6.70761 ], [ -36.71633, -6.7063 ], [ -36.71757, -6.70365 ], [ -36.71376, -6.70227 ], [ -36.71225, -6.70101 ], [ -36.71217, -6.69955 ], [ -36.71146, -6.69875 ], [ -36.70764, -6.69542 ], [ -36.70808, -6.69436 ], [ -36.70915, -6.69357 ], [ -36.71154, -6.69269 ], [ -36.70966, -6.68672 ], [ -36.70665, -6.67994 ], [ -36.7086, -6.67747 ], [ -36.71003, -6.67447 ], [ -36.71346, -6.66923 ], [ -36.71639, -6.66641 ], [ -36.71878, -6.66563 ], [ -36.72386, -6.66578 ], [ -36.72561, -6.66468 ], [ -36.72801, -6.66446 ], [ -36.73054, -6.66333 ], [ -36.73421, -6.66111 ], [ -36.72783, -6.65865 ], [ -36.7227, -6.65092 ], [ -36.72231, -6.64714 ], [ -36.72227, -6.64671 ], [ -36.69777, -6.61965 ], [ -36.69459, -6.61861 ], [ -36.69069, -6.61734 ], [ -36.6691, -6.61031 ], [ -36.67975, -6.57935 ], [ -36.65156, -6.58581 ], [ -36.64744, -6.58506 ], [ -36.64723, -6.58502 ], [ -36.64039, -6.58992 ], [ -36.63966, -6.59088 ], [ -36.6393, -6.59133 ], [ -36.63797, -6.59214 ], [ -36.63683, -6.59233 ], [ -36.63641, -6.5924 ], [ -36.63114, -6.59083 ], [ -36.62872, -6.59229 ], [ -36.62671, -6.5928 ], [ -36.62403, -6.59217 ], [ -36.61667, -6.58704 ], [ -36.61214, -6.58509 ], [ -36.58751, -6.5848 ], [ -36.57549, -6.59793 ], [ -36.56984, -6.5974 ], [ -36.56965, -6.59873 ], [ -36.56827, -6.59892 ], [ -36.56732, -6.59949 ], [ -36.5673, -6.5995 ], [ -36.56654, -6.59996 ], [ -36.56489, -6.59929 ], [ -36.56369, -6.59811 ], [ -36.56231, -6.59785 ], [ -36.56122, -6.5989 ], [ -36.55721, -6.60025 ], [ -36.55535, -6.60439 ], [ -36.5521, -6.60509 ], [ -36.55113, -6.60758 ], [ -36.55003, -6.60802 ], [ -36.54595, -6.60706 ], [ -36.5414, -6.60753 ], [ -36.53728, -6.60715 ], [ -36.53499, -6.60773 ], [ -36.53245, -6.60706 ], [ -36.52835, -6.60792 ], [ -36.52704, -6.6088 ], [ -36.52074, -6.6106 ], [ -36.52101, -6.61316 ], [ -36.52301, -6.619 ], [ -36.52697, -6.62719 ], [ -36.53131, -6.63489 ], [ -36.53397, -6.6421 ], [ -36.54175, -6.66606 ], [ -36.54298, -6.67179 ], [ -36.5431, -6.67446 ], [ -36.54328, -6.6787 ], [ -36.54514, -6.68598 ], [ -36.54527, -6.68878 ], [ -36.54686, -6.69349 ], [ -36.54742, -6.69515 ], [ -36.54945, -6.69806 ], [ -36.55378, -6.70301 ], [ -36.55734, -6.7061 ], [ -36.55869, -6.70765 ], [ -36.55888, -6.70911 ], [ -36.55794, -6.7126 ], [ -36.55482, -6.71703 ], [ -36.55166, -6.71938 ], [ -36.54922, -6.72205 ], [ -36.5442, -6.7312 ], [ -36.54228, -6.73237 ], [ -36.53933, -6.73291 ], [ -36.53352, -6.73349 ], [ -36.52777, -6.73494 ], [ -36.52521, -6.73672 ], [ -36.52394, -6.73831 ], [ -36.52057, -6.74568 ], [ -36.51311, -6.75048 ], [ -36.50475, -6.75394 ], [ -36.50256, -6.75762 ], [ -36.50209, -6.7598 ], [ -36.50203, -6.76184 ], [ -36.50326, -6.76654 ], [ -36.50257, -6.77145 ], [ -36.50156, -6.77425 ], [ -36.5013, -6.77757 ], [ -36.50287, -6.78259 ], [ -36.50281, -6.78404 ], [ -36.50267, -6.78726 ], [ -36.50307, -6.79336 ], [ -36.50496, -6.80323 ], [ -36.50549, -6.80882 ], [ -36.50694, -6.81301 ], [ -36.50996, -6.81795 ], [ -36.51198, -6.81957 ], [ -36.51592, -6.82177 ], [ -36.52917, -6.8254 ], [ -36.53131, -6.82708 ], [ -36.5334, -6.83043 ], [ -36.53696, -6.83417 ], [ -36.53863, -6.83639 ], [ -36.54099, -6.84072 ], [ -36.54367, -6.8421 ], [ -36.54435, -6.84296 ], [ -36.54515, -6.84307 ], [ -36.5471, -6.84054 ], [ -36.55021, -6.84355 ], [ -36.55146, -6.84345 ], [ -36.55436, -6.84213 ], [ -36.55754, -6.84239 ], [ -36.56016, -6.84077 ], [ -36.56118, -6.84014 ], [ -36.56207, -6.83807 ], [ -36.56794, -6.83546 ], [ -36.5693, -6.82904 ], [ -36.57244, -6.82572 ], [ -36.57244, -6.82479 ], [ -36.57002, -6.82291 ], [ -36.56942, -6.82155 ], [ -36.56947, -6.8203 ], [ -36.57306, -6.81503 ], [ -36.57397, -6.80989 ], [ -36.57495, -6.80844 ], [ -36.57488, -6.80623 ], [ -36.58528, -6.80641 ], [ -36.58569, -6.80641 ], [ -36.58686, -6.80643 ], [ -36.58841, -6.80555 ], [ -36.6013, -6.80571 ], [ -36.60774, -6.80283 ], [ -36.60862, -6.80244 ], [ -36.61148, -6.79977 ], [ -36.617, -6.80046 ], [ -36.62129, -6.80427 ], [ -36.62545, -6.80544 ], [ -36.63428, -6.81767 ], [ -36.63605, -6.81805 ], [ -36.63681, -6.81821 ] ] ] } },
{ "type": "Feature", "properties": { "CD_MUN": "2408953", "NM_MUN": "Rio do Fogo", "CD_RGI": "240001", "NM_RGI": "Natal", "CD_RGINT": "2401", "NM_RGINT": "Natal", "CD_UF": "24", "NM_UF": "Rio Grande do Norte", "SIGLA_UF": "RN", "CD_REGIA": "2", "NM_REGIA": "Nordeste", "SIGLA_RG": "NE", "CD_CONCU": null, "NM_CONCU": null, "AREA_KM2": 151.097 }, "geometry": { "type": "Polygon", "coordinates": [ [ [ -35.36163, -5.31997 ], [ -35.36169, -5.32034 ], [ -35.36166, -5.32082 ], [ -35.36162, -5.32147 ], [ -35.36157, -5.32208 ], [ -35.36147, -5.32278 ], [ -35.36132, -5.32358 ], [ -35.36106, -5.32444 ], [ -35.36078, -5.32526 ], [ -35.36063, -5.3261 ], [ -35.36061, -5.3267 ], [ -35.36051, -5.32755 ], [ -35.36034, -5.32883 ], [ -35.36021, -5.32953 ], [ -35.36005, -5.33033 ], [ -35.35987, -5.33098 ], [ -35.35973, -5.33167 ], [ -35.35957, -5.33239 ], [ -35.35949, -5.33303 ], [ -35.35944, -5.33336 ], [ -35.35938, -5.3339 ], [ -35.35939, -5.33422 ], [ -35.35941, -5.33469 ], [ -35.35943, -5.33508 ], [ -35.35948, -5.33546 ], [ -35.35949, -5.33576 ], [ -35.35958, -5.33596 ], [ -35.35975, -5.33693 ], [ -35.35963, -5.33859 ], [ -35.35953, -5.3394 ], [ -35.35948, -5.3398 ], [ -35.3593, -5.3406 ], [ -35.359, -5.34196 ], [ -35.35888, -5.34252 ], [ -35.35869, -5.34313 ], [ -35.35866, -5.3432 ], [ -35.35855, -5.34359 ], [ -35.35841, -5.34412 ], [ -35.35835, -5.34439 ], [ -35.35831, -5.34468 ], [ -35.3583, -5.34483 ], [ -35.35828, -5.345 ], [ -35.3582, -5.34516 ], [ -35.3581, -5.34533 ], [ -35.35799, -5.34551 ], [ -35.35786, -5.34577 ], [ -35.35778, -5.34603 ], [ -35.35765, -5.34641 ], [ -35.35742, -5.34715 ], [ -35.35718, -5.34806 ], [ -35.35673, -5.34948 ], [ -35.35649, -5.35028 ], [ -35.35624, -5.35097 ], [ -35.35591, -5.35195 ], [ -35.35558, -5.35287 ], [ -35.35531, -5.35354 ], [ -35.35497, -5.35454 ], [ -35.35487, -5.3548 ], [ -35.35462, -5.35521 ], [ -35.35401, -5.35653 ], [ -35.3529, -5.359 ], [ -35.35217, -5.3605 ], [ -35.35176, -5.36123 ], [ -35.3511, -5.36247 ], [ -35.35102, -5.36259 ], [ -35.35027, -5.3638 ], [ -35.34953, -5.36502 ], [ -35.34859, -5.36639 ], [ -35.34777, -5.36755 ], [ -35.34718, -5.36839 ], [ -35.3459, -5.37004 ], [ -35.34543, -5.37065 ], [ -35.34474, -5.37149 ], [ -35.34407, -5.37215 ], [ -35.34338, -5.37288 ], [ -35.34245, -5.37382 ], [ -35.34157, -5.37469 ], [ -35.34042, -5.3758 ], [ -35.34011, -5.37607 ], [ -35.33962, -5.37649 ], [ -35.33865, -5.37728 ], [ -35.33788, -5.37789 ], [ -35.33694, -5.3785 ], [ -35.33615, -5.37896 ], [ -35.33542, -5.37936 ], [ -35.33474, -5.37971 ], [ -35.3342, -5.37997 ], [ -35.33371, -5.38017 ], [ -35.33316, -5.38035 ], [ -35.3326, -5.38054 ], [ -35.33186, -5.38075 ], [ -35.33124, -5.38091 ], [ -35.33017, -5.38112 ], [ -35.33013, -5.38113 ], [ -35.32921, -5.38124 ], [ -35.32836, -5.38136 ], [ -35.32744, -5.38144 ], [ -35.32679, -5.38139 ], [ -35.32623, -5.38132 ], [ -35.32613, -5.38129 ], [ -35.32599, -5.38126 ], [ -35.32603, -5.38129 ], [ -35.35652, -5.4089 ], [ -35.36199, -5.41385 ], [ -35.3642, -5.41516 ], [ -35.36576, -5.41554 ], [ -35.36807, -5.41566 ], [ -35.37003, -5.41517 ], [ -35.37169, -5.41526 ], [ -35.37322, -5.41622 ], [ -35.37385, -5.41686 ], [ -35.37552, -5.4194 ], [ -35.37709, -5.42374 ], [ -35.37847, -5.43116 ], [ -35.37944, -5.43433 ], [ -35.38091, -5.43701 ], [ -35.38378, -5.44154 ], [ -35.38745, -5.44801 ], [ -35.3879, -5.44881 ], [ -35.38796, -5.44989 ], [ -35.38799, -5.45032 ], [ -35.38768, -5.45257 ], [ -35.38867, -5.4519 ], [ -35.39007, -5.45126 ], [ -35.39147, -5.44977 ], [ -35.3933, -5.44695 ], [ -35.3946, -5.44652 ], [ -35.39535, -5.44578 ], [ -35.39752, -5.4429 ], [ -35.39975, -5.44039 ], [ -35.40023, -5.43964 ], [ -35.40062, -5.4382 ], [ -35.40115, -5.43724 ], [ -35.40146, -5.43716 ], [ -35.40308, -5.43758 ], [ -35.40493, -5.43752 ], [ -35.40799, -5.43841 ], [ -35.41002, -5.4382 ], [ -35.4111, -5.43772 ], [ -35.41272, -5.43669 ], [ -35.41369, -5.43648 ], [ -35.41513, -5.4367 ], [ -35.41629, -5.43732 ], [ -35.41693, -5.43747 ], [ -35.41946, -5.43761 ], [ -35.42272, -5.43865 ], [ -35.42558, -5.43934 ], [ -35.42646, -5.43971 ], [ -35.42878, -5.44173 ], [ -35.42971, -5.44275 ], [ -35.43172, -5.44424 ], [ -35.43682, -5.44592 ], [ -35.43862, -5.44681 ], [ -35.44027, -5.44686 ], [ -35.44101, -5.44643 ], [ -35.44224, -5.4453 ], [ -35.44396, -5.44477 ], [ -35.44543, -5.44504 ], [ -35.44682, -5.44506 ], [ -35.44875, -5.44473 ], [ -35.45031, -5.44473 ], [ -35.45456, -5.44628 ], [ -35.45765, -5.44619 ], [ -35.46001, -5.44655 ], [ -35.46358, -5.44838 ], [ -35.46728, -5.44997 ], [ -35.47157, -5.45092 ], [ -35.47389, -5.45185 ], [ -35.47645, -5.45261 ], [ -35.48158, -5.45337 ], [ -35.45783, -5.40795 ], [ -35.45546, -5.40341 ], [ -35.44757, -5.38833 ], [ -35.44243, -5.37851 ], [ -35.42892, -5.35268 ], [ -35.42846, -5.35181 ], [ -35.41854, -5.33284 ], [ -35.39635, -5.29046 ], [ -35.39529, -5.28844 ], [ -35.38671, -5.27204 ], [ -35.3865, -5.27165 ], [ -35.38633, -5.27133 ], [ -35.38619, -5.27106 ], [ -35.38567, -5.27006 ], [ -35.38564, -5.27001 ], [ -35.3854, -5.26954 ], [ -35.38514, -5.26905 ], [ -35.3851, -5.26906 ], [ -35.38489, -5.26915 ], [ -35.38449, -5.26943 ], [ -35.38414, -5.2696 ], [ -35.38399, -5.26983 ], [ -35.38383, -5.27014 ], [ -35.38366, -5.27031 ], [ -35.38352, -5.27039 ], [ -35.38305, -5.27031 ], [ -35.38272, -5.27021 ], [ -35.38236, -5.27004 ], [ -35.38225, -5.2703 ], [ -35.38192, -5.27102 ], [ -35.38164, -5.27157 ], [ -35.38118, -5.27214 ], [ -35.38021, -5.27331 ], [ -35.37995, -5.27366 ], [ -35.37975, -5.27388 ], [ -35.37933, -5.27428 ], [ -35.37932, -5.27429 ], [ -35.37886, -5.27487 ], [ -35.37839, -5.27553 ], [ -35.37805, -5.27602 ], [ -35.3777, -5.27638 ], [ -35.37737, -5.27667 ], [ -35.37697, -5.27691 ], [ -35.3766, -5.27715 ], [ -35.3761, -5.27746 ], [ -35.3757, -5.27769 ], [ -35.3752, -5.27801 ], [ -35.37509, -5.27825 ], [ -35.37505, -5.2784 ], [ -35.37504, -5.27854 ], [ -35.37506, -5.27868 ], [ -35.37504, -5.27895 ], [ -35.375, -5.27918 ], [ -35.37494, -5.27944 ], [ -35.37475, -5.27987 ], [ -35.37461, -5.28013 ], [ -35.37446, -5.28029 ], [ -35.37416, -5.28048 ], [ -35.37381, -5.28061 ], [ -35.37348, -5.28076 ], [ -35.37318, -5.28098 ], [ -35.37289, -5.28121 ], [ -35.37269, -5.28145 ], [ -35.37253, -5.28174 ], [ -35.37239, -5.28213 ], [ -35.37222, -5.28247 ], [ -35.37203, -5.28287 ], [ -35.37169, -5.28344 ], [ -35.3713, -5.28393 ], [ -35.37098, -5.28431 ], [ -35.37071, -5.28459 ], [ -35.37064, -5.28487 ], [ -35.37056, -5.28527 ], [ -35.37056, -5.28561 ], [ -35.37044, -5.28613 ], [ -35.37031, -5.28676 ], [ -35.37027, -5.28722 ], [ -35.37025, -5.28762 ], [ -35.37022, -5.28793 ], [ -35.37026, -5.28829 ], [ -35.37013, -5.28897 ], [ -35.36994, -5.28976 ], [ -35.36956, -5.29086 ], [ -35.36928, -5.29126 ], [ -35.36896, -5.29177 ], [ -35.36833, -5.2924 ], [ -35.36812, -5.29256 ], [ -35.36785, -5.29261 ], [ -35.36758, -5.29273 ], [ -35.36742, -5.29298 ], [ -35.36734, -5.29319 ], [ -35.36733, -5.29348 ], [ -35.36733, -5.29399 ], [ -35.36737, -5.2944 ], [ -35.3674, -5.29474 ], [ -35.36735, -5.2953 ], [ -35.36731, -5.29575 ], [ -35.36725, -5.29605 ], [ -35.36719, -5.29631 ], [ -35.36718, -5.2965 ], [ -35.36719, -5.29675 ], [ -35.36727, -5.2973 ], [ -35.36733, -5.29775 ], [ -35.36742, -5.29872 ], [ -35.36747, -5.2993 ], [ -35.36746, -5.30041 ], [ -35.36734, -5.30125 ], [ -35.36724, -5.30228 ], [ -35.36712, -5.30273 ], [ -35.36684, -5.30342 ], [ -35.3665, -5.30385 ], [ -35.36606, -5.30412 ], [ -35.36573, -5.30432 ], [ -35.36545, -5.30468 ], [ -35.36536, -5.305 ], [ -35.36534, -5.30533 ], [ -35.36537, -5.30578 ], [ -35.36536, -5.30612 ], [ -35.36517, -5.30665 ], [ -35.36503, -5.30702 ], [ -35.36484, -5.30754 ], [ -35.36471, -5.30839 ], [ -35.3646, -5.30943 ], [ -35.36454, -5.3101 ], [ -35.36449, -5.31122 ], [ -35.36443, -5.31208 ], [ -35.36426, -5.31322 ], [ -35.36403, -5.31424 ], [ -35.36379, -5.31516 ], [ -35.3635, -5.31595 ], [ -35.36326, -5.31653 ], [ -35.36285, -5.3173 ], [ -35.36242, -5.31776 ], [ -35.36214, -5.31791 ], [ -35.36177, -5.3181 ], [ -35.36154, -5.31831 ], [ -35.36139, -5.31866 ], [ -35.36139, -5.319 ], [ -35.36143, -5.31934 ], [ -35.36159, -5.31976 ], [ -35.36163, -5.31997 ] ] ] } },
{ "type": "Feature", "properties": { "CD_MUN": "2407609", "NM_MUN": "Messias Targino", "CD_RGI": "240009", "NM_RGI": "Mossoró", "CD_RGINT": "2403", "NM_RGINT": "Mossoró", "CD_UF": "24", "NM_UF": "Rio Grande do Norte", "SIGLA_UF": "RN", "CD_REGIA": "2", "NM_REGIA": "Nordeste", "SIGLA_RG": "NE", "CD_CONCU": null, "NM_CONCU": null, "AREA_KM2": 142.608 }, "geometry": { "type": "Polygon", "coordinates": [ [ [ -37.42558, -6.07449 ], [ -37.37684, -6.02439 ], [ -37.35905, -6.0061 ], [ -37.37658, -6.04375 ], [ -37.38264, -6.06692 ], [ -37.37949, -6.06755 ], [ -37.37416, -6.06996 ], [ -37.37878, -6.08513 ], [ -37.38234, -6.08555 ], [ -37.38475, -6.08718 ], [ -37.38547, -6.08831 ], [ -37.38585, -6.0893 ], [ -37.38618, -6.09476 ], [ -37.39001, -6.10444 ], [ -37.39218, -6.10817 ], [ -37.39363, -6.10939 ], [ -37.39878, -6.11142 ], [ -37.40692, -6.11265 ], [ -37.40781, -6.11278 ], [ -37.41143, -6.11146 ], [ -37.42595, -6.109 ], [ -37.43256, -6.11007 ], [ -37.43433, -6.10999 ], [ -37.43457, -6.11072 ], [ -37.44182, -6.11219 ], [ -37.44569, -6.1122 ], [ -37.45391, -6.12007 ], [ -37.45472, -6.1254 ], [ -37.45455, -6.13054 ], [ -37.45493, -6.13319 ], [ -37.45867, -6.1332 ], [ -37.45895, -6.145 ], [ -37.4741, -6.14874 ], [ -37.48035, -6.15028 ], [ -37.48299, -6.15168 ], [ -37.48937, -6.14444 ], [ -37.5034, -6.1444 ], [ -37.50289, -6.15214 ], [ -37.52188, -6.15179 ], [ -37.55518, -6.0811 ], [ -37.57738, -6.03399 ], [ -37.55739, -6.01598 ], [ -37.51481, -6.06452 ], [ -37.50315, -6.07087 ], [ -37.48846, -6.07888 ], [ -37.4742, -6.08737 ], [ -37.4565, -6.09665 ], [ -37.44167, -6.08288 ], [ -37.4376, -6.08186 ], [ -37.43149, -6.07753 ], [ -37.42558, -6.07449 ] ] ] } },
{ "type": "Feature", "properties": { "CD_MUN": "2410009", "NM_MUN": "Pilões", "CD_RGI": "240010", "NM_RGI": "Pau dos Ferros", "CD_RGINT": "2403", "NM_RGINT": "Mossoró", "CD_UF": "24", "NM_UF": "Rio Grande do Norte", "SIGLA_UF": "RN", "CD_REGIA": "2", "NM_REGIA": "Nordeste", "SIGLA_RG": "NE", "CD_CONCU": null, "NM_CONCU": null, "AREA_KM2": 82.69 }, "geometry": { "type": "Polygon", "coordinates": [ [ [ -38.03621, -6.25413 ], [ -38.03613, -6.25413 ], [ -37.97415, -6.2553 ], [ -37.97139, -6.25536 ], [ -37.96333, -6.25645 ], [ -37.96371, -6.25924 ], [ -37.96515, -6.26328 ], [ -37.96549, -6.27004 ], [ -37.96612, -6.27244 ], [ -37.97742, -6.29233 ], [ -37.97937, -6.2983 ], [ -37.97917, -6.30117 ], [ -37.97901, -6.30352 ], [ -37.9795, -6.3045 ], [ -37.98216, -6.30695 ], [ -37.98391, -6.31063 ], [ -37.99137, -6.3123 ], [ -37.99162, -6.31236 ], [ -38.01912, -6.3185 ], [ -38.03108, -6.32118 ], [ -38.03565, -6.32159 ], [ -38.04348, -6.32058 ], [ -38.04346, -6.31249 ], [ -38.04946, -6.31303 ], [ -38.05026, -6.31354 ], [ -38.05217, -6.31252 ], [ -38.05415, -6.31238 ], [ -38.05547, -6.31099 ], [ -38.05646, -6.3112 ], [ -38.0618, -6.31428 ], [ -38.06312, -6.31457 ], [ -38.06978, -6.31387 ], [ -38.07474, -6.314 ], [ -38.08492, -6.31671 ], [ -38.08939, -6.31706 ], [ -38.08894, -6.33313 ], [ -38.09737, -6.33122 ], [ -38.09984, -6.3303 ], [ -38.09754, -6.31451 ], [ -38.06354, -6.25361 ], [ -38.03621, -6.25413 ] ] ] } },
{ "type": "Feature", "properties": { "CD_MUN": "2414407", "NM_MUN": "Touros", "CD_RGI": "240001", "NM_RGI": "Natal", "CD_RGINT": "2401", "NM_RGINT": "Natal", "CD_UF": "24", "NM_UF": "Rio Grande do Norte", "SIGLA_UF": "RN", "CD_REGIA": "2", "NM_REGIA": "Nordeste", "SIGLA_RG": "NE", "CD_CONCU": null, "NM_CONCU": null, "AREA_KM2": 753.961 }, "geometry": { "type": "Polygon", "coordinates": [ [ [ -35.39635, -5.29046 ], [ -35.41854, -5.33284 ], [ -35.4253, -5.33089 ], [ -35.4261, -5.3303 ], [ -35.4266, -5.32907 ], [ -35.4274, -5.32873 ], [ -35.42989, -5.32846 ], [ -35.43031, -5.32877 ], [ -35.43062, -5.32976 ], [ -35.43127, -5.33005 ], [ -35.43196, -5.33005 ], [ -35.43302, -5.32856 ], [ -35.43386, -5.32781 ], [ -35.43462, -5.32788 ], [ -35.43643, -5.32873 ], [ -35.43704, -5.32887 ], [ -35.4375, -5.32876 ], [ -35.43845, -5.32794 ], [ -35.43998, -5.32704 ], [ -35.44082, -5.32607 ], [ -35.44089, -5.32455 ], [ -35.44115, -5.32356 ], [ -35.44084, -5.32296 ], [ -35.44091, -5.32196 ], [ -35.44057, -5.3214 ], [ -35.44049, -5.32032 ], [ -35.44125, -5.31954 ], [ -35.4425, -5.31741 ], [ -35.44346, -5.31663 ], [ -35.44483, -5.31655 ], [ -35.44526, -5.31703 ], [ -35.44537, -5.31766 ], [ -35.44649, -5.3184 ], [ -35.44806, -5.31847 ], [ -35.44954, -5.31897 ], [ -35.45154, -5.31905 ], [ -35.45219, -5.31938 ], [ -35.45296, -5.31923 ], [ -35.45383, -5.3193 ], [ -35.45541, -5.31997 ], [ -35.4559, -5.32037 ], [ -35.45633, -5.32241 ], [ -35.45718, -5.32353 ], [ -35.45776, -5.32394 ], [ -35.46087, -5.3243 ], [ -35.46223, -5.32493 ], [ -35.46331, -5.32585 ], [ -35.46514, -5.32581 ], [ -35.46645, -5.32603 ], [ -35.46802, -5.32535 ], [ -35.47111, -5.32586 ], [ -35.47215, -5.32645 ], [ -35.47357, -5.32678 ], [ -35.4741, -5.32719 ], [ -35.47559, -5.32743 ], [ -35.47617, -5.32788 ], [ -35.47666, -5.32868 ], [ -35.47801, -5.32948 ], [ -35.47916, -5.33055 ], [ -35.48032, -5.33088 ], [ -35.48101, -5.33129 ], [ -35.48277, -5.33277 ], [ -35.48461, -5.33318 ], [ -35.48572, -5.33302 ], [ -35.48897, -5.33198 ], [ -35.49042, -5.3317 ], [ -35.49111, -5.33188 ], [ -35.49161, -5.33236 ], [ -35.49253, -5.33404 ], [ -35.49414, -5.3353 ], [ -35.49559, -5.33612 ], [ -35.49733, -5.33656 ], [ -35.49943, -5.33661 ], [ -35.50081, -5.3375 ], [ -35.50174, -5.33767 ], [ -35.50253, -5.33757 ], [ -35.50322, -5.33723 ], [ -35.50451, -5.33607 ], [ -35.50654, -5.33514 ], [ -35.50755, -5.33485 ], [ -35.5086, -5.33483 ], [ -35.51082, -5.33504 ], [ -35.51542, -5.33614 ], [ -35.5197, -5.33653 ], [ -35.52265, -5.33756 ], [ -35.52637, -5.33829 ], [ -35.53055, -5.33855 ], [ -35.53364, -5.33874 ], [ -35.53432, -5.33878 ], [ -35.53444, -5.33879 ], [ -35.53491, -5.33839 ], [ -35.57872, -5.30195 ], [ -35.58064, -5.30035 ], [ -35.58064, -5.30069 ], [ -35.58062, -5.30158 ], [ -35.58062, -5.3017 ], [ -35.58057, -5.30185 ], [ -35.58065, -5.30206 ], [ -35.58091, -5.30274 ], [ -35.58115, -5.30333 ], [ -35.58116, -5.30334 ], [ -35.58144, -5.30383 ], [ -35.58184, -5.30454 ], [ -35.58222, -5.30524 ], [ -35.58237, -5.3055 ], [ -35.58254, -5.30577 ], [ -35.58279, -5.3062 ], [ -35.58334, -5.3071 ], [ -35.58357, -5.30735 ], [ -35.58364, -5.30748 ], [ -35.58359, -5.30759 ], [ -35.58491, -5.30901 ], [ -35.58588, -5.31006 ], [ -35.58929, -5.31177 ], [ -35.59385, -5.31347 ], [ -35.59642, -5.31413 ], [ -35.59951, -5.31579 ], [ -35.61027, -5.32042 ], [ -35.61864, -5.32424 ], [ -35.62655, -5.32812 ], [ -35.63393, -5.33087 ], [ -35.63554, -5.33162 ], [ -35.64171, -5.33451 ], [ -35.66498, -5.35015 ], [ -35.66915, -5.35367 ], [ -35.67465, -5.35697 ], [ -35.67866, -5.35969 ], [ -35.68027, -5.36116 ], [ -35.68169, -5.36337 ], [ -35.68332, -5.36519 ], [ -35.68796, -5.36827 ], [ -35.69193, -5.3712 ], [ -35.69913, -5.37557 ], [ -35.70404, -5.3792 ], [ -35.70485, -5.3797 ], [ -35.70794, -5.38161 ], [ -35.71165, -5.38433 ], [ -35.71888, -5.38924 ], [ -35.72074, -5.39097 ], [ -35.72219, -5.39283 ], [ -35.72368, -5.39512 ], [ -35.73191, -5.40459 ], [ -35.73327, -5.40677 ], [ -35.735, -5.40875 ], [ -35.73586, -5.41156 ], [ -35.73611, -5.41329 ], [ -35.73717, -5.41564 ], [ -35.73814, -5.41713 ], [ -35.74103, -5.42093 ], [ -35.74301, -5.42354 ], [ -35.74431, -5.4255 ], [ -35.76274, -5.44977 ], [ -35.76375, -5.45067 ], [ -35.76438, -5.45161 ], [ -35.7653, -5.45058 ], [ -35.76595, -5.44949 ], [ -35.76687, -5.44729 ], [ -35.76749, -5.44657 ], [ -35.76946, -5.4452 ], [ -35.77116, -5.44327 ], [ -35.77186, -5.44285 ], [ -35.77248, -5.44273 ], [ -35.77306, -5.44281 ], [ -35.77477, -5.44352 ], [ -35.77539, -5.44348 ], [ -35.77588, -5.4433 ], [ -35.77722, -5.44283 ], [ -35.77753, -5.44301 ], [ -35.77817, -5.44415 ], [ -35.78248, -5.4473 ], [ -35.78287, -5.44786 ], [ -35.78334, -5.44922 ], [ -35.78404, -5.44993 ], [ -35.78471, -5.45031 ], [ -35.78579, -5.45038 ], [ -35.78626, -5.45068 ], [ -35.78782, -5.45251 ], [ -35.78843, -5.45279 ], [ -35.78897, -5.4534 ], [ -35.79001, -5.45339 ], [ -35.79109, -5.45268 ], [ -35.79198, -5.45297 ], [ -35.79235, -5.45409 ], [ -35.79325, -5.45528 ], [ -35.79437, -5.4558 ], [ -35.79534, -5.45691 ], [ -35.79636, -5.46 ], [ -35.79792, -5.46118 ], [ -35.79926, -5.46185 ], [ -35.80038, -5.46214 ], [ -35.80239, -5.46362 ], [ -35.8041, -5.46377 ], [ -35.80496, -5.46425 ], [ -35.80637, -5.46469 ], [ -35.80741, -5.46446 ], [ -35.81039, -5.46571 ], [ -35.81358, -5.46473 ], [ -35.81421, -5.46478 ], [ -35.83189, -5.30608 ], [ -35.76193, -5.2936 ], [ -35.75644, -5.29365 ], [ -35.70541, -5.29406 ], [ -35.69605, -5.27135 ], [ -35.68289, -5.27735 ], [ -35.65301, -5.2253 ], [ -35.63863, -5.20919 ], [ -35.62998, -5.19949 ], [ -35.6297, -5.19918 ], [ -35.62961, -5.19908 ], [ -35.61934, -5.12901 ], [ -35.61884, -5.12564 ], [ -35.61755, -5.11665 ], [ -35.61706, -5.11398 ], [ -35.61679, -5.11417 ], [ -35.61667, -5.11425 ], [ -35.61635, -5.1145 ], [ -35.61591, -5.11479 ], [ -35.61484, -5.11565 ], [ -35.61338, -5.11678 ], [ -35.61233, -5.11748 ], [ -35.61149, -5.11811 ], [ -35.6109, -5.11848 ], [ -35.61019, -5.1189 ], [ -35.60945, -5.11924 ], [ -35.60884, -5.11947 ], [ -35.60855, -5.11954 ], [ -35.60828, -5.11962 ], [ -35.60786, -5.11975 ], [ -35.60757, -5.11986 ], [ -35.60733, -5.11999 ], [ -35.60707, -5.12016 ], [ -35.60678, -5.12034 ], [ -35.60618, -5.12059 ], [ -35.60535, -5.12091 ], [ -35.60484, -5.12106 ], [ -35.60444, -5.12112 ], [ -35.60391, -5.12117 ], [ -35.60334, -5.12111 ], [ -35.60297, -5.12121 ], [ -35.60273, -5.12134 ], [ -35.60242, -5.12151 ], [ -35.60218, -5.12166 ], [ -35.60195, -5.1218 ], [ -35.60149, -5.122 ], [ -35.60097, -5.12225 ], [ -35.60018, -5.12254 ], [ -35.59932, -5.1228 ], [ -35.59885, -5.12289 ], [ -35.59844, -5.12296 ], [ -35.59802, -5.12296 ], [ -35.59745, -5.12302 ], [ -35.5968, -5.12316 ], [ -35.59597, -5.12331 ], [ -35.59543, -5.12346 ], [ -35.59486, -5.12376 ], [ -35.5945, -5.12395 ], [ -35.59411, -5.12419 ], [ -35.59389, -5.12439 ], [ -35.59365, -5.12463 ], [ -35.59322, -5.125 ], [ -35.59281, -5.1254 ], [ -35.5923, -5.12577 ], [ -35.59141, -5.12627 ], [ -35.59092, -5.12651 ], [ -35.59034, -5.12675 ], [ -35.58975, -5.12694 ], [ -35.58935, -5.12707 ], [ -35.58899, -5.12727 ], [ -35.58859, -5.12746 ], [ -35.58794, -5.12782 ], [ -35.58748, -5.12801 ], [ -35.58673, -5.12822 ], [ -35.58629, -5.12821 ], [ -35.58591, -5.12822 ], [ -35.58581, -5.12822 ], [ -35.58562, -5.12822 ], [ -35.58525, -5.12819 ], [ -35.5846, -5.12813 ], [ -35.58422, -5.12815 ], [ -35.58372, -5.1281 ], [ -35.58307, -5.12805 ], [ -35.58258, -5.12801 ], [ -35.58223, -5.12806 ], [ -35.58201, -5.12815 ], [ -35.58174, -5.1284 ], [ -35.58143, -5.12863 ], [ -35.58114, -5.12887 ], [ -35.58077, -5.12915 ], [ -35.58021, -5.12947 ], [ -35.57981, -5.12964 ], [ -35.57944, -5.12979 ], [ -35.57904, -5.1299 ], [ -35.57857, -5.12998 ], [ -35.57812, -5.13 ], [ -35.57757, -5.13005 ], [ -35.57708, -5.13015 ], [ -35.57665, -5.13035 ], [ -35.57636, -5.13051 ], [ -35.57611, -5.1307 ], [ -35.57576, -5.13103 ], [ -35.57544, -5.13136 ], [ -35.57509, -5.13172 ], [ -35.57486, -5.13198 ], [ -35.57459, -5.13228 ], [ -35.57436, -5.13249 ], [ -35.57405, -5.13271 ], [ -35.57366, -5.13296 ], [ -35.57343, -5.13311 ], [ -35.57318, -5.1333 ], [ -35.5729, -5.13359 ], [ -35.57269, -5.13383 ], [ -35.57227, -5.13407 ], [ -35.57201, -5.13425 ], [ -35.57163, -5.13433 ], [ -35.5714, -5.13435 ], [ -35.57102, -5.13434 ], [ -35.57072, -5.13435 ], [ -35.57069, -5.13435 ], [ -35.57035, -5.13438 ], [ -35.57005, -5.13445 ], [ -35.56945, -5.13458 ], [ -35.56871, -5.13472 ], [ -35.56807, -5.13484 ], [ -35.56736, -5.135 ], [ -35.5667, -5.13531 ], [ -35.566, -5.13558 ], [ -35.56503, -5.13596 ], [ -35.56429, -5.13629 ], [ -35.56332, -5.13662 ], [ -35.56235, -5.1369 ], [ -35.56148, -5.13704 ], [ -35.56099, -5.13704 ], [ -35.56069, -5.13696 ], [ -35.56039, -5.13697 ], [ -35.56017, -5.13701 ], [ -35.55983, -5.1371 ], [ -35.55936, -5.13727 ], [ -35.55935, -5.13727 ], [ -35.55902, -5.13738 ], [ -35.5585, -5.13757 ], [ -35.55801, -5.13766 ], [ -35.5574, -5.13775 ], [ -35.55706, -5.13778 ], [ -35.55639, -5.13776 ], [ -35.5561, -5.13775 ], [ -35.55555, -5.13776 ], [ -35.55503, -5.1378 ], [ -35.55437, -5.13785 ], [ -35.5539, -5.13799 ], [ -35.55348, -5.13806 ], [ -35.55307, -5.13812 ], [ -35.55266, -5.13818 ], [ -35.55226, -5.13816 ], [ -35.55188, -5.1381 ], [ -35.55161, -5.13808 ], [ -35.55128, -5.13814 ], [ -35.55109, -5.13819 ], [ -35.55077, -5.13826 ], [ -35.55042, -5.13833 ], [ -35.55014, -5.13837 ], [ -35.54988, -5.13841 ], [ -35.54962, -5.13842 ], [ -35.54936, -5.13844 ], [ -35.54903, -5.13843 ], [ -35.54864, -5.13848 ], [ -35.54826, -5.13853 ], [ -35.54782, -5.13862 ], [ -35.54756, -5.13873 ], [ -35.5473, -5.1389 ], [ -35.54695, -5.13911 ], [ -35.54653, -5.13938 ], [ -35.54605, -5.13965 ], [ -35.54525, -5.14007 ], [ -35.54459, -5.14038 ], [ -35.54402, -5.14064 ], [ -35.54335, -5.14092 ], [ -35.54258, -5.14122 ], [ -35.54183, -5.14137 ], [ -35.54117, -5.14142 ], [ -35.54089, -5.14142 ], [ -35.54086, -5.14142 ], [ -35.54061, -5.14139 ], [ -35.54057, -5.14138 ], [ -35.54057, -5.14138 ], [ -35.54027, -5.14124 ], [ -35.54005, -5.14114 ], [ -35.53981, -5.14109 ], [ -35.53949, -5.14114 ], [ -35.53948, -5.14115 ], [ -35.53896, -5.14137 ], [ -35.53831, -5.1416 ], [ -35.53793, -5.1418 ], [ -35.53722, -5.14204 ], [ -35.53554, -5.14257 ], [ -35.53486, -5.14276 ], [ -35.53421, -5.14295 ], [ -35.53391, -5.14307 ], [ -35.53354, -5.14328 ], [ -35.53296, -5.14366 ], [ -35.53238, -5.14411 ], [ -35.53206, -5.14429 ], [ -35.53193, -5.14436 ], [ -35.53165, -5.14446 ], [ -35.53122, -5.14461 ], [ -35.53119, -5.14462 ], [ -35.53075, -5.14477 ], [ -35.53073, -5.14477 ], [ -35.52999, -5.14499 ], [ -35.52947, -5.14509 ], [ -35.52888, -5.1452 ], [ -35.52833, -5.14539 ], [ -35.52776, -5.14572 ], [ -35.52688, -5.14614 ], [ -35.52616, -5.14652 ], [ -35.52559, -5.14687 ], [ -35.52506, -5.14722 ], [ -35.52467, -5.14748 ], [ -35.52422, -5.14781 ], [ -35.52378, -5.14798 ], [ -35.52376, -5.14799 ], [ -35.52329, -5.14807 ], [ -35.52328, -5.14807 ], [ -35.52292, -5.14812 ], [ -35.52264, -5.14828 ], [ -35.52232, -5.14851 ], [ -35.52201, -5.1487 ], [ -35.5213, -5.14901 ], [ -35.52088, -5.14922 ], [ -35.52078, -5.14927 ], [ -35.52043, -5.14946 ], [ -35.51986, -5.1499 ], [ -35.51906, -5.15043 ], [ -35.51824, -5.15089 ], [ -35.5177, -5.15114 ], [ -35.51705, -5.15119 ], [ -35.51663, -5.15111 ], [ -35.5164, -5.15101 ], [ -35.51625, -5.15095 ], [ -35.51573, -5.15088 ], [ -35.51538, -5.15087 ], [ -35.51511, -5.15091 ], [ -35.51476, -5.15099 ], [ -35.5143, -5.15123 ], [ -35.51397, -5.15146 ], [ -35.51343, -5.15197 ], [ -35.51299, -5.15225 ], [ -35.51252, -5.15257 ], [ -35.51225, -5.15277 ], [ -35.51224, -5.15278 ], [ -35.5117, -5.153 ], [ -35.5112, -5.15314 ], [ -35.51062, -5.15331 ], [ -35.51049, -5.15334 ], [ -35.51006, -5.15344 ], [ -35.50962, -5.15357 ], [ -35.50928, -5.15364 ], [ -35.50847, -5.15387 ], [ -35.50766, -5.1541 ], [ -35.50701, -5.15427 ], [ -35.50648, -5.15433 ], [ -35.50615, -5.15429 ], [ -35.50578, -5.15426 ], [ -35.50554, -5.15421 ], [ -35.50526, -5.1541 ], [ -35.50487, -5.15407 ], [ -35.5046, -5.15411 ], [ -35.50445, -5.15414 ], [ -35.50408, -5.15412 ], [ -35.50389, -5.15402 ], [ -35.50374, -5.15387 ], [ -35.50354, -5.15376 ], [ -35.5033, -5.15367 ], [ -35.50296, -5.15369 ], [ -35.5026, -5.15374 ], [ -35.50231, -5.15381 ], [ -35.50193, -5.15386 ], [ -35.5016, -5.15392 ], [ -35.50095, -5.15399 ], [ -35.50056, -5.1541 ], [ -35.50012, -5.1543 ], [ -35.49959, -5.15465 ], [ -35.4992, -5.15498 ], [ -35.49889, -5.15521 ], [ -35.49876, -5.1553 ], [ -35.4976, -5.1559 ], [ -35.49705, -5.15608 ], [ -35.49632, -5.15637 ], [ -35.49569, -5.15667 ], [ -35.49491, -5.15697 ], [ -35.49438, -5.15711 ], [ -35.49385, -5.15716 ], [ -35.49342, -5.15707 ], [ -35.49308, -5.15702 ], [ -35.49264, -5.15709 ], [ -35.49233, -5.15723 ], [ -35.49183, -5.1574 ], [ -35.49151, -5.15747 ], [ -35.49113, -5.15743 ], [ -35.4907, -5.15721 ], [ -35.49016, -5.15707 ], [ -35.48953, -5.15705 ], [ -35.48895, -5.15738 ], [ -35.48817, -5.15794 ], [ -35.48703, -5.1589 ], [ -35.4855, -5.16011 ], [ -35.48481, -5.16057 ], [ -35.48401, -5.16117 ], [ -35.48333, -5.16166 ], [ -35.48245, -5.16243 ], [ -35.48161, -5.16309 ], [ -35.48101, -5.16349 ], [ -35.48045, -5.16399 ], [ -35.47988, -5.16466 ], [ -35.47932, -5.16543 ], [ -35.47853, -5.16658 ], [ -35.47808, -5.16741 ], [ -35.47712, -5.16882 ], [ -35.47651, -5.16958 ], [ -35.47543, -5.17074 ], [ -35.47475, -5.17148 ], [ -35.47374, -5.17249 ], [ -35.47293, -5.17331 ], [ -35.47208, -5.17465 ], [ -35.47161, -5.17522 ], [ -35.47102, -5.17587 ], [ -35.47009, -5.17667 ], [ -35.46927, -5.17746 ], [ -35.46811, -5.17878 ], [ -35.46788, -5.17899 ], [ -35.46781, -5.17907 ], [ -35.4675, -5.17961 ], [ -35.46675, -5.18117 ], [ -35.46568, -5.18336 ], [ -35.46465, -5.18583 ], [ -35.4643, -5.18653 ], [ -35.46362, -5.18799 ], [ -35.46338, -5.18861 ], [ -35.46292, -5.18978 ], [ -35.46241, -5.19102 ], [ -35.46188, -5.1924 ], [ -35.46155, -5.19309 ], [ -35.46126, -5.1937 ], [ -35.46103, -5.19413 ], [ -35.46063, -5.19488 ], [ -35.46014, -5.19564 ], [ -35.45951, -5.19645 ], [ -35.45895, -5.19703 ], [ -35.45816, -5.1976 ], [ -35.45802, -5.19769 ], [ -35.45748, -5.19805 ], [ -35.45672, -5.19854 ], [ -35.45627, -5.1987 ], [ -35.45573, -5.19891 ], [ -35.45533, -5.19907 ], [ -35.45506, -5.1991 ], [ -35.45487, -5.19901 ], [ -35.45472, -5.19888 ], [ -35.45455, -5.19876 ], [ -35.45448, -5.19873 ], [ -35.45439, -5.1987 ], [ -35.45413, -5.19875 ], [ -35.45376, -5.19896 ], [ -35.45343, -5.19917 ], [ -35.45299, -5.1997 ], [ -35.45244, -5.20035 ], [ -35.45172, -5.20106 ], [ -35.45132, -5.20145 ], [ -35.45058, -5.2021 ], [ -35.44989, -5.20276 ], [ -35.44891, -5.20336 ], [ -35.44809, -5.20388 ], [ -35.4476, -5.20425 ], [ -35.44659, -5.20466 ], [ -35.44596, -5.20503 ], [ -35.44552, -5.20534 ], [ -35.44526, -5.20552 ], [ -35.44456, -5.20604 ], [ -35.44379, -5.2067 ], [ -35.44306, -5.20737 ], [ -35.44213, -5.20801 ], [ -35.44158, -5.2083 ], [ -35.4406, -5.20874 ], [ -35.43996, -5.20908 ], [ -35.43961, -5.20937 ], [ -35.43852, -5.21028 ], [ -35.43744, -5.21115 ], [ -35.43733, -5.21124 ], [ -35.43632, -5.21205 ], [ -35.43513, -5.21279 ], [ -35.43406, -5.21331 ], [ -35.43281, -5.21399 ], [ -35.43121, -5.21483 ], [ -35.43009, -5.21538 ], [ -35.42918, -5.21582 ], [ -35.42741, -5.21667 ], [ -35.42552, -5.21762 ], [ -35.42546, -5.21764 ], [ -35.42417, -5.21797 ], [ -35.42384, -5.21793 ], [ -35.42351, -5.21793 ], [ -35.42294, -5.21802 ], [ -35.42252, -5.21832 ], [ -35.42215, -5.21857 ], [ -35.42176, -5.21889 ], [ -35.42139, -5.2192 ], [ -35.42091, -5.21971 ], [ -35.42036, -5.22 ], [ -35.41981, -5.22022 ], [ -35.41945, -5.22033 ], [ -35.41914, -5.22041 ], [ -35.41869, -5.22049 ], [ -35.4181, -5.22055 ], [ -35.41781, -5.22058 ], [ -35.41737, -5.22065 ], [ -35.41706, -5.22076 ], [ -35.41672, -5.22097 ], [ -35.41645, -5.22125 ], [ -35.41623, -5.22157 ], [ -35.41599, -5.22205 ], [ -35.4153, -5.22351 ], [ -35.41477, -5.22425 ], [ -35.41412, -5.22497 ], [ -35.41335, -5.22598 ], [ -35.41263, -5.22695 ], [ -35.41181, -5.2282 ], [ -35.41116, -5.22927 ], [ -35.41004, -5.2309 ], [ -35.40899, -5.23189 ], [ -35.40771, -5.23318 ], [ -35.40704, -5.23394 ], [ -35.40637, -5.23467 ], [ -35.40567, -5.23557 ], [ -35.40522, -5.23619 ], [ -35.40482, -5.23669 ], [ -35.40448, -5.23721 ], [ -35.40416, -5.2377 ], [ -35.40389, -5.23829 ], [ -35.40353, -5.23905 ], [ -35.40297, -5.24014 ], [ -35.40244, -5.24094 ], [ -35.40177, -5.24172 ], [ -35.40122, -5.24235 ], [ -35.40069, -5.24283 ], [ -35.40005, -5.24318 ], [ -35.39927, -5.24359 ], [ -35.39865, -5.24393 ], [ -35.39819, -5.24417 ], [ -35.39783, -5.24438 ], [ -35.3975, -5.24462 ], [ -35.39725, -5.24485 ], [ -35.39714, -5.24501 ], [ -35.39701, -5.24518 ], [ -35.39688, -5.24537 ], [ -35.39671, -5.24545 ], [ -35.39651, -5.24553 ], [ -35.39635, -5.24565 ], [ -35.39591, -5.24577 ], [ -35.39567, -5.24585 ], [ -35.39548, -5.24596 ], [ -35.39535, -5.24627 ], [ -35.39528, -5.24654 ], [ -35.39518, -5.24691 ], [ -35.39492, -5.24716 ], [ -35.39464, -5.24734 ], [ -35.3944, -5.24759 ], [ -35.39424, -5.24797 ], [ -35.39401, -5.24866 ], [ -35.39384, -5.24912 ], [ -35.39364, -5.24955 ], [ -35.3936, -5.24964 ], [ -35.39338, -5.25009 ], [ -35.39322, -5.25053 ], [ -35.39301, -5.25098 ], [ -35.39278, -5.25144 ], [ -35.39271, -5.25151 ], [ -35.39264, -5.25161 ], [ -35.39251, -5.25182 ], [ -35.39235, -5.25198 ], [ -35.39226, -5.25206 ], [ -35.39206, -5.25218 ], [ -35.39185, -5.25228 ], [ -35.39158, -5.25241 ], [ -35.39139, -5.25248 ], [ -35.39118, -5.25265 ], [ -35.39098, -5.25285 ], [ -35.39078, -5.25306 ], [ -35.39063, -5.25326 ], [ -35.39043, -5.25347 ], [ -35.39025, -5.25382 ], [ -35.3902, -5.25392 ], [ -35.39004, -5.25423 ], [ -35.38989, -5.25459 ], [ -35.38977, -5.25483 ], [ -35.38967, -5.25507 ], [ -35.38955, -5.25535 ], [ -35.3895, -5.25555 ], [ -35.38943, -5.2557 ], [ -35.38937, -5.25589 ], [ -35.38934, -5.25603 ], [ -35.38931, -5.25616 ], [ -35.38925, -5.25624 ], [ -35.38918, -5.25635 ], [ -35.38909, -5.25652 ], [ -35.38898, -5.2569 ], [ -35.38889, -5.2571 ], [ -35.38882, -5.25733 ], [ -35.38876, -5.25753 ], [ -35.38876, -5.25754 ], [ -35.38869, -5.25773 ], [ -35.38864, -5.25789 ], [ -35.38847, -5.25824 ], [ -35.38831, -5.25849 ], [ -35.3882, -5.25877 ], [ -35.38814, -5.25896 ], [ -35.38804, -5.25923 ], [ -35.38798, -5.25939 ], [ -35.38788, -5.25954 ], [ -35.3878, -5.25963 ], [ -35.38773, -5.25969 ], [ -35.38764, -5.25974 ], [ -35.38753, -5.25976 ], [ -35.38742, -5.25976 ], [ -35.3873, -5.25976 ], [ -35.3872, -5.25978 ], [ -35.38719, -5.25979 ], [ -35.38707, -5.25983 ], [ -35.38698, -5.25992 ], [ -35.38689, -5.26013 ], [ -35.38684, -5.26027 ], [ -35.38672, -5.26046 ], [ -35.38661, -5.26073 ], [ -35.38632, -5.26135 ], [ -35.38587, -5.26246 ], [ -35.38574, -5.26278 ], [ -35.38565, -5.26302 ], [ -35.38555, -5.26331 ], [ -35.38546, -5.26361 ], [ -35.38531, -5.26405 ], [ -35.38513, -5.26467 ], [ -35.38498, -5.26506 ], [ -35.38483, -5.26534 ], [ -35.38469, -5.26556 ], [ -35.38456, -5.26569 ], [ -35.38432, -5.26593 ], [ -35.3841, -5.26621 ], [ -35.38385, -5.26659 ], [ -35.38367, -5.2669 ], [ -35.38342, -5.26738 ], [ -35.38318, -5.26795 ], [ -35.38295, -5.26861 ], [ -35.38276, -5.26906 ], [ -35.38259, -5.26949 ], [ -35.3824, -5.26993 ], [ -35.38236, -5.27004 ], [ -35.38272, -5.27021 ], [ -35.38305, -5.27031 ], [ -35.38352, -5.27039 ], [ -35.38366, -5.27031 ], [ -35.38383, -5.27014 ], [ -35.38399, -5.26983 ], [ -35.38414, -5.2696 ], [ -35.38449, -5.26943 ], [ -35.38489, -5.26915 ], [ -35.3851, -5.26906 ], [ -35.38514, -5.26905 ], [ -35.3854, -5.26954 ], [ -35.38564, -5.27001 ], [ -35.38567, -5.27006 ], [ -35.38619, -5.27106 ], [ -35.38633, -5.27133 ], [ -35.3865, -5.27165 ], [ -35.38671, -5.27204 ], [ -35.39529, -5.28844 ], [ -35.39635, -5.29046 ] ] ] } },
{ "type": "Feature", "properties": { "CD_MUN": "2406304", "NM_MUN": "Lagoa de Pedras", "CD_RGI": "240002", "NM_RGI": "Santo Antônio - Passa e Fica - Nova Cruz", "CD_RGINT": "2401", "NM_RGINT": "Natal", "CD_UF": "24", "NM_UF": "Rio Grande do Norte", "SIGLA_UF": "RN", "CD_REGIA": "2", "NM_REGIA": "Nordeste", "SIGLA_RG": "NE", "CD_CONCU": null, "NM_CONCU": null, "AREA_KM2": 117.971 }, "geometry": { "type": "Polygon", "coordinates": [ [ [ -35.47044, -6.23026 ], [ -35.50139, -6.22247 ], [ -35.51355, -6.2194 ], [ -35.52618, -6.21622 ], [ -35.52648, -6.21614 ], [ -35.53014, -6.21522 ], [ -35.56772, -6.20574 ], [ -35.56057, -6.20154 ], [ -35.55962, -6.19822 ], [ -35.5552, -6.19919 ], [ -35.55042, -6.1999 ], [ -35.545, -6.20081 ], [ -35.52804, -6.20141 ], [ -35.52704, -6.20131 ], [ -35.51836, -6.1933 ], [ -35.51545, -6.19188 ], [ -35.51229, -6.1912 ], [ -35.51075, -6.19026 ], [ -35.50874, -6.18868 ], [ -35.50844, -6.18835 ], [ -35.50752, -6.18737 ], [ -35.50646, -6.18563 ], [ -35.50487, -6.18363 ], [ -35.50331, -6.18271 ], [ -35.50254, -6.18242 ], [ -35.50111, -6.18095 ], [ -35.49979, -6.18006 ], [ -35.49821, -6.17954 ], [ -35.49374, -6.17749 ], [ -35.49218, -6.17708 ], [ -35.48585, -6.17648 ], [ -35.48442, -6.17601 ], [ -35.48058, -6.174 ], [ -35.47864, -6.1728 ], [ -35.47532, -6.16983 ], [ -35.4721, -6.16745 ], [ -35.46935, -6.16649 ], [ -35.46878, -6.16645 ], [ -35.46857, -6.16644 ], [ -35.46822, -6.16642 ], [ -35.46629, -6.16547 ], [ -35.46406, -6.1639 ], [ -35.45766, -6.15822 ], [ -35.45512, -6.15691 ], [ -35.45158, -6.15576 ], [ -35.44986, -6.15552 ], [ -35.44549, -6.15411 ], [ -35.44363, -6.14921 ], [ -35.44382, -6.14786 ], [ -35.4448, -6.14679 ], [ -35.44706, -6.14497 ], [ -35.44651, -6.14365 ], [ -35.44602, -6.14327 ], [ -35.44548, -6.14199 ], [ -35.44374, -6.14055 ], [ -35.44153, -6.13909 ], [ -35.43849, -6.13943 ], [ -35.43584, -6.14022 ], [ -35.43479, -6.13951 ], [ -35.43317, -6.1363 ], [ -35.43239, -6.13542 ], [ -35.43157, -6.13524 ], [ -35.43146, -6.13522 ], [ -35.42539, -6.13391 ], [ -35.42415, -6.13302 ], [ -35.42332, -6.13269 ], [ -35.42095, -6.13331 ], [ -35.41713, -6.13339 ], [ -35.41475, -6.13301 ], [ -35.41395, -6.13263 ], [ -35.41351, -6.13242 ], [ -35.38139, -6.15846 ], [ -35.40294, -6.21014 ], [ -35.40295, -6.21015 ], [ -35.40302, -6.21032 ], [ -35.42344, -6.23668 ], [ -35.43643, -6.25343 ], [ -35.4685, -6.23075 ], [ -35.47044, -6.23026 ] ] ] } },
{ "type": "Feature", "properties": { "CD_MUN": "2414803", "NM_MUN": "Vera Cruz", "CD_RGI": "240001", "NM_RGI": "Natal", "CD_RGINT": "2401", "NM_RGINT": "Natal", "CD_UF": "24", "NM_UF": "Rio Grande do Norte", "SIGLA_UF": "RN", "CD_REGIA": "2", "NM_REGIA": "Nordeste", "SIGLA_RG": "NE", "CD_CONCU": null, "NM_CONCU": null, "AREA_KM2": 84.127 }, "geometry": { "type": "Polygon", "coordinates": [ [ [ -35.4268, -6.04622 ], [ -35.42784, -6.04795 ], [ -35.42854, -6.0491 ], [ -35.42901, -6.04987 ], [ -35.42921, -6.0502 ], [ -35.42936, -6.05043 ], [ -35.42939, -6.05048 ], [ -35.42955, -6.0513 ], [ -35.42996, -6.05349 ], [ -35.43069, -6.05733 ], [ -35.43221, -6.06546 ], [ -35.43635, -6.06412 ], [ -35.43743, -6.06374 ], [ -35.44264, -6.0619 ], [ -35.44318, -6.06773 ], [ -35.44435, -6.07039 ], [ -35.44913, -6.07499 ], [ -35.45129, -6.0774 ], [ -35.45656, -6.07845 ], [ -35.45656, -6.07845 ], [ -35.45662, -6.07844 ], [ -35.45789, -6.07814 ], [ -35.45798, -6.07812 ], [ -35.45806, -6.0781 ], [ -35.45814, -6.07808 ], [ -35.45822, -6.07806 ], [ -35.4583, -6.07804 ], [ -35.45838, -6.07802 ], [ -35.45846, -6.078 ], [ -35.45851, -6.07799 ], [ -35.45855, -6.07798 ], [ -35.45859, -6.07797 ], [ -35.45863, -6.07796 ], [ -35.45867, -6.07795 ], [ -35.4587, -6.07795 ], [ -35.45878, -6.07793 ], [ -35.45886, -6.07791 ], [ -35.45893, -6.07789 ], [ -35.45901, -6.07788 ], [ -35.45908, -6.07786 ], [ -35.45915, -6.07784 ], [ -35.45916, -6.07784 ], [ -35.45916, -6.07784 ], [ -35.45917, -6.07784 ], [ -35.45918, -6.07783 ], [ -35.45919, -6.07783 ], [ -35.4592, -6.07783 ], [ -35.4592, -6.07783 ], [ -35.45921, -6.07783 ], [ -35.45921, -6.07783 ], [ -35.45922, -6.07783 ], [ -35.45923, -6.07782 ], [ -35.45925, -6.07782 ], [ -35.45977, -6.0777 ], [ -35.46028, -6.07758 ], [ -35.46028, -6.07758 ], [ -35.46039, -6.07755 ], [ -35.46039, -6.07755 ], [ -35.4604, -6.07755 ], [ -35.4604, -6.07755 ], [ -35.46041, -6.07754 ], [ -35.46043, -6.07754 ], [ -35.46044, -6.07754 ], [ -35.46046, -6.07753 ], [ -35.46047, -6.07753 ], [ -35.46049, -6.07753 ], [ -35.46051, -6.07752 ], [ -35.46052, -6.07752 ], [ -35.46054, -6.07752 ], [ -35.46055, -6.07751 ], [ -35.46057, -6.07751 ], [ -35.46059, -6.0775 ], [ -35.46061, -6.0775 ], [ -35.46063, -6.07749 ], [ -35.46064, -6.07749 ], [ -35.46065, -6.07749 ], [ -35.46066, -6.07749 ], [ -35.46068, -6.07748 ], [ -35.4607, -6.07748 ], [ -35.46071, -6.07748 ], [ -35.46072, -6.07747 ], [ -35.46073, -6.07747 ], [ -35.46086, -6.07744 ], [ -35.46099, -6.07741 ], [ -35.46112, -6.07738 ], [ -35.4612, -6.07736 ], [ -35.4612, -6.07736 ], [ -35.46121, -6.07736 ], [ -35.46121, -6.07736 ], [ -35.46121, -6.07736 ], [ -35.47105, -6.07319 ], [ -35.47408, -6.073 ], [ -35.47608, -6.07195 ], [ -35.47835, -6.07267 ], [ -35.48378, -6.07232 ], [ -35.48611, -6.07292 ], [ -35.48766, -6.0737 ], [ -35.48924, -6.07411 ], [ -35.49111, -6.07403 ], [ -35.49173, -6.07413 ], [ -35.49204, -6.07419 ], [ -35.49264, -6.07453 ], [ -35.49163, -6.06964 ], [ -35.48838, -6.06295 ], [ -35.48963, -6.06251 ], [ -35.49037, -6.06138 ], [ -35.49141, -6.06076 ], [ -35.49203, -6.06075 ], [ -35.49259, -6.06088 ], [ -35.49312, -6.06118 ], [ -35.49402, -6.06127 ], [ -35.49538, -6.06089 ], [ -35.4965, -6.05986 ], [ -35.49836, -6.05886 ], [ -35.49864, -6.05855 ], [ -35.49968, -6.05683 ], [ -35.49987, -6.05633 ], [ -35.49996, -6.05543 ], [ -35.50024, -6.05518 ], [ -35.50064, -6.05508 ], [ -35.50126, -6.05477 ], [ -35.502, -6.05461 ], [ -35.50384, -6.05442 ], [ -35.50533, -6.05413 ], [ -35.50753, -6.05334 ], [ -35.50868, -6.05334 ], [ -35.50873, -6.05135 ], [ -35.51044, -6.05099 ], [ -35.51257, -6.05111 ], [ -35.51384, -6.05154 ], [ -35.51556, -6.05262 ], [ -35.51674, -6.05308 ], [ -35.51892, -6.05354 ], [ -35.5214, -6.05371 ], [ -35.52352, -6.05358 ], [ -35.52578, -6.05326 ], [ -35.53083, -6.05308 ], [ -35.53434, -6.05309 ], [ -35.53568, -6.05302 ], [ -35.53733, -6.05272 ], [ -35.53779, -6.05287 ], [ -35.5378, -6.05287 ], [ -35.53827, -6.05302 ], [ -35.53895, -6.05366 ], [ -35.53896, -6.05366 ], [ -35.53954, -6.05403 ], [ -35.53955, -6.05404 ], [ -35.53999, -6.05412 ], [ -35.54, -6.05412 ], [ -35.54084, -6.0541 ], [ -35.54149, -6.05409 ], [ -35.5415, -6.05409 ], [ -35.5415, -6.05409 ], [ -35.54315, -6.05474 ], [ -35.54341, -6.05485 ], [ -35.54344, -6.05486 ], [ -35.54357, -6.05491 ], [ -35.54539, -6.05563 ], [ -35.54595, -6.05501 ], [ -35.54596, -6.055 ], [ -35.54596, -6.055 ], [ -35.54673, -6.05395 ], [ -35.54211, -6.05219 ], [ -35.54028, -6.0515 ], [ -35.53881, -6.05093 ], [ -35.45263, -6.01809 ], [ -35.42236, -6.00655 ], [ -35.42203, -6.00643 ], [ -35.42203, -6.00642 ], [ -35.42167, -6.00629 ], [ -35.41942, -6.00543 ], [ -35.40655, -6.00051 ], [ -35.37344, -5.98738 ], [ -35.37318, -5.9875 ], [ -35.3714, -5.988 ], [ -35.37028, -6.00527 ], [ -35.37422, -6.013 ], [ -35.38223, -6.01792 ], [ -35.38212, -6.02177 ], [ -35.381, -6.02344 ], [ -35.38017, -6.0236 ], [ -35.3785, -6.02521 ], [ -35.37815, -6.02585 ], [ -35.37736, -6.02732 ], [ -35.37688, -6.02853 ], [ -35.37668, -6.02873 ], [ -35.37666, -6.02876 ], [ -35.37665, -6.02877 ], [ -35.37656, -6.02887 ], [ -35.37589, -6.02957 ], [ -35.3756, -6.02987 ], [ -35.37497, -6.03049 ], [ -35.37409, -6.03134 ], [ -35.37272, -6.03267 ], [ -35.37216, -6.03321 ], [ -35.37186, -6.03355 ], [ -35.3717, -6.03393 ], [ -35.37128, -6.03578 ], [ -35.37078, -6.03618 ], [ -35.36912, -6.03896 ], [ -35.36938, -6.03911 ], [ -35.37075, -6.03983 ], [ -35.37188, -6.04059 ], [ -35.37291, -6.04096 ], [ -35.37288, -6.04101 ], [ -35.37286, -6.04103 ], [ -35.37188, -6.04214 ], [ -35.3718, -6.04225 ], [ -35.37167, -6.04423 ], [ -35.37125, -6.04559 ], [ -35.37124, -6.04565 ], [ -35.37114, -6.04597 ], [ -35.37111, -6.04605 ], [ -35.37102, -6.04636 ], [ -35.37083, -6.04698 ], [ -35.3702, -6.04929 ], [ -35.37019, -6.0493 ], [ -35.36982, -6.04982 ], [ -35.36933, -6.0511 ], [ -35.36909, -6.05355 ], [ -35.36688, -6.05433 ], [ -35.36514, -6.05553 ], [ -35.36633, -6.05884 ], [ -35.36789, -6.05852 ], [ -35.37078, -6.05952 ], [ -35.375, -6.06005 ], [ -35.37946, -6.06089 ], [ -35.38242, -6.06017 ], [ -35.38718, -6.05867 ], [ -35.38896, -6.05443 ], [ -35.39129, -6.05184 ], [ -35.39417, -6.05113 ], [ -35.39917, -6.05111 ], [ -35.40316, -6.05273 ], [ -35.40683, -6.05303 ], [ -35.4116, -6.05379 ], [ -35.41487, -6.05236 ], [ -35.42024, -6.04788 ], [ -35.42227, -6.04748 ], [ -35.4246, -6.04645 ], [ -35.42674, -6.04622 ], [ -35.4268, -6.04622 ] ] ] } },
{ "type": "Feature", "properties": { "CD_MUN": "2413102", "NM_MUN": "Senador Elói de Souza", "CD_RGI": "240006", "NM_RGI": "São Paulo do Potengi", "CD_RGINT": "2401", "NM_RGINT": "Natal", "CD_UF": "24", "NM_UF": "Rio Grande do Norte", "SIGLA_UF": "RN", "CD_REGIA": "2", "NM_REGIA": "Nordeste", "SIGLA_RG": "NE", "CD_CONCU": null, "NM_CONCU": null, "AREA_KM2": 143.574 }, "geometry": { "type": "Polygon", "coordinates": [ [ [ -35.68597, -6.07256 ], [ -35.69061, -6.0715 ], [ -35.69231, -6.07092 ], [ -35.69411, -6.0703 ], [ -35.70103, -6.06793 ], [ -35.78156, -6.0407 ], [ -35.78134, -6.04067 ], [ -35.78171, -6.03903 ], [ -35.78428, -6.03954 ], [ -35.78405, -6.04093 ], [ -35.78404, -6.04094 ], [ -35.78409, -6.04094 ], [ -35.79869, -6.04258 ], [ -35.77834, -6.01588 ], [ -35.70924, -6.00055 ], [ -35.70834, -6.00018 ], [ -35.70832, -6.00018 ], [ -35.66841, -5.98389 ], [ -35.65019, -5.97644 ], [ -35.64748, -6.01604 ], [ -35.62256, -6.03667 ], [ -35.57078, -6.07954 ], [ -35.572, -6.07946 ], [ -35.57358, -6.08039 ], [ -35.57551, -6.08254 ], [ -35.57756, -6.08554 ], [ -35.57922, -6.08758 ], [ -35.57925, -6.08762 ], [ -35.57997, -6.08829 ], [ -35.58069, -6.08895 ], [ -35.58264, -6.09007 ], [ -35.58517, -6.09234 ], [ -35.58759, -6.09493 ], [ -35.58887, -6.0968 ], [ -35.59053, -6.09617 ], [ -35.60158, -6.09196 ], [ -35.60686, -6.09074 ], [ -35.61292, -6.08935 ], [ -35.68597, -6.07256 ] ] ] } },
{ "type": "Feature", "properties": { "CD_MUN": "2405009", "NM_MUN": "Jaçanã", "CD_RGI": "240004", "NM_RGI": "Santa Cruz", "CD_RGINT": "2401", "NM_RGINT": "Natal", "CD_UF": "24", "NM_UF": "Rio Grande do Norte", "SIGLA_UF": "RN", "CD_REGIA": "2", "NM_REGIA": "Nordeste", "SIGLA_RG": "NE", "CD_CONCU": null, "NM_CONCU": null, "AREA_KM2": 54.561 }, "geometry": { "type": "Polygon", "coordinates": [ [ [ -36.22021, -6.4029 ], [ -36.19625, -6.40536 ], [ -36.17734, -6.4073 ], [ -36.09857, -6.41992 ], [ -36.09648, -6.42026 ], [ -36.09729, -6.42039 ], [ -36.09938, -6.42203 ], [ -36.10311, -6.42155 ], [ -36.10416, -6.42227 ], [ -36.10622, -6.4237 ], [ -36.10701, -6.42532 ], [ -36.10747, -6.42628 ], [ -36.10748, -6.42628 ], [ -36.10893, -6.42694 ], [ -36.11019, -6.42918 ], [ -36.11179, -6.42939 ], [ -36.11269, -6.42934 ], [ -36.1223, -6.42726 ], [ -36.12741, -6.42521 ], [ -36.1285, -6.42521 ], [ -36.13109, -6.42777 ], [ -36.13181, -6.42816 ], [ -36.13224, -6.42807 ], [ -36.13695, -6.42571 ], [ -36.14118, -6.42667 ], [ -36.14271, -6.42559 ], [ -36.14375, -6.42532 ], [ -36.16761, -6.42933 ], [ -36.17084, -6.43032 ], [ -36.17176, -6.4306 ], [ -36.17236, -6.43063 ], [ -36.17446, -6.43076 ], [ -36.17544, -6.43082 ], [ -36.18035, -6.43036 ], [ -36.18852, -6.43232 ], [ -36.19485, -6.43093 ], [ -36.19568, -6.43109 ], [ -36.19952, -6.43184 ], [ -36.20381, -6.43219 ], [ -36.20383, -6.43219 ], [ -36.20419, -6.43222 ], [ -36.20603, -6.43237 ], [ -36.21175, -6.43283 ], [ -36.22653, -6.43403 ], [ -36.22901, -6.43423 ], [ -36.23711, -6.43545 ], [ -36.23718, -6.43546 ], [ -36.23719, -6.43546 ], [ -36.23891, -6.43572 ], [ -36.2474, -6.437 ], [ -36.2479, -6.43708 ], [ -36.24828, -6.43713 ], [ -36.2484, -6.43715 ], [ -36.24848, -6.43716 ], [ -36.24854, -6.43717 ], [ -36.24861, -6.43719 ], [ -36.24868, -6.4372 ], [ -36.24872, -6.4372 ], [ -36.24875, -6.43721 ], [ -36.24882, -6.43722 ], [ -36.24889, -6.43723 ], [ -36.24896, -6.43724 ], [ -36.24899, -6.43724 ], [ -36.24903, -6.43725 ], [ -36.24906, -6.43725 ], [ -36.2491, -6.43726 ], [ -36.24913, -6.43726 ], [ -36.24917, -6.43727 ], [ -36.24918, -6.43727 ], [ -36.24933, -6.43729 ], [ -36.24947, -6.43731 ], [ -36.24961, -6.43734 ], [ -36.24975, -6.43736 ], [ -36.24975, -6.43736 ], [ -36.24975, -6.43736 ], [ -36.24976, -6.43736 ], [ -36.24977, -6.43736 ], [ -36.24977, -6.43736 ], [ -36.24977, -6.43736 ], [ -36.25116, -6.40442 ], [ -36.25901, -6.40478 ], [ -36.26159, -6.40231 ], [ -36.26224, -6.40228 ], [ -36.26856, -6.40192 ], [ -36.26909, -6.40189 ], [ -36.27216, -6.40107 ], [ -36.27709, -6.39837 ], [ -36.28292, -6.39742 ], [ -36.29161, -6.396 ], [ -36.29522, -6.39456 ], [ -36.29597, -6.39323 ], [ -36.29588, -6.39271 ], [ -36.29543, -6.39012 ], [ -36.29764, -6.3873 ], [ -36.29886, -6.38461 ], [ -36.29924, -6.38206 ], [ -36.29881, -6.37654 ], [ -36.29634, -6.37041 ], [ -36.26583, -6.37987 ], [ -36.24392, -6.39113 ], [ -36.2212, -6.4028 ], [ -36.22021, -6.4029 ] ] ] } },
{ "type": "Feature", "properties": { "CD_MUN": "2400406", "NM_MUN": "Água Nova", "CD_RGI": "240010", "NM_RGI": "Pau dos Ferros", "CD_RGINT": "2403", "NM_RGINT": "Mossoró", "CD_UF": "24", "NM_UF": "Rio Grande do Norte", "SIGLA_UF": "RN", "CD_REGIA": "2", "NM_REGIA": "Nordeste", "SIGLA_RG": "NE", "CD_CONCU": null, "NM_CONCU": null, "AREA_KM2": 50.684 }, "geometry": { "type": "Polygon", "coordinates": [ [ [ -38.31144, -6.17659 ], [ -38.31101, -6.17639 ], [ -38.31038, -6.17672 ], [ -38.30905, -6.1774 ], [ -38.28854, -6.1879 ], [ -38.27878, -6.18086 ], [ -38.27755, -6.18104 ], [ -38.27012, -6.18209 ], [ -38.26675, -6.18418 ], [ -38.27115, -6.19774 ], [ -38.26528, -6.20923 ], [ -38.27197, -6.22262 ], [ -38.27957, -6.23743 ], [ -38.27958, -6.23746 ], [ -38.27971, -6.23759 ], [ -38.28209, -6.23996 ], [ -38.28623, -6.23989 ], [ -38.29039, -6.23622 ], [ -38.29484, -6.23934 ], [ -38.29903, -6.23747 ], [ -38.30158, -6.24131 ], [ -38.31617, -6.23398 ], [ -38.31717, -6.23642 ], [ -38.35737, -6.21755 ], [ -38.35788, -6.21764 ], [ -38.3575, -6.20138 ], [ -38.33991, -6.18959 ], [ -38.31144, -6.17659 ] ] ] } },
{ "type": "Feature", "properties": { "CD_MUN": "2402600", "NM_MUN": "Ceará-Mirim", "CD_RGI": "240001", "NM_RGI": "Natal", "CD_RGINT": "2401", "NM_RGINT": "Natal", "CD_UF": "24", "NM_UF": "Rio Grande do Norte", "SIGLA_UF": "RN", "CD_REGIA": "2", "NM_REGIA": "Nordeste", "SIGLA_RG": "NE", "CD_CONCU": null, "NM_CONCU": null, "AREA_KM2": 724.838 }, "geometry": { "type": "Polygon", "coordinates": [ [ [ -35.44744, -5.73303 ], [ -35.44915, -5.73205 ], [ -35.45057, -5.73091 ], [ -35.45197, -5.72962 ], [ -35.45577, -5.72352 ], [ -35.45637, -5.72181 ], [ -35.45821, -5.71784 ], [ -35.45937, -5.71665 ], [ -35.46096, -5.71602 ], [ -35.46358, -5.71616 ], [ -35.46629, -5.71677 ], [ -35.46809, -5.71687 ], [ -35.47016, -5.71665 ], [ -35.47127, -5.71582 ], [ -35.47177, -5.71443 ], [ -35.47308, -5.71293 ], [ -35.4742, -5.71267 ], [ -35.47685, -5.71276 ], [ -35.47852, -5.71332 ], [ -35.4807, -5.71491 ], [ -35.48236, -5.71763 ], [ -35.48451, -5.71989 ], [ -35.48675, -5.72148 ], [ -35.48844, -5.72121 ], [ -35.49014, -5.72043 ], [ -35.49078, -5.71987 ], [ -35.49114, -5.71956 ], [ -35.49222, -5.71862 ], [ -35.49301, -5.71769 ], [ -35.49418, -5.71681 ], [ -35.49539, -5.71644 ], [ -35.49641, -5.71641 ], [ -35.49744, -5.71679 ], [ -35.49844, -5.71698 ], [ -35.49992, -5.717 ], [ -35.51904, -5.71401 ], [ -35.52871, -5.7125 ], [ -35.54736, -5.70959 ], [ -35.54746, -5.70275 ], [ -35.5519, -5.70335 ], [ -35.55041, -5.69879 ], [ -35.54819, -5.68808 ], [ -35.54695, -5.68757 ], [ -35.54692, -5.68755 ], [ -35.54617, -5.68724 ], [ -35.54611, -5.68722 ], [ -35.49445, -5.666 ], [ -35.51196, -5.65017 ], [ -35.51208, -5.65006 ], [ -35.52028, -5.5864 ], [ -35.52141, -5.57767 ], [ -35.51107, -5.53262 ], [ -35.51059, -5.53055 ], [ -35.50181, -5.4923 ], [ -35.50066, -5.49249 ], [ -35.49759, -5.49173 ], [ -35.49705, -5.49129 ], [ -35.49605, -5.49047 ], [ -35.49554, -5.48987 ], [ -35.49419, -5.4883 ], [ -35.49256, -5.48734 ], [ -35.49007, -5.48692 ], [ -35.48949, -5.48704 ], [ -35.48803, -5.48798 ], [ -35.48707, -5.48836 ], [ -35.48628, -5.48836 ], [ -35.4856, -5.48818 ], [ -35.48474, -5.48759 ], [ -35.48282, -5.48561 ], [ -35.48205, -5.48503 ], [ -35.48128, -5.48472 ], [ -35.47978, -5.48463 ], [ -35.47793, -5.48548 ], [ -35.47723, -5.48564 ], [ -35.47675, -5.48557 ], [ -35.47627, -5.4853 ], [ -35.47559, -5.4844 ], [ -35.47508, -5.48428 ], [ -35.4747, -5.4844 ], [ -35.47448, -5.48515 ], [ -35.47419, -5.48531 ], [ -35.47349, -5.485 ], [ -35.4732, -5.48503 ], [ -35.47206, -5.48581 ], [ -35.47091, -5.48582 ], [ -35.47049, -5.48563 ], [ -35.4703, -5.48532 ], [ -35.4701, -5.48411 ], [ -35.46921, -5.48408 ], [ -35.46885, -5.48384 ], [ -35.46885, -5.483 ], [ -35.46808, -5.48219 ], [ -35.46802, -5.48138 ], [ -35.46785, -5.48123 ], [ -35.46718, -5.48142 ], [ -35.46699, -5.48133 ], [ -35.4668, -5.48006 ], [ -35.46689, -5.47971 ], [ -35.46673, -5.47944 ], [ -35.46603, -5.47934 ], [ -35.46583, -5.47916 ], [ -35.46559, -5.47864 ], [ -35.46516, -5.47842 ], [ -35.46503, -5.4778 ], [ -35.4641, -5.4774 ], [ -35.46394, -5.47668 ], [ -35.46324, -5.47669 ], [ -35.46289, -5.47638 ], [ -35.4625, -5.47638 ], [ -35.46132, -5.4771 ], [ -35.45957, -5.47701 ], [ -35.45912, -5.47664 ], [ -35.45844, -5.47568 ], [ -35.45611, -5.47435 ], [ -35.45549, -5.4734 ], [ -35.45489, -5.47246 ], [ -35.45473, -5.47181 ], [ -35.45482, -5.47063 ], [ -35.45469, -5.4701 ], [ -35.45434, -5.46983 ], [ -35.45296, -5.46968 ], [ -35.45188, -5.47043 ], [ -35.4515, -5.47052 ], [ -35.45094, -5.4703 ], [ -35.45069, -5.47009 ], [ -35.45053, -5.46959 ], [ -35.44999, -5.46907 ], [ -35.44957, -5.46891 ], [ -35.44868, -5.46929 ], [ -35.4483, -5.4691 ], [ -35.44817, -5.46865 ], [ -35.4475, -5.46861 ], [ -35.44708, -5.46883 ], [ -35.44632, -5.46859 ], [ -35.44475, -5.46847 ], [ -35.44401, -5.46788 ], [ -35.44357, -5.46773 ], [ -35.44114, -5.46799 ], [ -35.44072, -5.46789 ], [ -35.43975, -5.46726 ], [ -35.43919, -5.46716 ], [ -35.43877, -5.46731 ], [ -35.43871, -5.46756 ], [ -35.43897, -5.46849 ], [ -35.43802, -5.46937 ], [ -35.43744, -5.46965 ], [ -35.43693, -5.46965 ], [ -35.43546, -5.46919 ], [ -35.43383, -5.46892 ], [ -35.43178, -5.46774 ], [ -35.4299, -5.46691 ], [ -35.42925, -5.46611 ], [ -35.42916, -5.46549 ], [ -35.42861, -5.46486 ], [ -35.42823, -5.46412 ], [ -35.42759, -5.46394 ], [ -35.42675, -5.46332 ], [ -35.42503, -5.46311 ], [ -35.42439, -5.46277 ], [ -35.42426, -5.46231 ], [ -35.42445, -5.46175 ], [ -35.42432, -5.46137 ], [ -35.42342, -5.46097 ], [ -35.4232, -5.4602 ], [ -35.42249, -5.46008 ], [ -35.42138, -5.46052 ], [ -35.42093, -5.46046 ], [ -35.42042, -5.46002 ], [ -35.42019, -5.45959 ], [ -35.41955, -5.45919 ], [ -35.41961, -5.4586 ], [ -35.41882, -5.45838 ], [ -35.41869, -5.45783 ], [ -35.41849, -5.45767 ], [ -35.4177, -5.45767 ], [ -35.41699, -5.45721 ], [ -35.41645, -5.45718 ], [ -35.4153, -5.45793 ], [ -35.41505, -5.45793 ], [ -35.41498, -5.45747 ], [ -35.41444, -5.45716 ], [ -35.41223, -5.45723 ], [ -35.41166, -5.45743 ], [ -35.41026, -5.45851 ], [ -35.40949, -5.45867 ], [ -35.40886, -5.45923 ], [ -35.40873, -5.45973 ], [ -35.40883, -5.46016 ], [ -35.40941, -5.46113 ], [ -35.40919, -5.46137 ], [ -35.40825, -5.46157 ], [ -35.40801, -5.46163 ], [ -35.40743, -5.46154 ], [ -35.40698, -5.46166 ], [ -35.40644, -5.46247 ], [ -35.40565, -5.46282 ], [ -35.4042, -5.46417 ], [ -35.40418, -5.46419 ], [ -35.40351, -5.4646 ], [ -35.40188, -5.46444 ], [ -35.40093, -5.46507 ], [ -35.40058, -5.46507 ], [ -35.40013, -5.46477 ], [ -35.39914, -5.46468 ], [ -35.39831, -5.46418 ], [ -35.3978, -5.46418 ], [ -35.39669, -5.46486 ], [ -35.39547, -5.465 ], [ -35.39515, -5.46531 ], [ -35.39407, -5.46529 ], [ -35.39393, -5.46518 ], [ -35.39368, -5.46498 ], [ -35.39307, -5.46485 ], [ -35.39258, -5.465 ], [ -35.39142, -5.46657 ], [ -35.39075, -5.46685 ], [ -35.38909, -5.46692 ], [ -35.38852, -5.46646 ], [ -35.38749, -5.4664 ], [ -35.38574, -5.46808 ], [ -35.38466, -5.46852 ], [ -35.3838, -5.46859 ], [ -35.38233, -5.46903 ], [ -35.38195, -5.46891 ], [ -35.38156, -5.4685 ], [ -35.38137, -5.46792 ], [ -35.38153, -5.46695 ], [ -35.38034, -5.46615 ], [ -35.38021, -5.46578 ], [ -35.37989, -5.46559 ], [ -35.37865, -5.466 ], [ -35.37727, -5.46582 ], [ -35.37727, -5.46538 ], [ -35.3767, -5.46498 ], [ -35.37638, -5.46442 ], [ -35.37577, -5.4643 ], [ -35.3722, -5.46441 ], [ -35.37088, -5.46473 ], [ -35.37018, -5.4651 ], [ -35.36936, -5.46604 ], [ -35.36537, -5.46835 ], [ -35.36377, -5.4688 ], [ -35.36289, -5.46889 ], [ -35.36209, -5.46948 ], [ -35.35886, -5.46949 ], [ -35.35823, -5.46962 ], [ -35.3574, -5.47006 ], [ -35.35683, -5.47065 ], [ -35.35591, -5.47221 ], [ -35.35543, -5.47271 ], [ -35.35282, -5.47483 ], [ -35.35167, -5.47549 ], [ -35.35072, -5.47655 ], [ -35.34916, -5.47755 ], [ -35.34769, -5.47811 ], [ -35.34586, -5.47828 ], [ -35.34399, -5.47881 ], [ -35.34272, -5.47981 ], [ -35.34134, -5.48135 ], [ -35.34087, -5.48208 ], [ -35.3396, -5.48237 ], [ -35.33555, -5.48431 ], [ -35.33453, -5.48512 ], [ -35.33412, -5.48525 ], [ -35.33383, -5.48562 ], [ -35.33343, -5.48683 ], [ -35.33243, -5.48752 ], [ -35.33151, -5.48871 ], [ -35.33017, -5.48921 ], [ -35.3289, -5.49015 ], [ -35.32794, -5.49012 ], [ -35.32635, -5.49043 ], [ -35.32551, -5.49016 ], [ -35.32394, -5.48885 ], [ -35.32346, -5.48846 ], [ -35.32142, -5.48834 ], [ -35.31622, -5.48932 ], [ -35.31472, -5.48945 ], [ -35.31395, -5.48989 ], [ -35.3131, -5.49108 ], [ -35.31259, -5.4913 ], [ -35.31212, -5.4913 ], [ -35.31007, -5.49066 ], [ -35.30936, -5.49028 ], [ -35.30891, -5.48979 ], [ -35.30881, -5.48867 ], [ -35.30852, -5.48824 ], [ -35.3066, -5.48768 ], [ -35.30586, -5.48685 ], [ -35.30532, -5.48676 ], [ -35.30446, -5.48729 ], [ -35.30369, -5.48742 ], [ -35.30149, -5.48676 ], [ -35.2999, -5.48724 ], [ -35.29836, -5.48694 ], [ -35.2975, -5.48707 ], [ -35.29683, -5.48785 ], [ -35.2961, -5.48838 ], [ -35.29591, -5.48875 ], [ -35.29607, -5.49012 ], [ -35.29656, -5.49133 ], [ -35.2964, -5.49186 ], [ -35.29601, -5.49224 ], [ -35.29429, -5.49261 ], [ -35.29343, -5.49317 ], [ -35.29222, -5.49342 ], [ -35.29126, -5.49411 ], [ -35.28983, -5.49399 ], [ -35.2889, -5.49446 ], [ -35.28702, -5.49462 ], [ -35.2856, -5.49394 ], [ -35.28481, -5.49373 ], [ -35.28449, -5.49293 ], [ -35.28411, -5.49262 ], [ -35.28356, -5.49262 ], [ -35.28207, -5.49334 ], [ -35.28175, -5.49374 ], [ -35.28153, -5.49489 ], [ -35.28089, -5.49508 ], [ -35.28051, -5.49577 ], [ -35.27962, -5.49627 ], [ -35.2794, -5.49661 ], [ -35.27946, -5.49698 ], [ -35.28004, -5.49751 ], [ -35.28007, -5.49788 ], [ -35.27931, -5.49826 ], [ -35.27918, -5.49854 ], [ -35.27944, -5.49993 ], [ -35.27941, -5.50049 ], [ -35.27909, -5.50105 ], [ -35.27887, -5.50127 ], [ -35.27842, -5.50133 ], [ -35.27747, -5.50106 ], [ -35.27663, -5.50109 ], [ -35.27523, -5.50163 ], [ -35.27524, -5.5017 ], [ -35.27398, -5.50314 ], [ -35.27402, -5.50379 ], [ -35.27385, -5.50399 ], [ -35.27369, -5.50412 ], [ -35.27339, -5.50428 ], [ -35.27315, -5.50438 ], [ -35.27291, -5.50454 ], [ -35.27274, -5.50467 ], [ -35.27266, -5.5049 ], [ -35.27263, -5.50514 ], [ -35.27263, -5.50532 ], [ -35.27258, -5.50545 ], [ -35.27228, -5.50559 ], [ -35.27208, -5.50568 ], [ -35.27191, -5.50589 ], [ -35.27191, -5.50615 ], [ -35.27191, -5.50647 ], [ -35.27192, -5.5067 ], [ -35.2719, -5.50684 ], [ -35.27181, -5.50693 ], [ -35.2716, -5.50687 ], [ -35.27128, -5.50676 ], [ -35.27095, -5.50668 ], [ -35.27073, -5.50657 ], [ -35.27048, -5.50635 ], [ -35.27015, -5.50635 ], [ -35.26998, -5.5064 ], [ -35.26962, -5.50657 ], [ -35.26953, -5.50671 ], [ -35.26957, -5.50689 ], [ -35.26965, -5.50708 ], [ -35.26989, -5.50726 ], [ -35.27028, -5.50756 ], [ -35.27063, -5.5078 ], [ -35.27067, -5.50795 ], [ -35.27071, -5.50828 ], [ -35.27064, -5.50861 ], [ -35.27086, -5.50887 ], [ -35.2713, -5.50903 ], [ -35.27155, -5.50912 ], [ -35.2717, -5.50913 ], [ -35.27188, -5.50932 ], [ -35.27181, -5.50953 ], [ -35.27172, -5.50969 ], [ -35.27163, -5.50987 ], [ -35.2717, -5.51016 ], [ -35.27169, -5.51049 ], [ -35.27169, -5.51087 ], [ -35.27169, -5.51116 ], [ -35.27163, -5.5114 ], [ -35.27167, -5.51176 ], [ -35.27163, -5.51198 ], [ -35.27163, -5.51231 ], [ -35.27154, -5.51262 ], [ -35.27145, -5.51287 ], [ -35.27136, -5.51309 ], [ -35.27127, -5.51343 ], [ -35.27107, -5.51371 ], [ -35.27101, -5.51398 ], [ -35.2709, -5.51423 ], [ -35.2709, -5.51449 ], [ -35.27072, -5.51492 ], [ -35.27065, -5.51531 ], [ -35.27054, -5.51572 ], [ -35.2703, -5.51609 ], [ -35.27021, -5.51649 ], [ -35.27003, -5.51687 ], [ -35.2699, -5.51727 ], [ -35.26963, -5.51774 ], [ -35.26932, -5.51801 ], [ -35.26903, -5.51825 ], [ -35.26881, -5.51841 ], [ -35.26851, -5.51861 ], [ -35.26814, -5.51888 ], [ -35.26772, -5.51908 ], [ -35.26736, -5.51932 ], [ -35.26722, -5.51942 ], [ -35.26709, -5.51952 ], [ -35.26698, -5.5196 ], [ -35.26655, -5.51995 ], [ -35.26591, -5.52045 ], [ -35.26516, -5.52127 ], [ -35.26456, -5.52224 ], [ -35.2638, -5.52323 ], [ -35.26298, -5.52423 ], [ -35.26245, -5.52526 ], [ -35.26226, -5.52628 ], [ -35.26201, -5.52707 ], [ -35.26172, -5.52752 ], [ -35.26147, -5.52777 ], [ -35.26116, -5.528 ], [ -35.26086, -5.52824 ], [ -35.2605, -5.52852 ], [ -35.26028, -5.52859 ], [ -35.26, -5.52893 ], [ -35.25969, -5.52898 ], [ -35.25951, -5.5291 ], [ -35.25939, -5.52912 ], [ -35.25929, -5.52909 ], [ -35.25903, -5.52919 ], [ -35.25889, -5.52923 ], [ -35.25876, -5.52924 ], [ -35.2586, -5.52942 ], [ -35.25852, -5.52972 ], [ -35.25845, -5.53005 ], [ -35.25838, -5.53037 ], [ -35.25791, -5.53052 ], [ -35.25764, -5.53061 ], [ -35.25739, -5.53055 ], [ -35.25729, -5.53037 ], [ -35.25691, -5.53028 ], [ -35.25648, -5.53026 ], [ -35.25623, -5.52991 ], [ -35.25617, -5.52947 ], [ -35.2561, -5.52908 ], [ -35.25614, -5.52876 ], [ -35.25632, -5.52843 ], [ -35.25651, -5.52815 ], [ -35.25668, -5.52782 ], [ -35.25705, -5.52775 ], [ -35.25727, -5.52798 ], [ -35.25741, -5.52788 ], [ -35.25747, -5.52768 ], [ -35.25756, -5.52682 ], [ -35.25734, -5.52662 ], [ -35.257, -5.52639 ], [ -35.25664, -5.52624 ], [ -35.2559, -5.5261 ], [ -35.25567, -5.52581 ], [ -35.25561, -5.52555 ], [ -35.25554, -5.52529 ], [ -35.25533, -5.52446 ], [ -35.25517, -5.52389 ], [ -35.25535, -5.52353 ], [ -35.25571, -5.52319 ], [ -35.25563, -5.52267 ], [ -35.25535, -5.52199 ], [ -35.25518, -5.52116 ], [ -35.25493, -5.52069 ], [ -35.25427, -5.52067 ], [ -35.25395, -5.5206 ], [ -35.25366, -5.52033 ], [ -35.25351, -5.52019 ], [ -35.25348, -5.5199 ], [ -35.25385, -5.51953 ], [ -35.25612, -5.51732 ], [ -35.25583, -5.51687 ], [ -35.2556, -5.51712 ], [ -35.25503, -5.51753 ], [ -35.25455, -5.51775 ], [ -35.25388, -5.51781 ], [ -35.25312, -5.51789 ], [ -35.25243, -5.51788 ], [ -35.25192, -5.51775 ], [ -35.25141, -5.51754 ], [ -35.25115, -5.51743 ], [ -35.25032, -5.5169 ], [ -35.24976, -5.51646 ], [ -35.24921, -5.51603 ], [ -35.24844, -5.51557 ], [ -35.24809, -5.51543 ], [ -35.24786, -5.51542 ], [ -35.24766, -5.51549 ], [ -35.24764, -5.5157 ], [ -35.24772, -5.51597 ], [ -35.24799, -5.51622 ], [ -35.24831, -5.51645 ], [ -35.24861, -5.51689 ], [ -35.24864, -5.51724 ], [ -35.24861, -5.51756 ], [ -35.24856, -5.51791 ], [ -35.24867, -5.51822 ], [ -35.24918, -5.5184 ], [ -35.24979, -5.51851 ], [ -35.25005, -5.51873 ], [ -35.25043, -5.5191 ], [ -35.25058, -5.5194 ], [ -35.25078, -5.51992 ], [ -35.25086, -5.52032 ], [ -35.25103, -5.5206 ], [ -35.25119, -5.52072 ], [ -35.25141, -5.52082 ], [ -35.25171, -5.52098 ], [ -35.25173, -5.52122 ], [ -35.25159, -5.52146 ], [ -35.25144, -5.52162 ], [ -35.25111, -5.5217 ], [ -35.25065, -5.52167 ], [ -35.25025, -5.52157 ], [ -35.25004, -5.52164 ], [ -35.24992, -5.52204 ], [ -35.24989, -5.5225 ], [ -35.24999, -5.52284 ], [ -35.25015, -5.52326 ], [ -35.25024, -5.52366 ], [ -35.25021, -5.52401 ], [ -35.25009, -5.52471 ], [ -35.25006, -5.52524 ], [ -35.24993, -5.52586 ], [ -35.24977, -5.52642 ], [ -35.24942, -5.52707 ], [ -35.24911, -5.52754 ], [ -35.24898, -5.52768 ], [ -35.24876, -5.52781 ], [ -35.24846, -5.52796 ], [ -35.24836, -5.52823 ], [ -35.24833, -5.52861 ], [ -35.24848, -5.52896 ], [ -35.24867, -5.52919 ], [ -35.24871, -5.52943 ], [ -35.24869, -5.5298 ], [ -35.24861, -5.53079 ], [ -35.24864, -5.53247 ], [ -35.24869, -5.53289 ], [ -35.24891, -5.53362 ], [ -35.24925, -5.53517 ], [ -35.24942, -5.53712 ], [ -35.24949, -5.53919 ], [ -35.24931, -5.54127 ], [ -35.24914, -5.54292 ], [ -35.24882, -5.54454 ], [ -35.2484, -5.54611 ], [ -35.24793, -5.54746 ], [ -35.24692, -5.55033 ], [ -35.24639, -5.5517 ], [ -35.24585, -5.55314 ], [ -35.24473, -5.55593 ], [ -35.24402, -5.55729 ], [ -35.24369, -5.55793 ], [ -35.2426, -5.55936 ], [ -35.24203, -5.56006 ], [ -35.24154, -5.56051 ], [ -35.24054, -5.56136 ], [ -35.24027, -5.56159 ], [ -35.2399, -5.56188 ], [ -35.23917, -5.56248 ], [ -35.23907, -5.56256 ], [ -35.2388, -5.56287 ], [ -35.23871, -5.56302 ], [ -35.23832, -5.56371 ], [ -35.2383, -5.56375 ], [ -35.23795, -5.56447 ], [ -35.23778, -5.56509 ], [ -35.23768, -5.56546 ], [ -35.23757, -5.56632 ], [ -35.23752, -5.56674 ], [ -35.23751, -5.56728 ], [ -35.23739, -5.5683 ], [ -35.23722, -5.56908 ], [ -35.23692, -5.56997 ], [ -35.23662, -5.57069 ], [ -35.23656, -5.57083 ], [ -35.2362, -5.57148 ], [ -35.23573, -5.57222 ], [ -35.23534, -5.57256 ], [ -35.23466, -5.57312 ], [ -35.2343, -5.57341 ], [ -35.23383, -5.57377 ], [ -35.23342, -5.5741 ], [ -35.2333, -5.57417 ], [ -35.23214, -5.57487 ], [ -35.23145, -5.57515 ], [ -35.23114, -5.57521 ], [ -35.23069, -5.57529 ], [ -35.22995, -5.57518 ], [ -35.22994, -5.57517 ], [ -35.22949, -5.57493 ], [ -35.22911, -5.57459 ], [ -35.22881, -5.57453 ], [ -35.22877, -5.57453 ], [ -35.22864, -5.57455 ], [ -35.22848, -5.57474 ], [ -35.22828, -5.57505 ], [ -35.22791, -5.57607 ], [ -35.22761, -5.57716 ], [ -35.22664, -5.57976 ], [ -35.22619, -5.58105 ], [ -35.22609, -5.5816 ], [ -35.22617, -5.58248 ], [ -35.22642, -5.58335 ], [ -35.22661, -5.5846 ], [ -35.22689, -5.58568 ], [ -35.22707, -5.58639 ], [ -35.22725, -5.58758 ], [ -35.22721, -5.5888 ], [ -35.22699, -5.58967 ], [ -35.22658, -5.59037 ], [ -35.22632, -5.59058 ], [ -35.22616, -5.59065 ], [ -35.22573, -5.59041 ], [ -35.2257, -5.5904 ], [ -35.2255, -5.59051 ], [ -35.22545, -5.59061 ], [ -35.22524, -5.59096 ], [ -35.22516, -5.59131 ], [ -35.22517, -5.5917 ], [ -35.22519, -5.59218 ], [ -35.22521, -5.59278 ], [ -35.22515, -5.59336 ], [ -35.22504, -5.59405 ], [ -35.225, -5.59427 ], [ -35.22492, -5.59472 ], [ -35.22494, -5.59498 ], [ -35.22493, -5.59626 ], [ -35.22495, -5.59777 ], [ -35.22509, -5.5995 ], [ -35.22529, -5.6013 ], [ -35.22539, -5.60191 ], [ -35.22589, -5.60338 ], [ -35.22645, -5.60534 ], [ -35.2268, -5.60693 ], [ -35.22706, -5.60854 ], [ -35.22722, -5.60976 ], [ -35.22718, -5.61099 ], [ -35.22713, -5.61212 ], [ -35.22713, -5.61215 ], [ -35.2277, -5.61225 ], [ -35.22839, -5.61237 ], [ -35.23518, -5.61383 ], [ -35.26915, -5.62099 ], [ -35.27929, -5.62313 ], [ -35.27937, -5.62314 ], [ -35.28044, -5.62337 ], [ -35.28481, -5.62429 ], [ -35.29275, -5.63514 ], [ -35.29323, -5.6358 ], [ -35.31231, -5.66188 ], [ -35.32559, -5.68004 ], [ -35.32576, -5.68027 ], [ -35.33585, -5.69406 ], [ -35.33603, -5.6943 ], [ -35.3516, -5.7156 ], [ -35.36103, -5.72851 ], [ -35.36114, -5.7285 ], [ -35.36169, -5.72906 ], [ -35.36955, -5.7291 ], [ -35.37087, -5.7294 ], [ -35.37136, -5.72955 ], [ -35.37709, -5.73135 ], [ -35.37853, -5.7318 ], [ -35.38192, -5.73338 ], [ -35.38225, -5.73362 ], [ -35.38384, -5.73473 ], [ -35.38448, -5.73496 ], [ -35.3859, -5.73517 ], [ -35.38713, -5.73536 ], [ -35.39629, -5.73607 ], [ -35.40561, -5.73747 ], [ -35.40996, -5.7378 ], [ -35.41337, -5.73744 ], [ -35.41961, -5.73548 ], [ -35.42033, -5.73528 ], [ -35.42629, -5.73367 ], [ -35.42851, -5.73331 ], [ -35.43216, -5.73271 ], [ -35.43495, -5.73285 ], [ -35.43622, -5.7331 ], [ -35.43874, -5.73412 ], [ -35.43968, -5.73478 ], [ -35.4405, -5.73497 ], [ -35.44231, -5.73456 ], [ -35.44524, -5.73389 ], [ -35.44686, -5.73336 ], [ -35.44744, -5.73303 ] ] ] } },
{ "type": "Feature", "properties": { "CD_MUN": "2401701", "NM_MUN": "Bom Jesus", "CD_RGI": "240001", "NM_RGI": "Natal", "CD_RGINT": "2401", "NM_RGINT": "Natal", "CD_UF": "24", "NM_UF": "Rio Grande do Norte", "SIGLA_UF": "RN", "CD_REGIA": "2", "NM_REGIA": "Nordeste", "SIGLA_RG": "NE", "CD_CONCU": null, "NM_CONCU": null, "AREA_KM2": 122.035 }, "geometry": { "type": "Polygon", "coordinates": [ [ [ -35.53975, -6.00159 ], [ -35.54124, -6.00533 ], [ -35.55773, -6.04678 ], [ -35.57078, -6.07954 ], [ -35.62256, -6.03667 ], [ -35.64748, -6.01604 ], [ -35.65019, -5.97644 ], [ -35.60615, -5.95151 ], [ -35.60141, -5.94882 ], [ -35.57223, -5.93231 ], [ -35.55592, -5.9482 ], [ -35.55562, -5.9485 ], [ -35.54704, -5.97072 ], [ -35.54353, -5.9798 ], [ -35.54103, -5.98629 ], [ -35.54095, -5.98649 ], [ -35.54086, -5.98671 ], [ -35.5374, -5.99568 ], [ -35.53748, -5.99589 ], [ -35.53975, -6.00159 ] ] ] } },
{ "type": "Feature", "properties": { "CD_MUN": "2414456", "NM_MUN": "Triunfo Potiguar", "CD_RGI": "240011", "NM_RGI": "Açu", "CD_RGINT": "2403", "NM_RGINT": "Mossoró", "CD_UF": "24", "NM_UF": "Rio Grande do Norte", "SIGLA_UF": "RN", "CD_REGIA": "2", "NM_REGIA": "Nordeste", "SIGLA_RG": "NE", "CD_CONCU": null, "NM_CONCU": null, "AREA_KM2": 268.725 }, "geometry": { "type": "Polygon", "coordinates": [ [ [ -37.23359, -5.93943 ], [ -37.26045, -5.90857 ], [ -37.22862, -5.86733 ], [ -37.22833, -5.86695 ], [ -37.22793, -5.86644 ], [ -37.19496, -5.82374 ], [ -37.14873, -5.86634 ], [ -37.13063, -5.87313 ], [ -37.10143, -5.8724 ], [ -37.1012, -5.87239 ], [ -37.03579, -5.89101 ], [ -37.03558, -5.89107 ], [ -37.05283, -5.94256 ], [ -37.06225, -5.97064 ], [ -37.06688, -5.98449 ], [ -37.06692, -5.9846 ], [ -37.12216, -5.95487 ], [ -37.12869, -5.9564 ], [ -37.13189, -5.96336 ], [ -37.13117, -5.96809 ], [ -37.14329, -5.97921 ], [ -37.14794, -5.99086 ], [ -37.15449, -5.99255 ], [ -37.15457, -5.99285 ], [ -37.15458, -5.99289 ], [ -37.15467, -5.99319 ], [ -37.15901, -6.00903 ], [ -37.15943, -6.01056 ], [ -37.16234, -6.02117 ], [ -37.23359, -5.93943 ] ] ] } },
{ "type": "Feature", "properties": { "CD_MUN": "2408102", "NM_MUN": "Natal", "CD_RGI": "240001", "NM_RGI": "Natal", "CD_RGINT": "2401", "NM_RGINT": "Natal", "CD_UF": "24", "NM_UF": "Rio Grande do Norte", "SIGLA_UF": "RN", "CD_REGIA": "2", "NM_REGIA": "Nordeste", "SIGLA_RG": "NE", "CD_CONCU": "2408102", "NM_CONCU": "Natal\/RN", "AREA_KM2": 167.401 }, "geometry": { "type": "Polygon", "coordinates": [ [ [ -35.21794, -5.86857 ], [ -35.21819, -5.86911 ], [ -35.21859, -5.86996 ], [ -35.21898, -5.87087 ], [ -35.21953, -5.87207 ], [ -35.21978, -5.87239 ], [ -35.21978, -5.8724 ], [ -35.22068, -5.87357 ], [ -35.22152, -5.87478 ], [ -35.22327, -5.87711 ], [ -35.22363, -5.87761 ], [ -35.224, -5.8781 ], [ -35.22405, -5.87825 ], [ -35.22488, -5.88059 ], [ -35.22506, -5.88109 ], [ -35.22509, -5.88107 ], [ -35.22541, -5.88082 ], [ -35.22547, -5.88077 ], [ -35.22603, -5.88032 ], [ -35.22696, -5.87903 ], [ -35.22764, -5.87808 ], [ -35.22793, -5.87768 ], [ -35.22833, -5.87734 ], [ -35.22909, -5.87671 ], [ -35.22991, -5.87661 ], [ -35.23108, -5.87647 ], [ -35.23145, -5.87627 ], [ -35.23182, -5.87607 ], [ -35.23244, -5.87557 ], [ -35.23465, -5.87377 ], [ -35.23591, -5.87274 ], [ -35.23679, -5.8715 ], [ -35.23767, -5.86941 ], [ -35.23954, -5.86798 ], [ -35.24136, -5.8663 ], [ -35.24286, -5.86491 ], [ -35.2434, -5.86462 ], [ -35.2446, -5.86451 ], [ -35.24599, -5.86413 ], [ -35.24642, -5.86387 ], [ -35.24742, -5.86378 ], [ -35.24825, -5.86398 ], [ -35.2493, -5.86466 ], [ -35.25079, -5.86531 ], [ -35.25201, -5.86564 ], [ -35.25355, -5.86577 ], [ -35.25404, -5.86581 ], [ -35.2543, -5.86558 ], [ -35.25439, -5.86538 ], [ -35.25566, -5.86465 ], [ -35.25567, -5.86464 ], [ -35.25568, -5.86464 ], [ -35.25568, -5.86463 ], [ -35.25605, -5.86406 ], [ -35.25654, -5.86372 ], [ -35.25737, -5.86314 ], [ -35.25756, -5.86301 ], [ -35.2577, -5.86291 ], [ -35.25771, -5.86291 ], [ -35.25792, -5.86276 ], [ -35.25796, -5.86274 ], [ -35.25811, -5.86258 ], [ -35.25834, -5.86236 ], [ -35.25859, -5.86211 ], [ -35.25859, -5.86211 ], [ -35.25869, -5.86202 ], [ -35.25898, -5.86173 ], [ -35.25968, -5.86105 ], [ -35.26005, -5.86068 ], [ -35.26008, -5.86066 ], [ -35.26068, -5.86007 ], [ -35.26125, -5.85949 ], [ -35.26128, -5.85946 ], [ -35.26188, -5.85892 ], [ -35.2622, -5.85863 ], [ -35.26257, -5.85834 ], [ -35.26257, -5.85833 ], [ -35.26446, -5.85684 ], [ -35.26488, -5.85668 ], [ -35.2653, -5.85637 ], [ -35.26531, -5.85637 ], [ -35.26589, -5.85626 ], [ -35.26675, -5.85609 ], [ -35.26725, -5.85602 ], [ -35.26806, -5.85586 ], [ -35.26852, -5.85582 ], [ -35.26891, -5.85582 ], [ -35.2701, -5.85581 ], [ -35.27037, -5.85579 ], [ -35.27106, -5.85575 ], [ -35.27231, -5.85552 ], [ -35.27292, -5.85526 ], [ -35.2734, -5.85517 ], [ -35.27368, -5.85512 ], [ -35.27418, -5.85502 ], [ -35.27418, -5.85502 ], [ -35.27423, -5.85501 ], [ -35.2747, -5.85491 ], [ -35.2765, -5.85456 ], [ -35.2765, -5.85456 ], [ -35.27664, -5.85453 ], [ -35.27736, -5.8544 ], [ -35.27736, -5.8544 ], [ -35.27835, -5.8542 ], [ -35.27881, -5.8539 ], [ -35.27906, -5.85354 ], [ -35.27906, -5.85353 ], [ -35.27942, -5.8531 ], [ -35.27959, -5.85268 ], [ -35.27992, -5.85235 ], [ -35.28024, -5.85206 ], [ -35.28024, -5.85206 ], [ -35.28087, -5.8517 ], [ -35.28088, -5.8517 ], [ -35.28111, -5.85148 ], [ -35.28111, -5.85148 ], [ -35.28139, -5.85126 ], [ -35.28139, -5.85126 ], [ -35.28164, -5.85097 ], [ -35.28164, -5.85097 ], [ -35.28199, -5.85065 ], [ -35.282, -5.85065 ], [ -35.28221, -5.85023 ], [ -35.28231, -5.85003 ], [ -35.28241, -5.84982 ], [ -35.28253, -5.84958 ], [ -35.28253, -5.84952 ], [ -35.28253, -5.84952 ], [ -35.28257, -5.84851 ], [ -35.28257, -5.8485 ], [ -35.28258, -5.84822 ], [ -35.28262, -5.84704 ], [ -35.28267, -5.84598 ], [ -35.28269, -5.8455 ], [ -35.28264, -5.84481 ], [ -35.28256, -5.84385 ], [ -35.28246, -5.84206 ], [ -35.28282, -5.83959 ], [ -35.28305, -5.838 ], [ -35.28246, -5.83678 ], [ -35.28071, -5.83655 ], [ -35.28091, -5.83591 ], [ -35.28163, -5.83368 ], [ -35.28172, -5.83173 ], [ -35.28196, -5.83006 ], [ -35.28197, -5.82947 ], [ -35.28198, -5.82844 ], [ -35.28189, -5.82686 ], [ -35.28183, -5.82542 ], [ -35.28152, -5.82204 ], [ -35.2808, -5.82069 ], [ -35.27966, -5.81892 ], [ -35.27838, -5.8183 ], [ -35.27605, -5.81772 ], [ -35.27445, -5.81699 ], [ -35.27247, -5.81487 ], [ -35.27086, -5.81357 ], [ -35.27076, -5.81348 ], [ -35.26689, -5.81157 ], [ -35.26517, -5.81114 ], [ -35.26386, -5.81076 ], [ -35.26295, -5.81045 ], [ -35.26252, -5.81031 ], [ -35.26179, -5.81006 ], [ -35.26146, -5.81009 ], [ -35.26124, -5.81003 ], [ -35.25846, -5.80838 ], [ -35.2573, -5.80704 ], [ -35.25554, -5.80503 ], [ -35.25393, -5.80215 ], [ -35.25309, -5.79943 ], [ -35.25228, -5.7982 ], [ -35.25209, -5.79697 ], [ -35.25168, -5.79442 ], [ -35.25178, -5.79118 ], [ -35.2511, -5.78796 ], [ -35.24971, -5.78573 ], [ -35.24811, -5.78393 ], [ -35.24756, -5.78225 ], [ -35.24791, -5.78138 ], [ -35.24792, -5.78135 ], [ -35.24805, -5.78099 ], [ -35.24817, -5.78067 ], [ -35.2482, -5.78057 ], [ -35.2482, -5.78057 ], [ -35.24855, -5.77962 ], [ -35.24878, -5.77898 ], [ -35.24879, -5.77894 ], [ -35.24879, -5.77894 ], [ -35.24886, -5.77875 ], [ -35.24887, -5.77873 ], [ -35.24887, -5.77872 ], [ -35.249, -5.7783 ], [ -35.24901, -5.77829 ], [ -35.24901, -5.77827 ], [ -35.24903, -5.77823 ], [ -35.24906, -5.77818 ], [ -35.24911, -5.77811 ], [ -35.24913, -5.77807 ], [ -35.24925, -5.77792 ], [ -35.24931, -5.77783 ], [ -35.24935, -5.77777 ], [ -35.24935, -5.77777 ], [ -35.2494, -5.77772 ], [ -35.24951, -5.77763 ], [ -35.24961, -5.77754 ], [ -35.24962, -5.77753 ], [ -35.24963, -5.77753 ], [ -35.24967, -5.77749 ], [ -35.24986, -5.77733 ], [ -35.24989, -5.77729 ], [ -35.25006, -5.77722 ], [ -35.25035, -5.77708 ], [ -35.25135, -5.77663 ], [ -35.25152, -5.7766 ], [ -35.25152, -5.7766 ], [ -35.25173, -5.77652 ], [ -35.25186, -5.77648 ], [ -35.25229, -5.77632 ], [ -35.25248, -5.77626 ], [ -35.25306, -5.77604 ], [ -35.25369, -5.77582 ], [ -35.25474, -5.77544 ], [ -35.255, -5.77533 ], [ -35.25564, -5.77508 ], [ -35.25564, -5.77508 ], [ -35.2557, -5.77506 ], [ -35.25621, -5.77487 ], [ -35.25695, -5.77459 ], [ -35.25716, -5.77452 ], [ -35.25806, -5.77418 ], [ -35.25815, -5.77415 ], [ -35.25871, -5.77394 ], [ -35.2597, -5.77357 ], [ -35.26055, -5.77325 ], [ -35.26116, -5.77303 ], [ -35.26167, -5.77283 ], [ -35.26201, -5.77271 ], [ -35.26669, -5.77092 ], [ -35.26671, -5.77091 ], [ -35.26694, -5.77082 ], [ -35.26696, -5.77081 ], [ -35.26743, -5.77065 ], [ -35.26789, -5.77049 ], [ -35.26837, -5.77032 ], [ -35.26863, -5.77022 ], [ -35.26893, -5.77011 ], [ -35.26925, -5.77 ], [ -35.26985, -5.76977 ], [ -35.26989, -5.76976 ], [ -35.27032, -5.7696 ], [ -35.27089, -5.76939 ], [ -35.27164, -5.7691 ], [ -35.27203, -5.76896 ], [ -35.27205, -5.76895 ], [ -35.27251, -5.76878 ], [ -35.27287, -5.76864 ], [ -35.27334, -5.76846 ], [ -35.27404, -5.76819 ], [ -35.27418, -5.76814 ], [ -35.27427, -5.7681 ], [ -35.27453, -5.76801 ], [ -35.27482, -5.7679 ], [ -35.27502, -5.76782 ], [ -35.27518, -5.76776 ], [ -35.27567, -5.76757 ], [ -35.27693, -5.76708 ], [ -35.27736, -5.76692 ], [ -35.27768, -5.76679 ], [ -35.27823, -5.76658 ], [ -35.27824, -5.76658 ], [ -35.27859, -5.76644 ], [ -35.27906, -5.76626 ], [ -35.27973, -5.766 ], [ -35.27977, -5.76599 ], [ -35.27976, -5.76598 ], [ -35.28006, -5.76588 ], [ -35.28098, -5.76553 ], [ -35.28147, -5.76535 ], [ -35.2827, -5.76489 ], [ -35.28302, -5.76477 ], [ -35.28373, -5.76451 ], [ -35.28377, -5.76449 ], [ -35.28401, -5.7644 ], [ -35.28467, -5.76416 ], [ -35.28495, -5.76406 ], [ -35.28563, -5.76381 ], [ -35.28564, -5.76381 ], [ -35.28657, -5.7635 ], [ -35.28677, -5.76322 ], [ -35.28682, -5.76315 ], [ -35.28688, -5.76303 ], [ -35.28692, -5.76296 ], [ -35.28699, -5.76284 ], [ -35.28709, -5.76263 ], [ -35.28727, -5.76207 ], [ -35.2874, -5.76159 ], [ -35.2875, -5.7612 ], [ -35.28751, -5.76117 ], [ -35.28752, -5.76115 ], [ -35.28794, -5.75948 ], [ -35.28795, -5.75944 ], [ -35.28803, -5.75912 ], [ -35.28811, -5.75887 ], [ -35.28813, -5.75879 ], [ -35.28831, -5.75797 ], [ -35.28834, -5.75783 ], [ -35.28842, -5.75725 ], [ -35.28843, -5.75719 ], [ -35.28843, -5.75718 ], [ -35.28843, -5.75717 ], [ -35.28861, -5.75569 ], [ -35.28889, -5.7534 ], [ -35.2889, -5.75333 ], [ -35.28891, -5.75323 ], [ -35.28899, -5.75265 ], [ -35.2891, -5.75163 ], [ -35.2891, -5.75163 ], [ -35.28929, -5.74997 ], [ -35.2893, -5.74991 ], [ -35.28931, -5.74984 ], [ -35.28944, -5.74877 ], [ -35.28959, -5.74765 ], [ -35.28961, -5.74744 ], [ -35.28966, -5.74707 ], [ -35.28967, -5.74704 ], [ -35.28967, -5.74699 ], [ -35.2899, -5.74509 ], [ -35.29017, -5.74286 ], [ -35.29038, -5.74052 ], [ -35.29043, -5.74024 ], [ -35.29058, -5.73897 ], [ -35.29075, -5.73751 ], [ -35.29079, -5.73723 ], [ -35.29091, -5.7362 ], [ -35.29117, -5.73411 ], [ -35.29127, -5.73308 ], [ -35.29134, -5.7325 ], [ -35.29107, -5.73095 ], [ -35.29017, -5.72979 ], [ -35.28895, -5.72873 ], [ -35.28687, -5.72721 ], [ -35.28595, -5.72654 ], [ -35.28577, -5.72646 ], [ -35.28185, -5.72462 ], [ -35.28106, -5.72425 ], [ -35.28019, -5.72383 ], [ -35.27975, -5.72363 ], [ -35.27974, -5.72363 ], [ -35.27946, -5.72352 ], [ -35.27844, -5.72312 ], [ -35.27827, -5.72299 ], [ -35.27759, -5.72253 ], [ -35.27755, -5.72251 ], [ -35.27743, -5.72247 ], [ -35.27726, -5.72236 ], [ -35.27706, -5.72222 ], [ -35.2767, -5.72187 ], [ -35.2765, -5.72165 ], [ -35.27631, -5.72136 ], [ -35.27616, -5.72115 ], [ -35.27591, -5.72075 ], [ -35.27519, -5.71959 ], [ -35.27504, -5.71929 ], [ -35.27456, -5.71827 ], [ -35.27432, -5.71775 ], [ -35.27399, -5.71703 ], [ -35.27395, -5.71695 ], [ -35.27382, -5.71669 ], [ -35.27327, -5.71557 ], [ -35.27298, -5.71508 ], [ -35.27238, -5.7141 ], [ -35.27237, -5.71409 ], [ -35.27236, -5.71407 ], [ -35.27168, -5.71316 ], [ -35.27137, -5.71277 ], [ -35.27103, -5.71233 ], [ -35.26898, -5.70988 ], [ -35.26872, -5.70954 ], [ -35.26794, -5.70851 ], [ -35.26708, -5.70718 ], [ -35.26635, -5.70584 ], [ -35.26622, -5.70555 ], [ -35.26568, -5.70437 ], [ -35.26554, -5.70405 ], [ -35.26356, -5.70507 ], [ -35.26159, -5.7061 ], [ -35.26037, -5.70719 ], [ -35.26033, -5.70707 ], [ -35.26032, -5.70706 ], [ -35.25995, -5.70621 ], [ -35.25807, -5.70789 ], [ -35.25801, -5.70794 ], [ -35.25725, -5.70855 ], [ -35.25674, -5.709 ], [ -35.25645, -5.70917 ], [ -35.25606, -5.70939 ], [ -35.25533, -5.70981 ], [ -35.25468, -5.7101 ], [ -35.25408, -5.71003 ], [ -35.25342, -5.70993 ], [ -35.25311, -5.70991 ], [ -35.25276, -5.70991 ], [ -35.25246, -5.71001 ], [ -35.25225, -5.71013 ], [ -35.25197, -5.71013 ], [ -35.25157, -5.71004 ], [ -35.25093, -5.70986 ], [ -35.25057, -5.70997 ], [ -35.2499, -5.71016 ], [ -35.2492, -5.71056 ], [ -35.24847, -5.71104 ], [ -35.24751, -5.71164 ], [ -35.24688, -5.71208 ], [ -35.24673, -5.71244 ], [ -35.24673, -5.7134 ], [ -35.24644, -5.7138 ], [ -35.24585, -5.71421 ], [ -35.24497, -5.71503 ], [ -35.24471, -5.71535 ], [ -35.24437, -5.71578 ], [ -35.24365, -5.71632 ], [ -35.24327, -5.71664 ], [ -35.24305, -5.71683 ], [ -35.2429, -5.71683 ], [ -35.24245, -5.71678 ], [ -35.24221, -5.71656 ], [ -35.24195, -5.71635 ], [ -35.24173, -5.71607 ], [ -35.24112, -5.71609 ], [ -35.24061, -5.71603 ], [ -35.24041, -5.716 ], [ -35.24015, -5.71598 ], [ -35.23969, -5.71574 ], [ -35.23904, -5.71514 ], [ -35.23859, -5.71497 ], [ -35.23814, -5.71469 ], [ -35.23772, -5.71446 ], [ -35.23755, -5.71439 ], [ -35.23711, -5.7146 ], [ -35.23638, -5.71538 ], [ -35.23623, -5.71554 ], [ -35.23492, -5.71709 ], [ -35.23408, -5.71792 ], [ -35.23376, -5.71808 ], [ -35.23351, -5.7182 ], [ -35.23317, -5.71853 ], [ -35.2331, -5.71874 ], [ -35.23268, -5.72001 ], [ -35.23209, -5.72098 ], [ -35.23205, -5.72105 ], [ -35.23202, -5.7211 ], [ -35.23155, -5.72148 ], [ -35.2314, -5.72194 ], [ -35.23127, -5.72206 ], [ -35.23106, -5.72204 ], [ -35.23067, -5.72225 ], [ -35.23036, -5.72246 ], [ -35.23004, -5.72294 ], [ -35.22967, -5.72371 ], [ -35.2292, -5.72397 ], [ -35.22856, -5.72423 ], [ -35.22796, -5.72463 ], [ -35.2275, -5.7251 ], [ -35.22733, -5.72526 ], [ -35.22721, -5.72545 ], [ -35.22675, -5.7259 ], [ -35.22649, -5.72621 ], [ -35.22615, -5.72636 ], [ -35.22594, -5.72645 ], [ -35.22587, -5.72648 ], [ -35.2258, -5.72651 ], [ -35.2258, -5.72726 ], [ -35.22607, -5.72725 ], [ -35.21307, -5.73524 ], [ -35.21155, -5.73627 ], [ -35.21152, -5.73629 ], [ -35.21139, -5.73645 ], [ -35.21126, -5.73656 ], [ -35.21065, -5.73704 ], [ -35.20712, -5.73954 ], [ -35.20756, -5.73996 ], [ -35.20785, -5.74023 ], [ -35.20633, -5.74104 ], [ -35.20567, -5.74219 ], [ -35.20551, -5.74247 ], [ -35.20547, -5.74254 ], [ -35.20425, -5.74301 ], [ -35.20363, -5.74324 ], [ -35.20367, -5.74407 ], [ -35.20355, -5.74563 ], [ -35.20351, -5.74637 ], [ -35.20352, -5.74696 ], [ -35.20353, -5.74728 ], [ -35.20344, -5.74833 ], [ -35.20327, -5.74913 ], [ -35.20277, -5.75024 ], [ -35.20268, -5.75036 ], [ -35.20203, -5.75118 ], [ -35.20115, -5.75209 ], [ -35.20089, -5.7522 ], [ -35.19867, -5.75315 ], [ -35.19712, -5.75382 ], [ -35.19608, -5.75426 ], [ -35.19448, -5.75495 ], [ -35.19434, -5.75517 ], [ -35.19434, -5.75569 ], [ -35.19431, -5.7561 ], [ -35.19428, -5.75626 ], [ -35.19426, -5.75637 ], [ -35.19427, -5.75646 ], [ -35.19431, -5.75663 ], [ -35.19435, -5.75677 ], [ -35.19438, -5.75692 ], [ -35.1944, -5.75703 ], [ -35.1944, -5.75718 ], [ -35.19438, -5.75736 ], [ -35.19434, -5.75758 ], [ -35.19427, -5.75781 ], [ -35.19424, -5.75799 ], [ -35.19421, -5.75814 ], [ -35.19422, -5.75826 ], [ -35.19421, -5.7584 ], [ -35.19422, -5.7585 ], [ -35.19424, -5.75863 ], [ -35.19424, -5.75883 ], [ -35.19426, -5.75899 ], [ -35.19429, -5.75915 ], [ -35.1943, -5.75929 ], [ -35.19432, -5.75946 ], [ -35.19433, -5.75965 ], [ -35.19429, -5.7598 ], [ -35.19423, -5.75997 ], [ -35.1942, -5.76012 ], [ -35.19417, -5.76021 ], [ -35.19414, -5.76032 ], [ -35.19419, -5.76041 ], [ -35.19426, -5.76049 ], [ -35.19426, -5.76058 ], [ -35.19424, -5.76069 ], [ -35.1942, -5.76084 ], [ -35.19416, -5.76094 ], [ -35.19415, -5.76101 ], [ -35.19416, -5.76115 ], [ -35.19417, -5.76125 ], [ -35.19418, -5.76131 ], [ -35.19418, -5.76139 ], [ -35.19414, -5.76148 ], [ -35.1941, -5.76157 ], [ -35.19408, -5.76164 ], [ -35.19407, -5.76173 ], [ -35.19409, -5.76183 ], [ -35.19414, -5.76199 ], [ -35.19417, -5.76221 ], [ -35.1942, -5.76238 ], [ -35.19427, -5.76266 ], [ -35.19432, -5.76275 ], [ -35.19435, -5.76282 ], [ -35.19432, -5.7629 ], [ -35.19424, -5.76301 ], [ -35.19419, -5.76311 ], [ -35.19418, -5.76324 ], [ -35.19418, -5.76332 ], [ -35.19419, -5.7634 ], [ -35.19419, -5.76346 ], [ -35.19417, -5.76354 ], [ -35.19416, -5.76362 ], [ -35.19417, -5.7637 ], [ -35.19419, -5.76376 ], [ -35.19421, -5.76385 ], [ -35.1942, -5.76395 ], [ -35.19415, -5.76406 ], [ -35.1941, -5.76413 ], [ -35.19408, -5.76426 ], [ -35.19412, -5.76437 ], [ -35.19414, -5.76453 ], [ -35.19418, -5.76483 ], [ -35.19423, -5.76522 ], [ -35.19425, -5.76541 ], [ -35.19425, -5.7655 ], [ -35.19421, -5.76556 ], [ -35.19421, -5.76561 ], [ -35.19423, -5.76568 ], [ -35.19427, -5.76577 ], [ -35.19428, -5.76591 ], [ -35.19429, -5.76617 ], [ -35.19429, -5.76658 ], [ -35.19429, -5.76669 ], [ -35.19429, -5.76688 ], [ -35.19433, -5.76702 ], [ -35.19432, -5.7671 ], [ -35.1943, -5.76721 ], [ -35.19428, -5.76731 ], [ -35.19429, -5.76741 ], [ -35.19427, -5.76763 ], [ -35.19427, -5.76772 ], [ -35.19426, -5.76781 ], [ -35.19424, -5.76804 ], [ -35.19423, -5.76834 ], [ -35.19422, -5.76853 ], [ -35.19421, -5.7688 ], [ -35.19421, -5.76887 ], [ -35.19417, -5.76899 ], [ -35.19414, -5.76906 ], [ -35.1941, -5.76919 ], [ -35.19408, -5.76939 ], [ -35.19405, -5.76964 ], [ -35.19405, -5.76981 ], [ -35.19405, -5.76984 ], [ -35.19404, -5.76999 ], [ -35.19404, -5.77014 ], [ -35.19405, -5.77023 ], [ -35.19407, -5.77029 ], [ -35.19408, -5.77034 ], [ -35.19406, -5.77042 ], [ -35.19403, -5.7705 ], [ -35.19399, -5.77059 ], [ -35.19397, -5.77075 ], [ -35.19397, -5.77102 ], [ -35.19397, -5.77114 ], [ -35.19394, -5.7719 ], [ -35.19393, -5.77205 ], [ -35.19393, -5.7721 ], [ -35.19389, -5.77225 ], [ -35.19387, -5.77231 ], [ -35.19386, -5.77232 ], [ -35.19385, -5.77239 ], [ -35.19385, -5.7724 ], [ -35.19385, -5.77247 ], [ -35.19386, -5.77264 ], [ -35.19386, -5.77272 ], [ -35.19387, -5.7729 ], [ -35.1938, -5.77315 ], [ -35.19379, -5.77318 ], [ -35.19373, -5.77327 ], [ -35.19364, -5.77331 ], [ -35.19363, -5.77331 ], [ -35.19354, -5.77338 ], [ -35.19345, -5.77345 ], [ -35.1935, -5.77352 ], [ -35.19352, -5.77363 ], [ -35.19354, -5.77372 ], [ -35.19352, -5.7738 ], [ -35.19348, -5.77385 ], [ -35.19342, -5.77397 ], [ -35.19339, -5.77405 ], [ -35.19338, -5.77412 ], [ -35.1934, -5.77423 ], [ -35.19335, -5.77436 ], [ -35.19332, -5.77448 ], [ -35.19328, -5.77463 ], [ -35.19328, -5.77479 ], [ -35.19328, -5.77488 ], [ -35.19328, -5.7749 ], [ -35.1933, -5.77502 ], [ -35.19331, -5.77507 ], [ -35.19329, -5.77512 ], [ -35.19325, -5.77523 ], [ -35.19319, -5.77537 ], [ -35.19323, -5.77558 ], [ -35.19319, -5.77578 ], [ -35.1932, -5.77597 ], [ -35.19319, -5.77614 ], [ -35.19317, -5.77631 ], [ -35.19312, -5.77649 ], [ -35.19309, -5.77661 ], [ -35.19307, -5.7767 ], [ -35.19307, -5.77676 ], [ -35.19308, -5.77686 ], [ -35.19308, -5.77696 ], [ -35.19309, -5.77711 ], [ -35.19308, -5.77739 ], [ -35.19308, -5.77757 ], [ -35.19305, -5.77817 ], [ -35.19303, -5.77843 ], [ -35.19301, -5.77874 ], [ -35.19295, -5.77909 ], [ -35.19288, -5.77975 ], [ -35.19281, -5.78013 ], [ -35.19269, -5.78057 ], [ -35.19259, -5.78093 ], [ -35.1925, -5.78121 ], [ -35.19249, -5.78122 ], [ -35.19236, -5.78159 ], [ -35.19214, -5.78199 ], [ -35.19198, -5.78229 ], [ -35.19176, -5.78253 ], [ -35.19162, -5.78264 ], [ -35.19146, -5.78271 ], [ -35.19136, -5.78273 ], [ -35.19103, -5.78277 ], [ -35.19093, -5.78276 ], [ -35.19088, -5.78274 ], [ -35.19085, -5.78272 ], [ -35.19082, -5.78271 ], [ -35.19078, -5.78266 ], [ -35.19072, -5.78263 ], [ -35.19067, -5.78257 ], [ -35.19062, -5.78252 ], [ -35.19053, -5.7825 ], [ -35.1905, -5.7825 ], [ -35.19048, -5.78249 ], [ -35.19043, -5.7825 ], [ -35.1904, -5.78254 ], [ -35.19037, -5.78259 ], [ -35.19033, -5.78262 ], [ -35.19033, -5.78266 ], [ -35.19031, -5.7827 ], [ -35.19028, -5.78276 ], [ -35.19025, -5.78281 ], [ -35.19023, -5.78284 ], [ -35.19019, -5.78286 ], [ -35.19018, -5.78292 ], [ -35.19019, -5.78296 ], [ -35.19014, -5.783 ], [ -35.19007, -5.78306 ], [ -35.19004, -5.78315 ], [ -35.19003, -5.78322 ], [ -35.19003, -5.7833 ], [ -35.19, -5.78337 ], [ -35.18995, -5.78343 ], [ -35.18985, -5.78354 ], [ -35.18973, -5.78364 ], [ -35.18968, -5.78375 ], [ -35.18962, -5.7838 ], [ -35.18952, -5.78388 ], [ -35.18943, -5.78399 ], [ -35.18938, -5.78408 ], [ -35.18937, -5.78411 ], [ -35.18936, -5.78426 ], [ -35.18937, -5.78436 ], [ -35.18941, -5.78444 ], [ -35.18957, -5.78463 ], [ -35.18966, -5.78487 ], [ -35.18965, -5.78526 ], [ -35.18958, -5.78562 ], [ -35.18954, -5.78592 ], [ -35.18939, -5.78631 ], [ -35.18922, -5.78664 ], [ -35.18906, -5.78695 ], [ -35.18895, -5.7871 ], [ -35.18886, -5.78722 ], [ -35.18858, -5.78737 ], [ -35.1884, -5.78743 ], [ -35.18825, -5.78753 ], [ -35.18817, -5.78769 ], [ -35.18809, -5.78795 ], [ -35.188, -5.78832 ], [ -35.18787, -5.78867 ], [ -35.18767, -5.78911 ], [ -35.18746, -5.78949 ], [ -35.18728, -5.78987 ], [ -35.18707, -5.79021 ], [ -35.18679, -5.79052 ], [ -35.18658, -5.79066 ], [ -35.18635, -5.79072 ], [ -35.18614, -5.79074 ], [ -35.1859, -5.79072 ], [ -35.18575, -5.79071 ], [ -35.18566, -5.79078 ], [ -35.18553, -5.79103 ], [ -35.18539, -5.79133 ], [ -35.18527, -5.79162 ], [ -35.18511, -5.79193 ], [ -35.18498, -5.79218 ], [ -35.18484, -5.79233 ], [ -35.18471, -5.79247 ], [ -35.18439, -5.79274 ], [ -35.18403, -5.79281 ], [ -35.18383, -5.7928 ], [ -35.18378, -5.79277 ], [ -35.18369, -5.79274 ], [ -35.18366, -5.79271 ], [ -35.18362, -5.79269 ], [ -35.18357, -5.79269 ], [ -35.18353, -5.79269 ], [ -35.18346, -5.79268 ], [ -35.18343, -5.79268 ], [ -35.18341, -5.79269 ], [ -35.18341, -5.79272 ], [ -35.18338, -5.79274 ], [ -35.18336, -5.79275 ], [ -35.18334, -5.79273 ], [ -35.18331, -5.79269 ], [ -35.18327, -5.79272 ], [ -35.18325, -5.79274 ], [ -35.18325, -5.79275 ], [ -35.18327, -5.79278 ], [ -35.18328, -5.7928 ], [ -35.18327, -5.79283 ], [ -35.18327, -5.79285 ], [ -35.18324, -5.79287 ], [ -35.18321, -5.79288 ], [ -35.18317, -5.79286 ], [ -35.18315, -5.79282 ], [ -35.18314, -5.79277 ], [ -35.1831, -5.79273 ], [ -35.18305, -5.79271 ], [ -35.18301, -5.79271 ], [ -35.18298, -5.79271 ], [ -35.18296, -5.79272 ], [ -35.18295, -5.79273 ], [ -35.18295, -5.79275 ], [ -35.18296, -5.79276 ], [ -35.18295, -5.79278 ], [ -35.18292, -5.79279 ], [ -35.1829, -5.79279 ], [ -35.18288, -5.7928 ], [ -35.18287, -5.79282 ], [ -35.18284, -5.79284 ], [ -35.18281, -5.79285 ], [ -35.18277, -5.79285 ], [ -35.18274, -5.79286 ], [ -35.18271, -5.79287 ], [ -35.18266, -5.79287 ], [ -35.18262, -5.79288 ], [ -35.18255, -5.79291 ], [ -35.18251, -5.79292 ], [ -35.18245, -5.79292 ], [ -35.1824, -5.7929 ], [ -35.18232, -5.79291 ], [ -35.18229, -5.79291 ], [ -35.18225, -5.79292 ], [ -35.18224, -5.79293 ], [ -35.1822, -5.79295 ], [ -35.18216, -5.79297 ], [ -35.18214, -5.79298 ], [ -35.18212, -5.79298 ], [ -35.18211, -5.79299 ], [ -35.18212, -5.79301 ], [ -35.1821, -5.79304 ], [ -35.1821, -5.79305 ], [ -35.18207, -5.79306 ], [ -35.18206, -5.79307 ], [ -35.18206, -5.79309 ], [ -35.18209, -5.79311 ], [ -35.18209, -5.79311 ], [ -35.18209, -5.79312 ], [ -35.1821, -5.79312 ], [ -35.1821, -5.79312 ], [ -35.18211, -5.79313 ], [ -35.18211, -5.79313 ], [ -35.18212, -5.79313 ], [ -35.18213, -5.79314 ], [ -35.18213, -5.79314 ], [ -35.18214, -5.79314 ], [ -35.18214, -5.79314 ], [ -35.18215, -5.79314 ], [ -35.18217, -5.79315 ], [ -35.18217, -5.79315 ], [ -35.18218, -5.79315 ], [ -35.18219, -5.79316 ], [ -35.18219, -5.79316 ], [ -35.1822, -5.79316 ], [ -35.1822, -5.79316 ], [ -35.18221, -5.79317 ], [ -35.18222, -5.79317 ], [ -35.18222, -5.79317 ], [ -35.18224, -5.79319 ], [ -35.18224, -5.7932 ], [ -35.18224, -5.7932 ], [ -35.18225, -5.79321 ], [ -35.18225, -5.79321 ], [ -35.18225, -5.79322 ], [ -35.18225, -5.79322 ], [ -35.18225, -5.79323 ], [ -35.18225, -5.79324 ], [ -35.18225, -5.79324 ], [ -35.18224, -5.79325 ], [ -35.18224, -5.79325 ], [ -35.18224, -5.79325 ], [ -35.18223, -5.79325 ], [ -35.18223, -5.79325 ], [ -35.18222, -5.79325 ], [ -35.18222, -5.79325 ], [ -35.18221, -5.79325 ], [ -35.18218, -5.79326 ], [ -35.18219, -5.7933 ], [ -35.18222, -5.79331 ], [ -35.18224, -5.7933 ], [ -35.18226, -5.79331 ], [ -35.18226, -5.79333 ], [ -35.18223, -5.79335 ], [ -35.18222, -5.79336 ], [ -35.18219, -5.79337 ], [ -35.1822, -5.79339 ], [ -35.18224, -5.79341 ], [ -35.18227, -5.79343 ], [ -35.18226, -5.79349 ], [ -35.18227, -5.79358 ], [ -35.18226, -5.79366 ], [ -35.18226, -5.79371 ], [ -35.18226, -5.79374 ], [ -35.18223, -5.79381 ], [ -35.18224, -5.79389 ], [ -35.18221, -5.79407 ], [ -35.18223, -5.79419 ], [ -35.18218, -5.79427 ], [ -35.18218, -5.79438 ], [ -35.18209, -5.79468 ], [ -35.18208, -5.79477 ], [ -35.18206, -5.79494 ], [ -35.18201, -5.79505 ], [ -35.18196, -5.79523 ], [ -35.18185, -5.79545 ], [ -35.1818, -5.79557 ], [ -35.18175, -5.79571 ], [ -35.18172, -5.79582 ], [ -35.18168, -5.79591 ], [ -35.18167, -5.79594 ], [ -35.18165, -5.79599 ], [ -35.18164, -5.7961 ], [ -35.18161, -5.79621 ], [ -35.18161, -5.79627 ], [ -35.18157, -5.79636 ], [ -35.18158, -5.79645 ], [ -35.18166, -5.7966 ], [ -35.18167, -5.79661 ], [ -35.18173, -5.7967 ], [ -35.18174, -5.79681 ], [ -35.18172, -5.79696 ], [ -35.18165, -5.79703 ], [ -35.18157, -5.79712 ], [ -35.18148, -5.79731 ], [ -35.18132, -5.79752 ], [ -35.18122, -5.79762 ], [ -35.18105, -5.7978 ], [ -35.18095, -5.79795 ], [ -35.18075, -5.7981 ], [ -35.18067, -5.79817 ], [ -35.18055, -5.79823 ], [ -35.18046, -5.79828 ], [ -35.18039, -5.79832 ], [ -35.18031, -5.79832 ], [ -35.18026, -5.79836 ], [ -35.18023, -5.79842 ], [ -35.18017, -5.79847 ], [ -35.18004, -5.79845 ], [ -35.17992, -5.79848 ], [ -35.17985, -5.79852 ], [ -35.1798, -5.79856 ], [ -35.17977, -5.79862 ], [ -35.17975, -5.79869 ], [ -35.17968, -5.79869 ], [ -35.17959, -5.79868 ], [ -35.17943, -5.79874 ], [ -35.1793, -5.79885 ], [ -35.17924, -5.79897 ], [ -35.17926, -5.79906 ], [ -35.17948, -5.79922 ], [ -35.1796, -5.79932 ], [ -35.17967, -5.79943 ], [ -35.17974, -5.79965 ], [ -35.17977, -5.79995 ], [ -35.17981, -5.80031 ], [ -35.17985, -5.80065 ], [ -35.17989, -5.80104 ], [ -35.1799, -5.80129 ], [ -35.17991, -5.80168 ], [ -35.17995, -5.80202 ], [ -35.18003, -5.80236 ], [ -35.18012, -5.8027 ], [ -35.18017, -5.80304 ], [ -35.18019, -5.80342 ], [ -35.18023, -5.80382 ], [ -35.18028, -5.80453 ], [ -35.18033, -5.80505 ], [ -35.18031, -5.8056 ], [ -35.18035, -5.80592 ], [ -35.18038, -5.80624 ], [ -35.18043, -5.80659 ], [ -35.1805, -5.80718 ], [ -35.18058, -5.80773 ], [ -35.18064, -5.80837 ], [ -35.18069, -5.80936 ], [ -35.18076, -5.81043 ], [ -35.18086, -5.81167 ], [ -35.18091, -5.81254 ], [ -35.18099, -5.81307 ], [ -35.18103, -5.81348 ], [ -35.18106, -5.81384 ], [ -35.18109, -5.81422 ], [ -35.18105, -5.81465 ], [ -35.18102, -5.81488 ], [ -35.18097, -5.81519 ], [ -35.18105, -5.81545 ], [ -35.18111, -5.8157 ], [ -35.18124, -5.81594 ], [ -35.18134, -5.8162 ], [ -35.18134, -5.81656 ], [ -35.18129, -5.81679 ], [ -35.18123, -5.81703 ], [ -35.18118, -5.81735 ], [ -35.1812, -5.8176 ], [ -35.18121, -5.81816 ], [ -35.18124, -5.81868 ], [ -35.18128, -5.81949 ], [ -35.18133, -5.82035 ], [ -35.18138, -5.8213 ], [ -35.18139, -5.82307 ], [ -35.18143, -5.82566 ], [ -35.18136, -5.82697 ], [ -35.18132, -5.82787 ], [ -35.18129, -5.82881 ], [ -35.1812, -5.82933 ], [ -35.18116, -5.82985 ], [ -35.1811, -5.83051 ], [ -35.18114, -5.83107 ], [ -35.18128, -5.83263 ], [ -35.18133, -5.83395 ], [ -35.18132, -5.83559 ], [ -35.18132, -5.8359 ], [ -35.1813, -5.83651 ], [ -35.18126, -5.83711 ], [ -35.1811, -5.83815 ], [ -35.181, -5.83864 ], [ -35.18085, -5.83906 ], [ -35.18071, -5.83953 ], [ -35.18063, -5.84007 ], [ -35.18061, -5.84045 ], [ -35.18065, -5.84096 ], [ -35.18074, -5.84148 ], [ -35.18095, -5.84311 ], [ -35.18097, -5.84379 ], [ -35.18087, -5.84598 ], [ -35.18087, -5.84859 ], [ -35.18076, -5.8516 ], [ -35.18057, -5.85422 ], [ -35.18036, -5.85698 ], [ -35.18014, -5.85891 ], [ -35.17983, -5.86153 ], [ -35.17954, -5.8631 ], [ -35.17929, -5.86448 ], [ -35.17881, -5.86636 ], [ -35.17877, -5.8665 ], [ -35.17808, -5.86869 ], [ -35.17793, -5.86909 ], [ -35.17697, -5.8716 ], [ -35.1759, -5.8739 ], [ -35.17468, -5.87599 ], [ -35.17453, -5.87624 ], [ -35.17308, -5.87829 ], [ -35.17128, -5.88029 ], [ -35.16955, -5.88162 ], [ -35.16939, -5.88173 ], [ -35.16909, -5.88194 ], [ -35.1686, -5.88226 ], [ -35.168, -5.88264 ], [ -35.16759, -5.88283 ], [ -35.16725, -5.88299 ], [ -35.16671, -5.88313 ], [ -35.1664, -5.88318 ], [ -35.16613, -5.88324 ], [ -35.16584, -5.88327 ], [ -35.16559, -5.88325 ], [ -35.16532, -5.88323 ], [ -35.165, -5.88315 ], [ -35.16476, -5.88302 ], [ -35.16458, -5.88287 ], [ -35.16451, -5.88272 ], [ -35.16449, -5.88257 ], [ -35.16455, -5.88243 ], [ -35.16456, -5.88238 ], [ -35.16454, -5.88237 ], [ -35.16447, -5.88239 ], [ -35.16439, -5.88238 ], [ -35.16433, -5.88238 ], [ -35.16431, -5.88234 ], [ -35.16429, -5.8823 ], [ -35.16425, -5.88229 ], [ -35.16421, -5.88229 ], [ -35.16417, -5.88228 ], [ -35.16414, -5.88224 ], [ -35.16412, -5.88218 ], [ -35.1641, -5.88213 ], [ -35.16406, -5.88209 ], [ -35.16403, -5.88206 ], [ -35.16401, -5.88202 ], [ -35.16405, -5.88197 ], [ -35.16407, -5.88192 ], [ -35.16403, -5.88188 ], [ -35.16399, -5.88179 ], [ -35.16397, -5.88169 ], [ -35.16386, -5.88161 ], [ -35.16379, -5.88158 ], [ -35.16369, -5.88149 ], [ -35.16364, -5.88142 ], [ -35.16349, -5.8813 ], [ -35.1634, -5.88121 ], [ -35.16331, -5.88112 ], [ -35.16323, -5.88104 ], [ -35.16316, -5.88099 ], [ -35.16309, -5.88088 ], [ -35.16301, -5.88075 ], [ -35.16296, -5.8807 ], [ -35.16286, -5.88065 ], [ -35.16272, -5.88065 ], [ -35.16263, -5.88063 ], [ -35.16254, -5.8806 ], [ -35.16242, -5.88053 ], [ -35.16227, -5.88044 ], [ -35.16221, -5.88038 ], [ -35.16219, -5.88036 ], [ -35.16209, -5.88027 ], [ -35.162, -5.88021 ], [ -35.16188, -5.88011 ], [ -35.16183, -5.88003 ], [ -35.16177, -5.87991 ], [ -35.16178, -5.87983 ], [ -35.16178, -5.87975 ], [ -35.16174, -5.87968 ], [ -35.16162, -5.8796 ], [ -35.1615, -5.87955 ], [ -35.16137, -5.87955 ], [ -35.16129, -5.87959 ], [ -35.16126, -5.87964 ], [ -35.16122, -5.87967 ], [ -35.16117, -5.87968 ], [ -35.1611, -5.87966 ], [ -35.16101, -5.87967 ], [ -35.1609, -5.87967 ], [ -35.1608, -5.87966 ], [ -35.16068, -5.87965 ], [ -35.16055, -5.87966 ], [ -35.16033, -5.8797 ], [ -35.16014, -5.87971 ], [ -35.15996, -5.87975 ], [ -35.15984, -5.8798 ], [ -35.15965, -5.87987 ], [ -35.15957, -5.87989 ], [ -35.15952, -5.87991 ], [ -35.15947, -5.87993 ], [ -35.15943, -5.87995 ], [ -35.15934, -5.87998 ], [ -35.15916, -5.88006 ], [ -35.15909, -5.88013 ], [ -35.15897, -5.88024 ], [ -35.15883, -5.8804 ], [ -35.15869, -5.88058 ], [ -35.1586, -5.88074 ], [ -35.15836, -5.88099 ], [ -35.15808, -5.8812 ], [ -35.15795, -5.8813 ], [ -35.15761, -5.8815 ], [ -35.1573, -5.88162 ], [ -35.15704, -5.88173 ], [ -35.15688, -5.8818 ], [ -35.1568, -5.88191 ], [ -35.15675, -5.88204 ], [ -35.1567, -5.88224 ], [ -35.15663, -5.88244 ], [ -35.15651, -5.88265 ], [ -35.15632, -5.8829 ], [ -35.15619, -5.88303 ], [ -35.15597, -5.88321 ], [ -35.1558, -5.88335 ], [ -35.15556, -5.88341 ], [ -35.15549, -5.88342 ], [ -35.15534, -5.88343 ], [ -35.15514, -5.88344 ], [ -35.15488, -5.88339 ], [ -35.15475, -5.88328 ], [ -35.15473, -5.8832 ], [ -35.15473, -5.88317 ], [ -35.15476, -5.88314 ], [ -35.15479, -5.88311 ], [ -35.15482, -5.88308 ], [ -35.15485, -5.88302 ], [ -35.15486, -5.883 ], [ -35.15484, -5.88296 ], [ -35.15483, -5.88294 ], [ -35.15485, -5.88292 ], [ -35.15486, -5.88289 ], [ -35.15485, -5.88286 ], [ -35.15483, -5.88284 ], [ -35.15481, -5.88284 ], [ -35.15478, -5.88284 ], [ -35.15476, -5.88281 ], [ -35.15475, -5.8828 ], [ -35.15473, -5.88275 ], [ -35.15469, -5.8827 ], [ -35.15466, -5.88268 ], [ -35.15455, -5.88267 ], [ -35.1545, -5.88267 ], [ -35.15442, -5.88269 ], [ -35.15435, -5.88274 ], [ -35.15432, -5.88278 ], [ -35.15423, -5.88281 ], [ -35.15415, -5.88284 ], [ -35.15408, -5.88288 ], [ -35.15402, -5.88293 ], [ -35.15397, -5.88295 ], [ -35.15393, -5.88295 ], [ -35.15385, -5.88306 ], [ -35.15382, -5.88312 ], [ -35.15379, -5.88333 ], [ -35.15378, -5.88344 ], [ -35.15376, -5.88355 ], [ -35.1538, -5.88366 ], [ -35.15375, -5.88382 ], [ -35.15371, -5.88397 ], [ -35.1537, -5.88417 ], [ -35.15364, -5.88445 ], [ -35.15351, -5.88475 ], [ -35.15346, -5.88512 ], [ -35.15338, -5.88544 ], [ -35.15329, -5.88567 ], [ -35.15314, -5.88593 ], [ -35.15299, -5.88612 ], [ -35.15294, -5.88628 ], [ -35.15296, -5.88644 ], [ -35.15301, -5.88653 ], [ -35.15307, -5.88675 ], [ -35.15302, -5.88694 ], [ -35.153, -5.88784 ], [ -35.15309, -5.88824 ], [ -35.15313, -5.88842 ], [ -35.15314, -5.8887 ], [ -35.15316, -5.88981 ], [ -35.15338, -5.89185 ], [ -35.1537, -5.89446 ], [ -35.1539, -5.89574 ], [ -35.15401, -5.89639 ], [ -35.1541, -5.89705 ], [ -35.15411, -5.89783 ], [ -35.15512, -5.89792 ], [ -35.15685, -5.89808 ], [ -35.1759, -5.89979 ], [ -35.1762, -5.89982 ], [ -35.17914, -5.89769 ], [ -35.18892, -5.89061 ], [ -35.19241, -5.88808 ], [ -35.19363, -5.88719 ], [ -35.19609, -5.88525 ], [ -35.19628, -5.8851 ], [ -35.19664, -5.88481 ], [ -35.19717, -5.88439 ], [ -35.19822, -5.88357 ], [ -35.19841, -5.88342 ], [ -35.20065, -5.88164 ], [ -35.20069, -5.88161 ], [ -35.20075, -5.88156 ], [ -35.20092, -5.88143 ], [ -35.20101, -5.88136 ], [ -35.20103, -5.88135 ], [ -35.20245, -5.8803 ], [ -35.20272, -5.8801 ], [ -35.20279, -5.88005 ], [ -35.2033, -5.87968 ], [ -35.20452, -5.87879 ], [ -35.20456, -5.87876 ], [ -35.2046, -5.87873 ], [ -35.20463, -5.8787 ], [ -35.20506, -5.87829 ], [ -35.20507, -5.87829 ], [ -35.2053, -5.87812 ], [ -35.20635, -5.87736 ], [ -35.20637, -5.87734 ], [ -35.20641, -5.87732 ], [ -35.2068, -5.87702 ], [ -35.20695, -5.8769 ], [ -35.20817, -5.87597 ], [ -35.20831, -5.87586 ], [ -35.20917, -5.87518 ], [ -35.20934, -5.87552 ], [ -35.20941, -5.87565 ], [ -35.20949, -5.87576 ], [ -35.21033, -5.87532 ], [ -35.21184, -5.87454 ], [ -35.21236, -5.87428 ], [ -35.21177, -5.87313 ], [ -35.21149, -5.87258 ], [ -35.21138, -5.87237 ], [ -35.21134, -5.87229 ], [ -35.21146, -5.87223 ], [ -35.2115, -5.87221 ], [ -35.21167, -5.87217 ], [ -35.21168, -5.87217 ], [ -35.21182, -5.87217 ], [ -35.21184, -5.87217 ], [ -35.21195, -5.87219 ], [ -35.21215, -5.87218 ], [ -35.21308, -5.87163 ], [ -35.21311, -5.87161 ], [ -35.21357, -5.87139 ], [ -35.21407, -5.87115 ], [ -35.21459, -5.8709 ], [ -35.21511, -5.87065 ], [ -35.21496, -5.87034 ], [ -35.21623, -5.86954 ], [ -35.21633, -5.8695 ], [ -35.21654, -5.86943 ], [ -35.21794, -5.86857 ] ] ] } },
{ "type": "Feature", "properties": { "CD_MUN": "2409407", "NM_MUN": "Pau dos Ferros", "CD_RGI": "240010", "NM_RGI": "Pau dos Ferros", "CD_RGINT": "2403", "NM_RGINT": "Mossoró", "CD_UF": "24", "NM_UF": "Rio Grande do Norte", "SIGLA_UF": "RN", "CD_REGIA": "2", "NM_REGIA": "Nordeste", "SIGLA_RG": "NE", "CD_CONCU": null, "NM_CONCU": null, "AREA_KM2": 259.959 }, "geometry": { "type": "Polygon", "coordinates": [ [ [ -38.20719, -6.15557 ], [ -38.23627, -6.16387 ], [ -38.23885, -6.16385 ], [ -38.23907, -6.16385 ], [ -38.24912, -6.16379 ], [ -38.24957, -6.13593 ], [ -38.26397, -6.11625 ], [ -38.26643, -6.11288 ], [ -38.26697, -6.11215 ], [ -38.26196, -6.10232 ], [ -38.26133, -6.07487 ], [ -38.2639, -6.07134 ], [ -38.26585, -6.07286 ], [ -38.26724, -6.07276 ], [ -38.26959, -6.07158 ], [ -38.27337, -6.06825 ], [ -38.2749, -6.0658 ], [ -38.27488, -6.06573 ], [ -38.27486, -6.06563 ], [ -38.27482, -6.06546 ], [ -38.27478, -6.06531 ], [ -38.27473, -6.06512 ], [ -38.2747, -6.06499 ], [ -38.27465, -6.06478 ], [ -38.2746, -6.06461 ], [ -38.27457, -6.06448 ], [ -38.27454, -6.06437 ], [ -38.27451, -6.06424 ], [ -38.27447, -6.0641 ], [ -38.27443, -6.06393 ], [ -38.2744, -6.06379 ], [ -38.2744, -6.06379 ], [ -38.27436, -6.06379 ], [ -38.27251, -6.06392 ], [ -38.27003, -6.06267 ], [ -38.2688, -6.05977 ], [ -38.26867, -6.05775 ], [ -38.2683, -6.05724 ], [ -38.26651, -6.0568 ], [ -38.26497, -6.05425 ], [ -38.26372, -6.05409 ], [ -38.26135, -6.05484 ], [ -38.25918, -6.05378 ], [ -38.26083, -6.05144 ], [ -38.26017, -6.04972 ], [ -38.25559, -6.04684 ], [ -38.25257, -6.0431 ], [ -38.25257, -6.03952 ], [ -38.25257, -6.03952 ], [ -38.25317, -6.03751 ], [ -38.25287, -6.03521 ], [ -38.25233, -6.03405 ], [ -38.25118, -6.03305 ], [ -38.25237, -6.02703 ], [ -38.25245, -6.0217 ], [ -38.25069, -6.01411 ], [ -38.25269, -6.01191 ], [ -38.25217, -6.01016 ], [ -38.21546, -6.02411 ], [ -38.19592, -6.04076 ], [ -38.19553, -6.04109 ], [ -38.18944, -6.04628 ], [ -38.17771, -6.05631 ], [ -38.16962, -6.06702 ], [ -38.1688, -6.06811 ], [ -38.14767, -6.09606 ], [ -38.10352, -6.11384 ], [ -38.08504, -6.11686 ], [ -38.06544, -6.11839 ], [ -38.04378, -6.12599 ], [ -38.04166, -6.1691 ], [ -38.05491, -6.16103 ], [ -38.0573, -6.19573 ], [ -38.08141, -6.19137 ], [ -38.12915, -6.17583 ], [ -38.15022, -6.18532 ], [ -38.16964, -6.19406 ], [ -38.16618, -6.19103 ], [ -38.16607, -6.18869 ], [ -38.16556, -6.18805 ], [ -38.16397, -6.18673 ], [ -38.1618, -6.18601 ], [ -38.16173, -6.18476 ], [ -38.16316, -6.18119 ], [ -38.16853, -6.17488 ], [ -38.17347, -6.16998 ], [ -38.19473, -6.16084 ], [ -38.20719, -6.15557 ] ] ] } },
{ "type": "Feature", "properties": { "CD_MUN": "2410900", "NM_MUN": "Riachuelo", "CD_RGI": "240006", "NM_RGI": "São Paulo do Potengi", "CD_RGINT": "2401", "NM_RGINT": "Natal", "CD_UF": "24", "NM_UF": "Rio Grande do Norte", "SIGLA_UF": "RN", "CD_REGIA": "2", "NM_REGIA": "Nordeste", "SIGLA_RG": "NE", "CD_CONCU": null, "NM_CONCU": null, "AREA_KM2": 262.887 }, "geometry": { "type": "Polygon", "coordinates": [ [ [ -35.93572, -5.74766 ], [ -35.9374, -5.74489 ], [ -35.93808, -5.74307 ], [ -35.93831, -5.74004 ], [ -35.93964, -5.73301 ], [ -35.88285, -5.72721 ], [ -35.83203, -5.72201 ], [ -35.83108, -5.72191 ], [ -35.82554, -5.72134 ], [ -35.78505, -5.7172 ], [ -35.7771, -5.71639 ], [ -35.77958, -5.81518 ], [ -35.78342, -5.82367 ], [ -35.78413, -5.82524 ], [ -35.79682, -5.85329 ], [ -35.83273, -5.9088 ], [ -35.83301, -5.90898 ], [ -35.83652, -5.91118 ], [ -35.8422, -5.9141 ], [ -35.84376, -5.9146 ], [ -35.84982, -5.91537 ], [ -35.84999, -5.91509 ], [ -35.8511, -5.91333 ], [ -35.92552, -5.80025 ], [ -35.9284, -5.80013 ], [ -35.93116, -5.79909 ], [ -35.93339, -5.79762 ], [ -35.93567, -5.79497 ], [ -35.93652, -5.79445 ], [ -35.93759, -5.79486 ], [ -35.93855, -5.79475 ], [ -35.93862, -5.7935 ], [ -35.9366, -5.78863 ], [ -35.93593, -5.78616 ], [ -35.93441, -5.78492 ], [ -35.93343, -5.7827 ], [ -35.93244, -5.78089 ], [ -35.93123, -5.77943 ], [ -35.9297, -5.77812 ], [ -35.92902, -5.7773 ], [ -35.92773, -5.77521 ], [ -35.92706, -5.7738 ], [ -35.92596, -5.77002 ], [ -35.9245, -5.76718 ], [ -35.92392, -5.76511 ], [ -35.92402, -5.76396 ], [ -35.92447, -5.7624 ], [ -35.92513, -5.76083 ], [ -35.92695, -5.75822 ], [ -35.9271, -5.75774 ], [ -35.92709, -5.75607 ], [ -35.92655, -5.75378 ], [ -35.92698, -5.7535 ], [ -35.92978, -5.75357 ], [ -35.93097, -5.75331 ], [ -35.93192, -5.75254 ], [ -35.9327, -5.75163 ], [ -35.93353, -5.75028 ], [ -35.93464, -5.7492 ], [ -35.9354, -5.74817 ], [ -35.93572, -5.74766 ] ] ] } },
{ "type": "Feature", "properties": { "CD_MUN": "2412708", "NM_MUN": "São Pedro", "CD_RGI": "240006", "NM_RGI": "São Paulo do Potengi", "CD_RGINT": "2401", "NM_RGINT": "Natal", "CD_UF": "24", "NM_UF": "Rio Grande do Norte", "SIGLA_UF": "RN", "CD_REGIA": "2", "NM_REGIA": "Nordeste", "SIGLA_RG": "NE", "CD_CONCU": null, "NM_CONCU": null, "AREA_KM2": 195.237 }, "geometry": { "type": "Polygon", "coordinates": [ [ [ -35.62342, -5.82234 ], [ -35.5958, -5.8655 ], [ -35.59453, -5.86749 ], [ -35.59417, -5.86765 ], [ -35.59145, -5.86888 ], [ -35.57162, -5.87263 ], [ -35.52901, -5.88181 ], [ -35.52909, -5.88191 ], [ -35.55304, -5.90989 ], [ -35.56991, -5.9296 ], [ -35.57223, -5.93231 ], [ -35.60141, -5.94882 ], [ -35.60615, -5.95151 ], [ -35.65019, -5.97644 ], [ -35.66841, -5.98389 ], [ -35.67412, -5.97438 ], [ -35.68745, -5.9191 ], [ -35.68636, -5.89839 ], [ -35.68635, -5.89826 ], [ -35.68537, -5.87977 ], [ -35.68325, -5.86898 ], [ -35.68279, -5.86735 ], [ -35.6831, -5.86613 ], [ -35.66989, -5.80364 ], [ -35.66792, -5.79431 ], [ -35.66597, -5.79463 ], [ -35.6647, -5.79464 ], [ -35.6638, -5.79501 ], [ -35.66309, -5.79683 ], [ -35.66236, -5.79683 ], [ -35.65851, -5.79462 ], [ -35.65597, -5.79346 ], [ -35.65275, -5.79261 ], [ -35.65205, -5.79218 ], [ -35.64922, -5.79235 ], [ -35.64736, -5.7915 ], [ -35.64673, -5.79141 ], [ -35.64592, -5.79287 ], [ -35.6451, -5.79306 ], [ -35.64428, -5.79259 ], [ -35.64224, -5.79085 ], [ -35.64161, -5.79085 ], [ -35.64092, -5.78974 ], [ -35.64006, -5.78904 ], [ -35.63925, -5.78932 ], [ -35.63877, -5.79005 ], [ -35.63544, -5.80354 ], [ -35.62342, -5.82234 ] ] ] } },
{ "type": "Feature", "properties": { "CD_MUN": "2401305", "NM_MUN": "Campo Grande", "CD_RGI": "240009", "NM_RGI": "Mossoró", "CD_RGINT": "2403", "NM_RGINT": "Mossoró", "CD_UF": "24", "NM_UF": "Rio Grande do Norte", "SIGLA_UF": "RN", "CD_REGIA": "2", "NM_REGIA": "Nordeste", "SIGLA_RG": "NE", "CD_CONCU": null, "NM_CONCU": null, "AREA_KM2": 890.89 }, "geometry": { "type": "Polygon", "coordinates": [ [ [ -37.37592, -5.98816 ], [ -37.37521, -5.96058 ], [ -37.40079, -5.96254 ], [ -37.4065, -5.967 ], [ -37.41593, -5.97633 ], [ -37.42038, -5.97771 ], [ -37.42738, -5.98287 ], [ -37.42814, -5.98317 ], [ -37.4315, -5.98291 ], [ -37.43476, -5.98426 ], [ -37.43655, -5.98538 ], [ -37.44731, -5.90424 ], [ -37.44747, -5.90305 ], [ -37.44751, -5.90272 ], [ -37.45445, -5.8505 ], [ -37.46059, -5.80417 ], [ -37.46063, -5.8039 ], [ -37.46745, -5.75228 ], [ -37.44213, -5.74264 ], [ -37.43886, -5.74425 ], [ -37.43501, -5.7453 ], [ -37.42616, -5.74184 ], [ -37.42252, -5.73991 ], [ -37.41861, -5.73962 ], [ -37.41714, -5.73952 ], [ -37.41491, -5.73935 ], [ -37.40891, -5.73704 ], [ -37.40239, -5.73377 ], [ -37.39764, -5.73067 ], [ -37.39335, -5.72914 ], [ -37.38902, -5.72838 ], [ -37.38296, -5.72932 ], [ -37.37969, -5.72903 ], [ -37.37554, -5.72479 ], [ -37.3734, -5.72318 ], [ -37.37174, -5.72225 ], [ -37.36859, -5.72227 ], [ -37.36831, -5.72211 ], [ -37.36701, -5.72136 ], [ -37.36289, -5.72073 ], [ -37.34818, -5.72062 ], [ -37.34433, -5.71954 ], [ -37.34358, -5.71933 ], [ -37.34283, -5.71912 ], [ -37.3416, -5.71983 ], [ -37.34033, -5.71943 ], [ -37.33962, -5.71994 ], [ -37.33815, -5.72002 ], [ -37.33442, -5.71848 ], [ -37.33355, -5.71903 ], [ -37.33248, -5.71888 ], [ -37.33042, -5.71751 ], [ -37.32895, -5.71779 ], [ -37.32563, -5.71545 ], [ -37.32361, -5.71552 ], [ -37.32206, -5.71412 ], [ -37.32071, -5.71448 ], [ -37.31762, -5.71397 ], [ -37.3149, -5.71222 ], [ -37.31387, -5.71034 ], [ -37.31311, -5.70994 ], [ -37.30859, -5.7105 ], [ -37.3053, -5.70934 ], [ -37.30296, -5.71009 ], [ -37.29733, -5.71045 ], [ -37.29577, -5.7123 ], [ -37.29522, -5.71255 ], [ -37.29431, -5.71295 ], [ -37.29335, -5.7142 ], [ -37.28677, -5.71525 ], [ -37.28574, -5.71489 ], [ -37.28443, -5.71511 ], [ -37.28274, -5.71366 ], [ -37.28229, -5.71482 ], [ -37.28102, -5.71506 ], [ -37.28125, -5.71645 ], [ -37.2807, -5.7172 ], [ -37.27768, -5.71741 ], [ -37.27267, -5.71403 ], [ -37.27183, -5.71254 ], [ -37.27123, -5.71238 ], [ -37.27028, -5.71315 ], [ -37.2692, -5.71506 ], [ -37.26849, -5.7153 ], [ -37.26635, -5.7139 ], [ -37.2656, -5.7139 ], [ -37.26424, -5.71509 ], [ -37.26198, -5.71594 ], [ -37.26047, -5.71748 ], [ -37.2548, -5.71822 ], [ -37.25313, -5.71762 ], [ -37.25103, -5.71751 ], [ -37.24388, -5.708 ], [ -37.24314, -5.70841 ], [ -37.24079, -5.7097 ], [ -37.22058, -5.7175 ], [ -37.21905, -5.72594 ], [ -37.2254, -5.78984 ], [ -37.17949, -5.81906 ], [ -37.19496, -5.82374 ], [ -37.22793, -5.86644 ], [ -37.22833, -5.86695 ], [ -37.22862, -5.86733 ], [ -37.26045, -5.90857 ], [ -37.23359, -5.93943 ], [ -37.16234, -6.02117 ], [ -37.16262, -6.02218 ], [ -37.17393, -6.04802 ], [ -37.17676, -6.04952 ], [ -37.17939, -6.04998 ], [ -37.19429, -6.04803 ], [ -37.19634, -6.04724 ], [ -37.19731, -6.0459 ], [ -37.19867, -6.04237 ], [ -37.20026, -6.04028 ], [ -37.20216, -6.03884 ], [ -37.2044, -6.03815 ], [ -37.20865, -6.03847 ], [ -37.21337, -6.04127 ], [ -37.21642, -6.04248 ], [ -37.2197, -6.04264 ], [ -37.22269, -6.04215 ], [ -37.22398, -6.04106 ], [ -37.22503, -6.03927 ], [ -37.22767, -6.03227 ], [ -37.22987, -6.02893 ], [ -37.23186, -6.02759 ], [ -37.24332, -6.02693 ], [ -37.25061, -6.02591 ], [ -37.25379, -6.02657 ], [ -37.25647, -6.02847 ], [ -37.25803, -6.03166 ], [ -37.25842, -6.03406 ], [ -37.26184, -6.03716 ], [ -37.26258, -6.03846 ], [ -37.2627, -6.04244 ], [ -37.26358, -6.04636 ], [ -37.2668, -6.0511 ], [ -37.26999, -6.0542 ], [ -37.27248, -6.0557 ], [ -37.2774, -6.05731 ], [ -37.28227, -6.05822 ], [ -37.28692, -6.05799 ], [ -37.29557, -6.05009 ], [ -37.29801, -6.04955 ], [ -37.30059, -6.05026 ], [ -37.3092, -6.05776 ], [ -37.31971, -6.06004 ], [ -37.32518, -6.06249 ], [ -37.32882, -6.0647 ], [ -37.32983, -6.0651 ], [ -37.33578, -6.06746 ], [ -37.33895, -6.07036 ], [ -37.34278, -6.0757 ], [ -37.34719, -6.08043 ], [ -37.35443, -6.08649 ], [ -37.35689, -6.08638 ], [ -37.37156, -6.08278 ], [ -37.37293, -6.08297 ], [ -37.37878, -6.08513 ], [ -37.37416, -6.06996 ], [ -37.37949, -6.06755 ], [ -37.38264, -6.06692 ], [ -37.37658, -6.04375 ], [ -37.35905, -6.0061 ], [ -37.37592, -5.98816 ] ] ] } },
{ "type": "Feature", "properties": { "CD_MUN": "2404408", "NM_MUN": "Grossos", "CD_RGI": "240009", "NM_RGI": "Mossoró", "CD_RGINT": "2403", "NM_RGINT": "Mossoró", "CD_UF": "24", "NM_UF": "Rio Grande do Norte", "SIGLA_UF": "RN", "CD_REGIA": "2", "NM_REGIA": "Nordeste", "SIGLA_RG": "NE", "CD_CONCU": null, "NM_CONCU": null, "AREA_KM2": 124.538 }, "geometry": { "type": "Polygon", "coordinates": [ [ [ -37.21018, -4.89471 ], [ -37.20965, -4.89536 ], [ -37.2091, -4.89588 ], [ -37.20861, -4.89636 ], [ -37.20746, -4.89738 ], [ -37.20658, -4.89831 ], [ -37.20584, -4.89914 ], [ -37.20479, -4.90011 ], [ -37.20373, -4.90128 ], [ -37.20195, -4.90278 ], [ -37.20115, -4.90349 ], [ -37.20049, -4.90406 ], [ -37.19972, -4.90462 ], [ -37.1993, -4.90491 ], [ -37.19889, -4.90527 ], [ -37.19772, -4.90626 ], [ -37.19687, -4.90699 ], [ -37.19539, -4.90813 ], [ -37.19368, -4.90933 ], [ -37.19207, -4.91044 ], [ -37.19045, -4.91147 ], [ -37.18939, -4.9121 ], [ -37.18924, -4.91219 ], [ -37.18917, -4.91224 ], [ -37.1881, -4.91304 ], [ -37.18672, -4.91392 ], [ -37.18604, -4.91436 ], [ -37.18445, -4.91523 ], [ -37.18356, -4.91566 ], [ -37.18314, -4.91586 ], [ -37.18166, -4.91655 ], [ -37.18029, -4.9172 ], [ -37.17952, -4.91786 ], [ -37.17862, -4.91861 ], [ -37.17768, -4.91962 ], [ -37.17669, -4.92074 ], [ -37.17474, -4.92279 ], [ -37.17333, -4.92441 ], [ -37.17289, -4.92494 ], [ -37.17219, -4.92579 ], [ -37.17032, -4.92822 ], [ -37.16978, -4.92904 ], [ -37.16925, -4.92966 ], [ -37.16872, -4.93023 ], [ -37.16843, -4.93051 ], [ -37.1682, -4.93073 ], [ -37.16795, -4.93117 ], [ -37.16782, -4.93146 ], [ -37.16762, -4.9317 ], [ -37.16745, -4.93187 ], [ -37.16724, -4.93198 ], [ -37.16709, -4.93206 ], [ -37.16686, -4.93231 ], [ -37.16653, -4.93268 ], [ -37.16596, -4.93331 ], [ -37.16571, -4.93378 ], [ -37.16547, -4.93407 ], [ -37.16425, -4.93545 ], [ -37.16327, -4.9367 ], [ -37.16249, -4.93779 ], [ -37.16182, -4.93883 ], [ -37.16098, -4.94013 ], [ -37.16051, -4.94107 ], [ -37.16033, -4.94167 ], [ -37.16002, -4.94249 ], [ -37.1594, -4.94343 ], [ -37.15867, -4.94436 ], [ -37.15764, -4.94537 ], [ -37.15645, -4.94626 ], [ -37.15509, -4.94711 ], [ -37.15413, -4.94761 ], [ -37.15314, -4.94811 ], [ -37.15215, -4.94856 ], [ -37.1501, -4.94925 ], [ -37.14835, -4.94963 ], [ -37.14662, -4.94991 ], [ -37.14513, -4.94994 ], [ -37.14384, -4.94997 ], [ -37.14211, -4.94981 ], [ -37.14163, -4.94979 ], [ -37.13856, -4.94795 ], [ -37.13797, -4.94876 ], [ -37.13769, -4.9497 ], [ -37.13736, -4.95075 ], [ -37.13732, -4.9509 ], [ -37.13732, -4.95282 ], [ -37.13731, -4.9535 ], [ -37.13827, -4.95694 ], [ -37.13858, -4.95743 ], [ -37.14112, -4.96151 ], [ -37.14335, -4.96508 ], [ -37.14454, -4.96699 ], [ -37.14652, -4.97183 ], [ -37.14734, -4.97517 ], [ -37.14743, -4.97796 ], [ -37.14691, -4.98028 ], [ -37.14533, -4.98251 ], [ -37.14144, -4.98492 ], [ -37.13669, -4.98711 ], [ -37.13371, -4.98907 ], [ -37.13209, -4.99063 ], [ -37.13119, -4.99243 ], [ -37.13105, -4.99458 ], [ -37.13165, -4.99858 ], [ -37.13231, -5.00038 ], [ -37.13499, -5.00364 ], [ -37.13665, -5.00505 ], [ -37.14007, -5.00796 ], [ -37.14472, -5.00958 ], [ -37.14984, -5.00977 ], [ -37.15354, -5.01029 ], [ -37.15544, -5.01073 ], [ -37.15962, -5.01227 ], [ -37.16195, -5.01345 ], [ -37.16272, -5.01355 ], [ -37.16381, -5.01415 ], [ -37.16493, -5.01548 ], [ -37.16669, -5.01504 ], [ -37.16597, -5.00311 ], [ -37.17666, -4.9702 ], [ -37.20877, -4.99167 ], [ -37.22011, -4.9864 ], [ -37.22087, -4.98605 ], [ -37.30682, -4.94608 ], [ -37.30785, -4.9456 ], [ -37.3075, -4.94353 ], [ -37.30466, -4.94309 ], [ -37.29202, -4.94115 ], [ -37.29027, -4.94094 ], [ -37.28724, -4.94093 ], [ -37.28564, -4.9412 ], [ -37.27035, -4.94553 ], [ -37.27033, -4.94534 ], [ -37.26997, -4.94174 ], [ -37.26908, -4.93806 ], [ -37.269, -4.93557 ], [ -37.26925, -4.93358 ], [ -37.27083, -4.93088 ], [ -37.27089, -4.92837 ], [ -37.27068, -4.92785 ], [ -37.26947, -4.92672 ], [ -37.26876, -4.92507 ], [ -37.26872, -4.92367 ], [ -37.2698, -4.91928 ], [ -37.2698, -4.91843 ], [ -37.26913, -4.91617 ], [ -37.26917, -4.91438 ], [ -37.2694, -4.91317 ], [ -37.2693, -4.91216 ], [ -37.26896, -4.91165 ], [ -37.26672, -4.91037 ], [ -37.26628, -4.9099 ], [ -37.26268, -4.90412 ], [ -37.26235, -4.90387 ], [ -37.23417, -4.89299 ], [ -37.23428, -4.89117 ], [ -37.23332, -4.88845 ], [ -37.23118, -4.88677 ], [ -37.22449, -4.88325 ], [ -37.22164, -4.88174 ], [ -37.221, -4.8814 ], [ -37.22033, -4.88234 ], [ -37.21942, -4.88344 ], [ -37.21837, -4.88482 ], [ -37.21735, -4.88603 ], [ -37.21666, -4.88701 ], [ -37.21552, -4.88826 ], [ -37.21479, -4.88913 ], [ -37.2139, -4.89031 ], [ -37.21321, -4.8911 ], [ -37.21249, -4.89197 ], [ -37.2113, -4.89332 ], [ -37.21058, -4.89416 ], [ -37.21024, -4.89464 ], [ -37.21018, -4.89471 ] ] ] } },
{ "type": "Feature", "properties": { "CD_MUN": "2403103", "NM_MUN": "Currais Novos", "CD_RGI": "240008", "NM_RGI": "Currais Novos", "CD_RGINT": "2402", "NM_RGINT": "Caicó", "CD_UF": "24", "NM_UF": "Rio Grande do Norte", "SIGLA_UF": "RN", "CD_REGIA": "2", "NM_REGIA": "Nordeste", "SIGLA_RG": "NE", "CD_CONCU": null, "NM_CONCU": null, "AREA_KM2": 864.349 }, "geometry": { "type": "Polygon", "coordinates": [ [ [ -36.59868, -6.23441 ], [ -36.59947, -6.23196 ], [ -36.6019, -6.23117 ], [ -36.60618, -6.23077 ], [ -36.60685, -6.22972 ], [ -36.60666, -6.2283 ], [ -36.60556, -6.22736 ], [ -36.60097, -6.22625 ], [ -36.59918, -6.21607 ], [ -36.59985, -6.21463 ], [ -36.60337, -6.21308 ], [ -36.60415, -6.2121 ], [ -36.60781, -6.20364 ], [ -36.61359, -6.19809 ], [ -36.61604, -6.1969 ], [ -36.61768, -6.19541 ], [ -36.61887, -6.19237 ], [ -36.61566, -6.17465 ], [ -36.61672, -6.17077 ], [ -36.61822, -6.16829 ], [ -36.62539, -6.1604 ], [ -36.62684, -6.15837 ], [ -36.62794, -6.15534 ], [ -36.62732, -6.15148 ], [ -36.62287, -6.14085 ], [ -36.62231, -6.13176 ], [ -36.61033, -6.1316 ], [ -36.60851, -6.1279 ], [ -36.60597, -6.12447 ], [ -36.60488, -6.124 ], [ -36.60265, -6.12568 ], [ -36.60149, -6.12488 ], [ -36.59957, -6.12513 ], [ -36.59779, -6.12714 ], [ -36.59432, -6.12776 ], [ -36.59255, -6.13015 ], [ -36.5922, -6.13398 ], [ -36.59265, -6.13711 ], [ -36.5912, -6.13957 ], [ -36.59107, -6.13979 ], [ -36.58866, -6.13957 ], [ -36.58871, -6.13674 ], [ -36.58651, -6.13368 ], [ -36.58351, -6.13132 ], [ -36.58174, -6.13074 ], [ -36.58007, -6.13157 ], [ -36.57982, -6.13245 ], [ -36.58037, -6.13619 ], [ -36.58152, -6.13849 ], [ -36.58138, -6.14099 ], [ -36.58063, -6.14132 ], [ -36.57832, -6.14141 ], [ -36.57778, -6.14103 ], [ -36.57439, -6.13702 ], [ -36.57562, -6.13491 ], [ -36.57247, -6.13203 ], [ -36.57149, -6.13329 ], [ -36.57024, -6.13229 ], [ -36.56762, -6.13248 ], [ -36.56411, -6.13149 ], [ -36.56289, -6.1329 ], [ -36.56041, -6.13424 ], [ -36.55846, -6.13267 ], [ -36.55692, -6.13268 ], [ -36.55408, -6.13132 ], [ -36.55316, -6.13135 ], [ -36.55273, -6.13306 ], [ -36.55279, -6.13515 ], [ -36.5522, -6.13662 ], [ -36.55028, -6.13661 ], [ -36.54986, -6.1372 ], [ -36.54999, -6.13778 ], [ -36.55135, -6.13899 ], [ -36.55129, -6.14052 ], [ -36.5507, -6.14122 ], [ -36.54826, -6.1415 ], [ -36.54798, -6.14379 ], [ -36.54723, -6.14375 ], [ -36.54693, -6.14306 ], [ -36.54715, -6.13998 ], [ -36.5457, -6.13784 ], [ -36.54516, -6.13793 ], [ -36.54429, -6.14103 ], [ -36.5423, -6.13973 ], [ -36.53989, -6.13892 ], [ -36.53889, -6.13788 ], [ -36.53859, -6.13656 ], [ -36.53984, -6.13453 ], [ -36.53708, -6.13357 ], [ -36.53576, -6.13119 ], [ -36.53357, -6.13053 ], [ -36.53029, -6.1304 ], [ -36.52882, -6.12695 ], [ -36.52746, -6.12577 ], [ -36.52713, -6.12373 ], [ -36.52277, -6.11685 ], [ -36.52286, -6.11627 ], [ -36.52361, -6.11623 ], [ -36.52644, -6.11745 ], [ -36.5275, -6.11685 ], [ -36.52631, -6.1138 ], [ -36.52104, -6.11317 ], [ -36.52056, -6.11221 ], [ -36.52293, -6.11031 ], [ -36.52213, -6.10824 ], [ -36.52134, -6.1079 ], [ -36.5185, -6.10889 ], [ -36.51694, -6.11031 ], [ -36.51469, -6.10839 ], [ -36.51587, -6.1061 ], [ -36.51584, -6.10435 ], [ -36.51836, -6.10226 ], [ -36.51616, -6.10208 ], [ -36.51572, -6.10155 ], [ -36.51621, -6.10034 ], [ -36.51571, -6.09987 ], [ -36.51285, -6.10175 ], [ -36.5108, -6.10375 ], [ -36.50993, -6.10366 ], [ -36.50931, -6.10324 ], [ -36.51038, -6.1016 ], [ -36.51006, -6.10093 ], [ -36.50633, -6.09931 ], [ -36.50657, -6.10073 ], [ -36.50578, -6.1011 ], [ -36.50499, -6.10072 ], [ -36.50392, -6.0985 ], [ -36.50267, -6.09841 ], [ -36.50253, -6.09856 ], [ -36.5023, -6.09879 ], [ -36.5021, -6.09947 ], [ -36.50351, -6.10106 ], [ -36.50292, -6.1019 ], [ -36.50461, -6.10217 ], [ -36.50535, -6.10285 ], [ -36.50469, -6.10368 ], [ -36.50555, -6.10451 ], [ -36.50504, -6.10483 ], [ -36.50509, -6.10572 ], [ -36.50365, -6.10607 ], [ -36.5031, -6.10798 ], [ -36.50223, -6.10702 ], [ -36.50328, -6.10477 ], [ -36.50343, -6.10392 ], [ -36.50294, -6.10304 ], [ -36.50194, -6.10312 ], [ -36.49832, -6.10484 ], [ -36.49497, -6.10344 ], [ -36.49438, -6.10411 ], [ -36.49558, -6.10561 ], [ -36.49472, -6.10755 ], [ -36.49413, -6.1073 ], [ -36.49352, -6.10542 ], [ -36.49302, -6.10512 ], [ -36.49256, -6.10558 ], [ -36.49252, -6.10935 ], [ -36.49177, -6.11027 ], [ -36.49044, -6.10972 ], [ -36.49003, -6.10859 ], [ -36.48928, -6.10813 ], [ -36.48718, -6.11187 ], [ -36.4887, -6.11194 ], [ -36.48928, -6.11248 ], [ -36.49047, -6.11151 ], [ -36.49185, -6.11148 ], [ -36.49213, -6.11289 ], [ -36.49179, -6.11494 ], [ -36.4958, -6.11593 ], [ -36.49432, -6.11226 ], [ -36.49447, -6.1117 ], [ -36.49505, -6.11145 ], [ -36.49572, -6.11179 ], [ -36.49688, -6.11371 ], [ -36.49792, -6.11305 ], [ -36.49817, -6.11359 ], [ -36.49743, -6.1159 ], [ -36.50025, -6.11696 ], [ -36.50308, -6.11689 ], [ -36.50367, -6.11966 ], [ -36.50509, -6.12008 ], [ -36.50634, -6.1198 ], [ -36.50905, -6.12196 ], [ -36.50917, -6.12292 ], [ -36.50726, -6.12674 ], [ -36.5033, -6.13743 ], [ -36.50185, -6.1375 ], [ -36.49883, -6.13517 ], [ -36.49455, -6.13508 ], [ -36.49204, -6.1366 ], [ -36.48398, -6.13079 ], [ -36.48208, -6.13076 ], [ -36.47851, -6.12833 ], [ -36.47794, -6.12553 ], [ -36.47348, -6.12342 ], [ -36.47045, -6.1211 ], [ -36.46873, -6.12094 ], [ -36.46747, -6.12177 ], [ -36.4599, -6.1153 ], [ -36.45791, -6.11612 ], [ -36.45716, -6.11595 ], [ -36.45596, -6.1149 ], [ -36.45561, -6.11392 ], [ -36.45502, -6.11413 ], [ -36.44885, -6.1122 ], [ -36.44664, -6.11344 ], [ -36.4478, -6.11532 ], [ -36.44763, -6.11578 ], [ -36.44463, -6.11702 ], [ -36.43654, -6.11521 ], [ -36.43634, -6.11441 ], [ -36.43594, -6.11505 ], [ -36.43594, -6.11429 ], [ -36.43535, -6.11483 ], [ -36.43515, -6.11397 ], [ -36.43432, -6.11471 ], [ -36.43382, -6.11359 ], [ -36.43197, -6.11411 ], [ -36.42898, -6.11268 ], [ -36.42848, -6.11984 ], [ -36.42912, -6.12233 ], [ -36.42882, -6.12328 ], [ -36.42703, -6.12469 ], [ -36.42935, -6.12583 ], [ -36.43136, -6.12961 ], [ -36.4272, -6.13136 ], [ -36.42703, -6.13203 ], [ -36.42757, -6.13291 ], [ -36.43321, -6.13668 ], [ -36.43403, -6.13877 ], [ -36.43326, -6.14095 ], [ -36.43214, -6.14214 ], [ -36.42907, -6.14179 ], [ -36.42762, -6.14078 ], [ -36.42589, -6.13623 ], [ -36.42383, -6.13281 ], [ -36.42421, -6.13093 ], [ -36.41341, -6.12956 ], [ -36.41279, -6.12934 ], [ -36.41114, -6.12837 ], [ -36.40877, -6.12559 ], [ -36.40714, -6.12314 ], [ -36.40571, -6.12252 ], [ -36.40477, -6.12037 ], [ -36.40198, -6.1188 ], [ -36.39942, -6.11866 ], [ -36.39888, -6.11824 ], [ -36.39857, -6.11749 ], [ -36.39875, -6.11551 ], [ -36.39926, -6.11472 ], [ -36.40216, -6.11328 ], [ -36.40475, -6.1131 ], [ -36.40548, -6.11236 ], [ -36.40566, -6.11084 ], [ -36.40755, -6.10993 ], [ -36.40796, -6.10872 ], [ -36.41086, -6.10748 ], [ -36.4117, -6.1042 ], [ -36.35318, -6.09885 ], [ -36.34712, -6.09829 ], [ -36.34337, -6.09795 ], [ -36.33588, -6.10208 ], [ -36.32893, -6.10647 ], [ -36.32098, -6.11246 ], [ -36.30455, -6.12074 ], [ -36.2957, -6.12217 ], [ -36.25685, -6.15802 ], [ -36.25767, -6.19879 ], [ -36.25895, -6.20098 ], [ -36.26317, -6.21724 ], [ -36.26423, -6.22015 ], [ -36.26628, -6.22364 ], [ -36.26712, -6.22728 ], [ -36.26702, -6.2293 ], [ -36.266, -6.23088 ], [ -36.26497, -6.23248 ], [ -36.26203, -6.23703 ], [ -36.25978, -6.2396 ], [ -36.25825, -6.24323 ], [ -36.25867, -6.24581 ], [ -36.26098, -6.24849 ], [ -36.26562, -6.25102 ], [ -36.26863, -6.25546 ], [ -36.26908, -6.25613 ], [ -36.27157, -6.25784 ], [ -36.27475, -6.25915 ], [ -36.27865, -6.26216 ], [ -36.27915, -6.26491 ], [ -36.28153, -6.27049 ], [ -36.28182, -6.27348 ], [ -36.28396, -6.27471 ], [ -36.28904, -6.27578 ], [ -36.29109, -6.277 ], [ -36.29208, -6.27871 ], [ -36.29155, -6.28097 ], [ -36.29188, -6.28259 ], [ -36.29377, -6.28348 ], [ -36.29342, -6.28542 ], [ -36.2954, -6.28584 ], [ -36.29498, -6.29211 ], [ -36.2974, -6.28916 ], [ -36.30352, -6.28303 ], [ -36.30488, -6.28219 ], [ -36.30759, -6.2815 ], [ -36.31364, -6.28336 ], [ -36.32949, -6.2941 ], [ -36.34346, -6.30223 ], [ -36.34399, -6.30253 ], [ -36.34399, -6.30254 ], [ -36.35427, -6.30852 ], [ -36.35758, -6.30999 ], [ -36.3626, -6.30998 ], [ -36.39456, -6.29397 ], [ -36.41542, -6.33306 ], [ -36.42848, -6.35966 ], [ -36.43031, -6.36226 ], [ -36.4326, -6.3631 ], [ -36.44478, -6.36218 ], [ -36.44879, -6.36195 ], [ -36.46356, -6.36112 ], [ -36.46356, -6.36112 ], [ -36.48706, -6.3598 ], [ -36.49985, -6.35816 ], [ -36.5002, -6.36967 ], [ -36.50022, -6.37039 ], [ -36.50364, -6.38003 ], [ -36.50438, -6.38645 ], [ -36.50588, -6.38598 ], [ -36.50943, -6.38279 ], [ -36.51198, -6.38214 ], [ -36.51783, -6.37821 ], [ -36.52729, -6.37632 ], [ -36.53804, -6.37261 ], [ -36.54077, -6.37309 ], [ -36.54243, -6.3729 ], [ -36.54364, -6.36706 ], [ -36.54584, -6.36381 ], [ -36.54893, -6.36291 ], [ -36.55086, -6.36186 ], [ -36.55086, -6.35402 ], [ -36.55086, -6.35079 ], [ -36.55002, -6.34776 ], [ -36.54798, -6.34437 ], [ -36.54877, -6.34261 ], [ -36.55323, -6.33988 ], [ -36.55353, -6.33595 ], [ -36.55326, -6.33473 ], [ -36.55482, -6.3308 ], [ -36.55762, -6.33024 ], [ -36.55817, -6.32974 ], [ -36.55731, -6.32903 ], [ -36.55764, -6.32862 ], [ -36.55933, -6.32826 ], [ -36.55994, -6.32744 ], [ -36.56075, -6.32376 ], [ -36.5617, -6.32169 ], [ -36.56191, -6.3178 ], [ -36.56266, -6.31603 ], [ -36.56354, -6.31546 ], [ -36.56385, -6.31427 ], [ -36.5644, -6.31424 ], [ -36.56477, -6.31366 ], [ -36.56444, -6.31286 ], [ -36.56497, -6.31228 ], [ -36.56685, -6.31201 ], [ -36.56702, -6.31121 ], [ -36.56768, -6.31088 ], [ -36.56999, -6.31148 ], [ -36.57091, -6.31101 ], [ -36.57086, -6.30975 ], [ -36.57585, -6.30781 ], [ -36.58475, -6.30638 ], [ -36.58581, -6.30447 ], [ -36.58564, -6.30337 ], [ -36.5841, -6.30118 ], [ -36.58424, -6.30054 ], [ -36.58477, -6.29988 ], [ -36.58946, -6.29727 ], [ -36.59249, -6.29699 ], [ -36.59527, -6.29161 ], [ -36.59606, -6.28823 ], [ -36.60427, -6.29049 ], [ -36.60459, -6.29037 ], [ -36.60682, -6.28942 ], [ -36.6079, -6.28707 ], [ -36.60679, -6.27832 ], [ -36.6049, -6.27467 ], [ -36.59642, -6.26226 ], [ -36.59165, -6.24773 ], [ -36.59188, -6.24529 ], [ -36.59293, -6.24464 ], [ -36.59587, -6.24465 ], [ -36.59745, -6.24346 ], [ -36.59857, -6.24158 ], [ -36.59902, -6.23851 ], [ -36.59868, -6.23441 ] ] ] } },
{ "type": "Feature", "properties": { "CD_MUN": "2411403", "NM_MUN": "Santana do Matos", "CD_RGI": "240011", "NM_RGI": "Açu", "CD_RGINT": "2403", "NM_RGINT": "Mossoró", "CD_UF": "24", "NM_UF": "Rio Grande do Norte", "SIGLA_UF": "RN", "CD_REGIA": "2", "NM_REGIA": "Nordeste", "SIGLA_RG": "NE", "CD_CONCU": null, "NM_CONCU": null, "AREA_KM2": 1422.268 }, "geometry": { "type": "Polygon", "coordinates": [ [ [ -36.52519, -5.7653 ], [ -36.52203, -5.76389 ], [ -36.51613, -5.76049 ], [ -36.50917, -5.75594 ], [ -36.43305, -5.78098 ], [ -36.38922, -5.79538 ], [ -36.35636, -5.84904 ], [ -36.28475, -5.85929 ], [ -36.32067, -5.86557 ], [ -36.33234, -5.8941 ], [ -36.33405, -5.8898 ], [ -36.33344, -5.88775 ], [ -36.33207, -5.88478 ], [ -36.33071, -5.88101 ], [ -36.33018, -5.8789 ], [ -36.32997, -5.877 ], [ -36.33003, -5.87579 ], [ -36.33047, -5.87427 ], [ -36.33194, -5.87285 ], [ -36.33359, -5.8722 ], [ -36.33587, -5.87153 ], [ -36.33842, -5.87123 ], [ -36.34113, -5.87119 ], [ -36.34269, -5.8714 ], [ -36.34429, -5.87139 ], [ -36.35112, -5.87063 ], [ -36.35542, -5.87131 ], [ -36.35764, -5.87211 ], [ -36.35894, -5.87232 ], [ -36.36218, -5.87323 ], [ -36.3631, -5.87377 ], [ -36.36496, -5.87522 ], [ -36.36599, -5.87528 ], [ -36.36691, -5.87513 ], [ -36.36821, -5.87466 ], [ -36.3706, -5.87304 ], [ -36.37115, -5.87214 ], [ -36.37213, -5.87141 ], [ -36.3734, -5.87081 ], [ -36.37422, -5.87019 ], [ -36.37515, -5.86903 ], [ -36.3758, -5.86872 ], [ -36.37775, -5.86678 ], [ -36.37985, -5.86404 ], [ -36.38187, -5.86104 ], [ -36.38265, -5.85944 ], [ -36.38289, -5.85873 ], [ -36.38285, -5.85686 ], [ -36.38355, -5.85414 ], [ -36.38408, -5.85341 ], [ -36.38505, -5.85261 ], [ -36.38606, -5.85222 ], [ -36.38771, -5.85191 ], [ -36.38844, -5.85191 ], [ -36.38931, -5.85232 ], [ -36.39651, -5.85755 ], [ -36.39884, -5.85885 ], [ -36.40113, -5.85962 ], [ -36.40301, -5.85985 ], [ -36.40561, -5.85971 ], [ -36.40693, -5.85927 ], [ -36.40758, -5.85906 ], [ -36.41482, -5.85843 ], [ -36.42273, -5.89088 ], [ -36.42407, -5.89379 ], [ -36.42413, -5.89638 ], [ -36.42442, -5.89739 ], [ -36.42598, -5.89997 ], [ -36.42664, -5.90207 ], [ -36.42659, -5.90434 ], [ -36.42678, -5.90466 ], [ -36.42954, -5.90431 ], [ -36.42998, -5.9047 ], [ -36.43128, -5.90715 ], [ -36.43281, -5.9092 ], [ -36.43387, -5.91013 ], [ -36.43547, -5.91089 ], [ -36.47501, -5.92657 ], [ -36.50769, -5.95815 ], [ -36.52871, -5.97846 ], [ -36.54038, -5.98974 ], [ -36.54744, -6.05627 ], [ -36.55474, -6.05889 ], [ -36.57388, -6.06576 ], [ -36.58513, -6.06979 ], [ -36.58755, -6.07066 ], [ -36.61177, -6.07934 ], [ -36.612, -6.07943 ], [ -36.61423, -6.08023 ], [ -36.61424, -6.08023 ], [ -36.63872, -6.08901 ], [ -36.65327, -6.11184 ], [ -36.66875, -6.11234 ], [ -36.67842, -6.10895 ], [ -36.67843, -6.10895 ], [ -36.68765, -6.10572 ], [ -36.69341, -6.1037 ], [ -36.69366, -6.104 ], [ -36.69546, -6.10542 ], [ -36.70175, -6.10448 ], [ -36.71016, -6.10185 ], [ -36.71491, -6.09982 ], [ -36.71989, -6.09526 ], [ -36.72307, -6.0933 ], [ -36.72665, -6.08959 ], [ -36.72737, -6.08734 ], [ -36.7275, -6.08545 ], [ -36.72727, -6.08391 ], [ -36.72674, -6.08285 ], [ -36.72228, -6.07774 ], [ -36.71988, -6.07195 ], [ -36.72564, -6.0637 ], [ -36.72878, -6.05943 ], [ -36.73086, -6.0566 ], [ -36.73666, -6.05496 ], [ -36.74277, -6.05515 ], [ -36.74274, -6.05542 ], [ -36.74213, -6.05581 ], [ -36.74257, -6.05737 ], [ -36.74319, -6.0575 ], [ -36.74374, -6.05786 ], [ -36.74387, -6.0584 ], [ -36.74432, -6.05902 ], [ -36.7445, -6.0597 ], [ -36.74566, -6.06076 ], [ -36.74565, -6.06145 ], [ -36.7464, -6.06231 ], [ -36.74901, -6.06276 ], [ -36.7495, -6.06268 ], [ -36.75166, -6.061 ], [ -36.7518, -6.06041 ], [ -36.75261, -6.05982 ], [ -36.75389, -6.05791 ], [ -36.75501, -6.05698 ], [ -36.75492, -6.05655 ], [ -36.75519, -6.05617 ], [ -36.75531, -6.05569 ], [ -36.76657, -6.05616 ], [ -36.78213, -6.05008 ], [ -36.78236, -6.04801 ], [ -36.78328, -6.04445 ], [ -36.78367, -6.04361 ], [ -36.78502, -6.04122 ], [ -36.78637, -6.03992 ], [ -36.78805, -6.03939 ], [ -36.78973, -6.03928 ], [ -36.79118, -6.0394 ], [ -36.79336, -6.04011 ], [ -36.79559, -6.04252 ], [ -36.79915, -6.04841 ], [ -36.80132, -6.0501 ], [ -36.81251, -6.05324 ], [ -36.82093, -6.05389 ], [ -36.8295, -6.05424 ], [ -36.8302, -6.05315 ], [ -36.83362, -6.05379 ], [ -36.83611, -6.0524 ], [ -36.83635, -6.04929 ], [ -36.83491, -6.04151 ], [ -36.84376, -6.04045 ], [ -36.84911, -6.04141 ], [ -36.85539, -6.04428 ], [ -36.8489, -6.03783 ], [ -36.84806, -6.03621 ], [ -36.84788, -6.03465 ], [ -36.85315, -6.03018 ], [ -36.85451, -6.02751 ], [ -36.85465, -6.02527 ], [ -36.85091, -6.0169 ], [ -36.85028, -6.01423 ], [ -36.84906, -6.01163 ], [ -36.84896, -6.01033 ], [ -36.85047, -6.00615 ], [ -36.85261, -6.00288 ], [ -36.85308, -6.00079 ], [ -36.85419, -5.99922 ], [ -36.85451, -5.99623 ], [ -36.85508, -5.99538 ], [ -36.85726, -5.99472 ], [ -36.85742, -5.99422 ], [ -36.85639, -5.99376 ], [ -36.85628, -5.99291 ], [ -36.85799, -5.99063 ], [ -36.85715, -5.98945 ], [ -36.85875, -5.98716 ], [ -36.85871, -5.98456 ], [ -36.85915, -5.98414 ], [ -36.86085, -5.98395 ], [ -36.86163, -5.98155 ], [ -36.86381, -5.98149 ], [ -36.86519, -5.98244 ], [ -36.86608, -5.98233 ], [ -36.86629, -5.98025 ], [ -36.8679, -5.97966 ], [ -36.86827, -5.97845 ], [ -36.86848, -5.97355 ], [ -36.86949, -5.97269 ], [ -36.87045, -5.97316 ], [ -36.87223, -5.97581 ], [ -36.87311, -5.97642 ], [ -36.87701, -5.976 ], [ -36.87992, -5.97771 ], [ -36.88145, -5.97654 ], [ -36.88178, -5.97423 ], [ -36.88273, -5.97415 ], [ -36.88512, -5.97495 ], [ -36.88784, -5.97366 ], [ -36.88857, -5.97417 ], [ -36.88863, -5.97662 ], [ -36.89225, -5.97715 ], [ -36.89266, -5.97694 ], [ -36.89373, -5.97496 ], [ -36.87845, -5.96064 ], [ -36.87605, -5.96387 ], [ -36.83564, -5.92851 ], [ -36.81807, -5.91314 ], [ -36.80042, -5.89248 ], [ -36.77356, -5.86104 ], [ -36.77281, -5.85869 ], [ -36.77261, -5.85741 ], [ -36.77263, -5.85462 ], [ -36.77292, -5.85119 ], [ -36.77263, -5.84767 ], [ -36.77264, -5.84417 ], [ -36.77285, -5.84333 ], [ -36.77338, -5.84237 ], [ -36.77348, -5.84173 ], [ -36.77229, -5.83685 ], [ -36.77244, -5.83571 ], [ -36.77275, -5.83498 ], [ -36.774, -5.83377 ], [ -36.77471, -5.83225 ], [ -36.77498, -5.83023 ], [ -36.77539, -5.8288 ], [ -36.7759, -5.82801 ], [ -36.77732, -5.82708 ], [ -36.77748, -5.82629 ], [ -36.7774, -5.82533 ], [ -36.77681, -5.82277 ], [ -36.77635, -5.82153 ], [ -36.77495, -5.82019 ], [ -36.77484, -5.81965 ], [ -36.7754, -5.81852 ], [ -36.77551, -5.81793 ], [ -36.77515, -5.81729 ], [ -36.77437, -5.81662 ], [ -36.77407, -5.81598 ], [ -36.77408, -5.81528 ], [ -36.77486, -5.81348 ], [ -36.77496, -5.80977 ], [ -36.77534, -5.80763 ], [ -36.77556, -5.80482 ], [ -36.77673, -5.80319 ], [ -36.77663, -5.80245 ], [ -36.77577, -5.80186 ], [ -36.77364, -5.80229 ], [ -36.7724, -5.80192 ], [ -36.77159, -5.80133 ], [ -36.77072, -5.79939 ], [ -36.76866, -5.79303 ], [ -36.77647, -5.779 ], [ -36.78974, -5.75517 ], [ -36.78806, -5.75457 ], [ -36.78671, -5.75489 ], [ -36.7854, -5.75567 ], [ -36.77982, -5.76187 ], [ -36.77855, -5.76281 ], [ -36.77605, -5.76362 ], [ -36.77278, -5.76392 ], [ -36.77113, -5.76391 ], [ -36.76948, -5.76366 ], [ -36.76745, -5.76303 ], [ -36.76632, -5.76245 ], [ -36.76327, -5.75733 ], [ -36.76218, -5.75658 ], [ -36.76125, -5.75633 ], [ -36.76015, -5.75657 ], [ -36.75705, -5.75919 ], [ -36.75638, -5.75935 ], [ -36.75547, -5.75901 ], [ -36.75488, -5.75856 ], [ -36.75229, -5.75331 ], [ -36.74469, -5.7396 ], [ -36.74174, -5.73607 ], [ -36.73771, -5.73308 ], [ -36.72962, -5.72594 ], [ -36.72751, -5.72312 ], [ -36.72523, -5.71951 ], [ -36.72239, -5.71583 ], [ -36.72075, -5.71413 ], [ -36.7157, -5.70999 ], [ -36.71413, -5.70894 ], [ -36.70834, -5.70391 ], [ -36.70462, -5.70297 ], [ -36.70268, -5.70143 ], [ -36.69919, -5.69579 ], [ -36.69787, -5.69634 ], [ -36.69508, -5.69794 ], [ -36.69069, -5.70205 ], [ -36.68846, -5.70325 ], [ -36.68209, -5.70382 ], [ -36.67666, -5.70535 ], [ -36.67471, -5.70608 ], [ -36.67309, -5.70803 ], [ -36.66607, -5.71913 ], [ -36.66444, -5.7207 ], [ -36.66267, -5.72188 ], [ -36.66145, -5.72464 ], [ -36.66135, -5.73063 ], [ -36.66067, -5.733 ], [ -36.65957, -5.73589 ], [ -36.65922, -5.73964 ], [ -36.65758, -5.74253 ], [ -36.65487, -5.74423 ], [ -36.64924, -5.74703 ], [ -36.64707, -5.74781 ], [ -36.64571, -5.74886 ], [ -36.64516, -5.7507 ], [ -36.64642, -5.75657 ], [ -36.64588, -5.75801 ], [ -36.64398, -5.75893 ], [ -36.64114, -5.75812 ], [ -36.63925, -5.75667 ], [ -36.63729, -5.75541 ], [ -36.63566, -5.7554 ], [ -36.63404, -5.75592 ], [ -36.6301, -5.75867 ], [ -36.62787, -5.75846 ], [ -36.62516, -5.75753 ], [ -36.62084, -5.75633 ], [ -36.61962, -5.75632 ], [ -36.61643, -5.75716 ], [ -36.56793, -5.75759 ], [ -36.56485, -5.75721 ], [ -36.55039, -5.76937 ], [ -36.52519, -5.7653 ] ] ] } },
{ "type": "Feature", "properties": { "CD_MUN": "2406809", "NM_MUN": "Lajes Pintadas", "CD_RGI": "240004", "NM_RGI": "Santa Cruz", "CD_RGINT": "2401", "NM_RGINT": "Natal", "CD_UF": "24", "NM_UF": "Rio Grande do Norte", "SIGLA_UF": "RN", "CD_REGIA": "2", "NM_REGIA": "Nordeste", "SIGLA_RG": "NE", "CD_CONCU": null, "NM_CONCU": null, "AREA_KM2": 130.211 }, "geometry": { "type": "Polygon", "coordinates": [ [ [ -36.14359, -6.19217 ], [ -36.14615, -6.18738 ], [ -36.15082, -6.17862 ], [ -36.15737, -6.16635 ], [ -36.15754, -6.16604 ], [ -36.15805, -6.16603 ], [ -36.15858, -6.16601 ], [ -36.18108, -6.16539 ], [ -36.2262, -6.16412 ], [ -36.22688, -6.16368 ], [ -36.22793, -6.1604 ], [ -36.22815, -6.15859 ], [ -36.22816, -6.15626 ], [ -36.22705, -6.15427 ], [ -36.22577, -6.1528 ], [ -36.22535, -6.15142 ], [ -36.22514, -6.14969 ], [ -36.22541, -6.14814 ], [ -36.22517, -6.14335 ], [ -36.2245, -6.14149 ], [ -36.22395, -6.14098 ], [ -36.22338, -6.14047 ], [ -36.22168, -6.13984 ], [ -36.21509, -6.13869 ], [ -36.21278, -6.13739 ], [ -36.21109, -6.13483 ], [ -36.2083, -6.1329 ], [ -36.20304, -6.13057 ], [ -36.20016, -6.12961 ], [ -36.19746, -6.12929 ], [ -36.19388, -6.12958 ], [ -36.19218, -6.12918 ], [ -36.19055, -6.12828 ], [ -36.18887, -6.12688 ], [ -36.1851, -6.12625 ], [ -36.18342, -6.12565 ], [ -36.18169, -6.12541 ], [ -36.17377, -6.12174 ], [ -36.17269, -6.11783 ], [ -36.17043, -6.11592 ], [ -36.16857, -6.11491 ], [ -36.16651, -6.11306 ], [ -36.16529, -6.10928 ], [ -36.16401, -6.10749 ], [ -36.16291, -6.10647 ], [ -36.16021, -6.10562 ], [ -36.15927, -6.10549 ], [ -36.1557, -6.10638 ], [ -36.15436, -6.10624 ], [ -36.15286, -6.10573 ], [ -36.1513, -6.10492 ], [ -36.14997, -6.10377 ], [ -36.14549, -6.09862 ], [ -36.14456, -6.09794 ], [ -36.14303, -6.09737 ], [ -36.14073, -6.09695 ], [ -36.13706, -6.0959 ], [ -36.13493, -6.09503 ], [ -36.13304, -6.09344 ], [ -36.13151, -6.09173 ], [ -36.12864, -6.09024 ], [ -36.12384, -6.089 ], [ -36.12214, -6.08879 ], [ -36.12107, -6.08885 ], [ -36.11967, -6.08961 ], [ -36.11715, -6.09172 ], [ -36.11638, -6.09326 ], [ -36.11769, -6.10289 ], [ -36.11729, -6.104 ], [ -36.11638, -6.10443 ], [ -36.11551, -6.10449 ], [ -36.11408, -6.10408 ], [ -36.11237, -6.10261 ], [ -36.11046, -6.10096 ], [ -36.109, -6.09937 ], [ -36.10706, -6.09861 ], [ -36.09714, -6.09946 ], [ -36.09581, -6.09915 ], [ -36.09163, -6.09938 ], [ -36.09026, -6.0993 ], [ -36.08937, -6.09889 ], [ -36.0881, -6.09738 ], [ -36.08754, -6.09695 ], [ -36.08607, -6.09669 ], [ -36.08547, -6.09675 ], [ -36.0853, -6.09705 ], [ -36.08513, -6.09842 ], [ -36.08486, -6.09902 ], [ -36.08167, -6.10151 ], [ -36.08035, -6.10201 ], [ -36.07983, -6.11987 ], [ -36.07704, -6.16269 ], [ -36.07667, -6.16847 ], [ -36.07786, -6.19615 ], [ -36.13376, -6.21057 ], [ -36.14352, -6.1923 ], [ -36.14359, -6.19217 ] ] ] } },
{ "type": "Feature", "properties": { "CD_MUN": "2405504", "NM_MUN": "Jardim de Angicos", "CD_RGI": "240005", "NM_RGI": "João Câmara", "CD_RGINT": "2401", "NM_RGINT": "Natal", "CD_UF": "24", "NM_UF": "Rio Grande do Norte", "SIGLA_UF": "RN", "CD_REGIA": "2", "NM_REGIA": "Nordeste", "SIGLA_RG": "NE", "CD_CONCU": null, "NM_CONCU": null, "AREA_KM2": 254.012 }, "geometry": { "type": "Polygon", "coordinates": [ [ [ -35.92739, -5.65186 ], [ -35.92878, -5.65264 ], [ -35.92976, -5.65287 ], [ -35.93108, -5.65276 ], [ -35.93191, -5.65289 ], [ -35.93278, -5.65343 ], [ -35.93345, -5.65433 ], [ -35.93419, -5.65693 ], [ -35.93604, -5.66097 ], [ -35.93741, -5.66307 ], [ -35.93929, -5.66443 ], [ -35.93967, -5.66488 ], [ -35.94096, -5.66693 ], [ -35.94144, -5.66819 ], [ -35.94167, -5.66878 ], [ -35.93421, -5.71487 ], [ -35.96885, -5.71459 ], [ -35.97063, -5.71431 ], [ -36.00726, -5.70312 ], [ -36.02399, -5.69801 ], [ -36.03229, -5.68834 ], [ -36.06011, -5.65778 ], [ -36.06253, -5.65529 ], [ -36.05641, -5.63855 ], [ -35.99241, -5.46379 ], [ -35.98426, -5.47929 ], [ -35.95799, -5.53353 ], [ -35.95779, -5.53388 ], [ -35.95724, -5.53501 ], [ -35.95689, -5.53575 ], [ -35.91128, -5.62966 ], [ -35.91296, -5.63149 ], [ -35.91381, -5.63213 ], [ -35.91512, -5.63265 ], [ -35.91839, -5.63285 ], [ -35.92179, -5.63375 ], [ -35.92368, -5.63493 ], [ -35.92419, -5.6357 ], [ -35.92438, -5.63661 ], [ -35.92423, -5.63833 ], [ -35.92336, -5.64096 ], [ -35.92279, -5.64503 ], [ -35.92281, -5.64633 ], [ -35.92313, -5.64761 ], [ -35.92429, -5.64985 ], [ -35.9252, -5.65063 ], [ -35.92739, -5.65186 ] ] ] } },
{ "type": "Feature", "properties": { "CD_MUN": "2408607", "NM_MUN": "Paraná", "CD_RGI": "240010", "NM_RGI": "Pau dos Ferros", "CD_RGINT": "2403", "NM_RGINT": "Mossoró", "CD_UF": "24", "NM_UF": "Rio Grande do Norte", "SIGLA_UF": "RN", "CD_REGIA": "2", "NM_REGIA": "Nordeste", "SIGLA_RG": "NE", "CD_CONCU": null, "NM_CONCU": null, "AREA_KM2": 81.39 }, "geometry": { "type": "Polygon", "coordinates": [ [ [ -38.25811, -6.40577 ], [ -38.25735, -6.40753 ], [ -38.25268, -6.41838 ], [ -38.25115, -6.43391 ], [ -38.23485, -6.47032 ], [ -38.22902, -6.48335 ], [ -38.23564, -6.48092 ], [ -38.23923, -6.4803 ], [ -38.24048, -6.48055 ], [ -38.24125, -6.4807 ], [ -38.24172, -6.4808 ], [ -38.24727, -6.48498 ], [ -38.25091, -6.48572 ], [ -38.25289, -6.48542 ], [ -38.25312, -6.48528 ], [ -38.25653, -6.48321 ], [ -38.26141, -6.48515 ], [ -38.26359, -6.48941 ], [ -38.26985, -6.49444 ], [ -38.27254, -6.4959 ], [ -38.27763, -6.49733 ], [ -38.28153, -6.49954 ], [ -38.28872, -6.50562 ], [ -38.29002, -6.49728 ], [ -38.29073, -6.4956 ], [ -38.29375, -6.49131 ], [ -38.29403, -6.4894 ], [ -38.29751, -6.48721 ], [ -38.30069, -6.48849 ], [ -38.30632, -6.48977 ], [ -38.30891, -6.48953 ], [ -38.30911, -6.48951 ], [ -38.30968, -6.48946 ], [ -38.30975, -6.48945 ], [ -38.3098, -6.48945 ], [ -38.30985, -6.48943 ], [ -38.31045, -6.48928 ], [ -38.31201, -6.48887 ], [ -38.31245, -6.48855 ], [ -38.31281, -6.48828 ], [ -38.31386, -6.4875 ], [ -38.31409, -6.48733 ], [ -38.31578, -6.48295 ], [ -38.31598, -6.48242 ], [ -38.31652, -6.48103 ], [ -38.31683, -6.47749 ], [ -38.31792, -6.47464 ], [ -38.31826, -6.47378 ], [ -38.31899, -6.47276 ], [ -38.32279, -6.47032 ], [ -38.32428, -6.46868 ], [ -38.32605, -6.46462 ], [ -38.32844, -6.46066 ], [ -38.3307, -6.45891 ], [ -38.33279, -6.45819 ], [ -38.33657, -6.45873 ], [ -38.33798, -6.4601 ], [ -38.33932, -6.46013 ], [ -38.34225, -6.45767 ], [ -38.3438, -6.45665 ], [ -38.34758, -6.44801 ], [ -38.30684, -6.42608 ], [ -38.29959, -6.41845 ], [ -38.29891, -6.41683 ], [ -38.29763, -6.40644 ], [ -38.29172, -6.40187 ], [ -38.28921, -6.39866 ], [ -38.28819, -6.39694 ], [ -38.2867, -6.39176 ], [ -38.27709, -6.39646 ], [ -38.27163, -6.39842 ], [ -38.27145, -6.40237 ], [ -38.25825, -6.40546 ], [ -38.25811, -6.40577 ] ] ] } },
{ "type": "Feature", "properties": { "CD_MUN": "2407302", "NM_MUN": "Marcelino Vieira", "CD_RGI": "240010", "NM_RGI": "Pau dos Ferros", "CD_RGINT": "2403", "NM_RGINT": "Mossoró", "CD_UF": "24", "NM_UF": "Rio Grande do Norte", "SIGLA_UF": "RN", "CD_REGIA": "2", "NM_REGIA": "Nordeste", "SIGLA_RG": "NE", "CD_CONCU": null, "NM_CONCU": null, "AREA_KM2": 345.711 }, "geometry": { "type": "Polygon", "coordinates": [ [ [ -38.15022, -6.18532 ], [ -38.12915, -6.17583 ], [ -38.08141, -6.19137 ], [ -38.0573, -6.19573 ], [ -38.06354, -6.25361 ], [ -38.09754, -6.31451 ], [ -38.09984, -6.3303 ], [ -38.10066, -6.33594 ], [ -38.10361, -6.35626 ], [ -38.12561, -6.36724 ], [ -38.16471, -6.38676 ], [ -38.18229, -6.36815 ], [ -38.18836, -6.36173 ], [ -38.19147, -6.36657 ], [ -38.19552, -6.36818 ], [ -38.20311, -6.38078 ], [ -38.23845, -6.38559 ], [ -38.23807, -6.37025 ], [ -38.23574, -6.36723 ], [ -38.22533, -6.35703 ], [ -38.23606, -6.33997 ], [ -38.23701, -6.33846 ], [ -38.24748, -6.33378 ], [ -38.24749, -6.3309 ], [ -38.24764, -6.28972 ], [ -38.24835, -6.28881 ], [ -38.25851, -6.27561 ], [ -38.25382, -6.26927 ], [ -38.25117, -6.26538 ], [ -38.2497, -6.26251 ], [ -38.24923, -6.25879 ], [ -38.24913, -6.24926 ], [ -38.2316, -6.23913 ], [ -38.22031, -6.23261 ], [ -38.19435, -6.22077 ], [ -38.19392, -6.22058 ], [ -38.19357, -6.22001 ], [ -38.18373, -6.20393 ], [ -38.172, -6.1953 ], [ -38.16964, -6.19406 ], [ -38.15022, -6.18532 ] ] ] } },
{ "type": "Feature", "properties": { "CD_MUN": "2410108", "NM_MUN": "Poço Branco", "CD_RGI": "240001", "NM_RGI": "Natal", "CD_RGINT": "2401", "NM_RGINT": "Natal", "CD_UF": "24", "NM_UF": "Rio Grande do Norte", "SIGLA_UF": "RN", "CD_REGIA": "2", "NM_REGIA": "Nordeste", "SIGLA_RG": "NE", "CD_CONCU": null, "NM_CONCU": null, "AREA_KM2": 230.401 }, "geometry": { "type": "Polygon", "coordinates": [ [ [ -35.72739, -5.63135 ], [ -35.72817, -5.63134 ], [ -35.72928, -5.63163 ], [ -35.73447, -5.63394 ], [ -35.7372, -5.63589 ], [ -35.73779, -5.63614 ], [ -35.73875, -5.63598 ], [ -35.74252, -5.63467 ], [ -35.74562, -5.63302 ], [ -35.74624, -5.63221 ], [ -35.7475, -5.62931 ], [ -35.74777, -5.62754 ], [ -35.74768, -5.62636 ], [ -35.74656, -5.62316 ], [ -35.74681, -5.61969 ], [ -35.74643, -5.58284 ], [ -35.74617, -5.5592 ], [ -35.74617, -5.55875 ], [ -35.74574, -5.5196 ], [ -35.74574, -5.51935 ], [ -35.74506, -5.45828 ], [ -35.74193, -5.45919 ], [ -35.74024, -5.45947 ], [ -35.73895, -5.4593 ], [ -35.73811, -5.45897 ], [ -35.73576, -5.45762 ], [ -35.73508, -5.45759 ], [ -35.73373, -5.458 ], [ -35.73166, -5.45902 ], [ -35.72978, -5.4595 ], [ -35.72763, -5.4596 ], [ -35.72677, -5.45987 ], [ -35.72544, -5.46062 ], [ -35.72454, -5.46073 ], [ -35.72252, -5.46053 ], [ -35.72018, -5.46072 ], [ -35.71873, -5.46105 ], [ -35.71504, -5.46278 ], [ -35.71314, -5.46302 ], [ -35.71223, -5.46285 ], [ -35.71124, -5.46237 ], [ -35.71052, -5.46174 ], [ -35.70958, -5.46129 ], [ -35.70855, -5.46114 ], [ -35.70412, -5.46157 ], [ -35.70329, -5.4619 ], [ -35.70258, -5.46196 ], [ -35.70157, -5.46176 ], [ -35.69932, -5.46242 ], [ -35.69752, -5.46277 ], [ -35.69548, -5.46302 ], [ -35.69139, -5.46351 ], [ -35.68749, -5.46369 ], [ -35.68503, -5.46323 ], [ -35.68349, -5.46335 ], [ -35.68127, -5.46402 ], [ -35.67899, -5.46542 ], [ -35.67791, -5.46586 ], [ -35.67714, -5.46652 ], [ -35.67564, -5.46704 ], [ -35.67491, -5.4674 ], [ -35.67439, -5.46766 ], [ -35.67363, -5.46861 ], [ -35.67263, -5.46952 ], [ -35.67012, -5.47064 ], [ -35.66894, -5.47139 ], [ -35.66628, -5.47393 ], [ -35.66534, -5.47431 ], [ -35.66249, -5.47492 ], [ -35.66147, -5.47554 ], [ -35.6587, -5.47793 ], [ -35.65751, -5.47832 ], [ -35.6557, -5.47848 ], [ -35.65435, -5.47848 ], [ -35.64991, -5.47798 ], [ -35.64822, -5.4782 ], [ -35.64609, -5.47871 ], [ -35.64526, -5.47907 ], [ -35.64422, -5.47973 ], [ -35.64328, -5.48066 ], [ -35.64223, -5.48109 ], [ -35.63992, -5.48318 ], [ -35.63847, -5.4839 ], [ -35.63741, -5.4855 ], [ -35.63534, -5.48681 ], [ -35.63447, -5.48736 ], [ -35.63127, -5.49032 ], [ -35.62986, -5.49116 ], [ -35.62674, -5.49173 ], [ -35.62564, -5.49226 ], [ -35.66818, -5.49635 ], [ -35.65854, -5.58646 ], [ -35.64551, -5.61186 ], [ -35.64239, -5.62541 ], [ -35.64147, -5.62939 ], [ -35.63182, -5.71439 ], [ -35.63214, -5.71443 ], [ -35.69722, -5.66559 ], [ -35.70691, -5.64037 ], [ -35.70794, -5.63768 ], [ -35.70945, -5.63627 ], [ -35.7109, -5.6352 ], [ -35.71233, -5.63463 ], [ -35.71499, -5.63409 ], [ -35.72331, -5.63285 ], [ -35.72644, -5.63135 ], [ -35.72739, -5.63135 ] ] ] } },
{ "type": "Feature", "properties": { "CD_MUN": "2400901", "NM_MUN": "Antônio Martins", "CD_RGI": "240010", "NM_RGI": "Pau dos Ferros", "CD_RGINT": "2403", "NM_RGINT": "Mossoró", "CD_UF": "24", "NM_UF": "Rio Grande do Norte", "SIGLA_UF": "RN", "CD_REGIA": "2", "NM_REGIA": "Nordeste", "SIGLA_RG": "NE", "CD_CONCU": null, "NM_CONCU": null, "AREA_KM2": 244.897 }, "geometry": { "type": "Polygon", "coordinates": [ [ [ -37.92922, -6.26342 ], [ -37.96333, -6.25645 ], [ -37.97139, -6.25536 ], [ -37.97415, -6.2553 ], [ -38.03613, -6.25413 ], [ -38.03621, -6.25413 ], [ -38.06354, -6.25361 ], [ -38.0573, -6.19573 ], [ -38.05491, -6.16103 ], [ -38.04166, -6.1691 ], [ -38.04387, -6.17105 ], [ -38.04663, -6.17187 ], [ -38.04715, -6.17214 ], [ -38.04742, -6.17249 ], [ -38.04743, -6.17356 ], [ -38.04689, -6.17565 ], [ -38.04669, -6.17718 ], [ -38.04651, -6.1803 ], [ -38.04619, -6.18108 ], [ -38.04423, -6.18366 ], [ -38.04223, -6.18568 ], [ -38.03784, -6.18937 ], [ -38.03165, -6.19241 ], [ -38.03024, -6.19402 ], [ -38.02907, -6.19648 ], [ -38.02923, -6.19911 ], [ -38.02826, -6.20158 ], [ -38.02764, -6.20272 ], [ -38.02416, -6.20572 ], [ -38.02287, -6.20775 ], [ -38.02237, -6.20949 ], [ -38.02194, -6.20975 ], [ -38.01959, -6.20992 ], [ -38.01788, -6.20992 ], [ -38.01531, -6.20989 ], [ -38.01202, -6.20996 ], [ -38.01058, -6.20965 ], [ -38.008, -6.20917 ], [ -38.00732, -6.20924 ], [ -38.00643, -6.20962 ], [ -38.00561, -6.21023 ], [ -38.004, -6.21123 ], [ -38.0019, -6.21119 ], [ -38.00036, -6.21088 ], [ -37.99885, -6.21071 ], [ -37.997, -6.21068 ], [ -37.99324, -6.21027 ], [ -37.99215, -6.2098 ], [ -37.99072, -6.20888 ], [ -37.98724, -6.20596 ], [ -37.98491, -6.20465 ], [ -37.98438, -6.20423 ], [ -37.98408, -6.20399 ], [ -37.98275, -6.20204 ], [ -37.98232, -6.20167 ], [ -37.98185, -6.20145 ], [ -37.98027, -6.20071 ], [ -37.97714, -6.19533 ], [ -37.97601, -6.19279 ], [ -37.97526, -6.19186 ], [ -37.97312, -6.19069 ], [ -37.97178, -6.18745 ], [ -37.97156, -6.18552 ], [ -37.97124, -6.18489 ], [ -37.96866, -6.18267 ], [ -37.96781, -6.1815 ], [ -37.96605, -6.17728 ], [ -37.96378, -6.17474 ], [ -37.96087, -6.17295 ], [ -37.95809, -6.17195 ], [ -37.95748, -6.17155 ], [ -37.95595, -6.16973 ], [ -37.95475, -6.1688 ], [ -37.95457, -6.16828 ], [ -37.95328, -6.16677 ], [ -37.95262, -6.16525 ], [ -37.95195, -6.16478 ], [ -37.94965, -6.1638 ], [ -37.94708, -6.16048 ], [ -37.94545, -6.16117 ], [ -37.94479, -6.16117 ], [ -37.9427, -6.16061 ], [ -37.94243, -6.16087 ], [ -37.94232, -6.16143 ], [ -37.94245, -6.16305 ], [ -37.94218, -6.16359 ], [ -37.94123, -6.16333 ], [ -37.94015, -6.16214 ], [ -37.93838, -6.16107 ], [ -37.93452, -6.16143 ], [ -37.93411, -6.16203 ], [ -37.93451, -6.16348 ], [ -37.93458, -6.16467 ], [ -37.9341, -6.16555 ], [ -37.93315, -6.16562 ], [ -37.93213, -6.16463 ], [ -37.93214, -6.16186 ], [ -37.93309, -6.15889 ], [ -37.93269, -6.15757 ], [ -37.93188, -6.15687 ], [ -37.93025, -6.15648 ], [ -37.92848, -6.1566 ], [ -37.92794, -6.15621 ], [ -37.92753, -6.15541 ], [ -37.92685, -6.15508 ], [ -37.92617, -6.15561 ], [ -37.92603, -6.15647 ], [ -37.92556, -6.15706 ], [ -37.92454, -6.15722 ], [ -37.92277, -6.15709 ], [ -37.92237, -6.15744 ], [ -37.92244, -6.15795 ], [ -37.92331, -6.15927 ], [ -37.92351, -6.16012 ], [ -37.92331, -6.16111 ], [ -37.92371, -6.16347 ], [ -37.92371, -6.16471 ], [ -37.9231, -6.16517 ], [ -37.92228, -6.16497 ], [ -37.92195, -6.16384 ], [ -37.92161, -6.16161 ], [ -37.92107, -6.16061 ], [ -37.91965, -6.1589 ], [ -37.91965, -6.15734 ], [ -37.92006, -6.1559 ], [ -37.92122, -6.15471 ], [ -37.92354, -6.15091 ], [ -37.92313, -6.15018 ], [ -37.9232, -6.14922 ], [ -37.92388, -6.14863 ], [ -37.92429, -6.14791 ], [ -37.92381, -6.14738 ], [ -37.92259, -6.14705 ], [ -37.92083, -6.14684 ], [ -37.92008, -6.14631 ], [ -37.92008, -6.14572 ], [ -37.92144, -6.14467 ], [ -37.92497, -6.14398 ], [ -37.92525, -6.14339 ], [ -37.92457, -6.14319 ], [ -37.92307, -6.14345 ], [ -37.92137, -6.14351 ], [ -37.91968, -6.14318 ], [ -37.91785, -6.14209 ], [ -37.91629, -6.14175 ], [ -37.91445, -6.14432 ], [ -37.9139, -6.14485 ], [ -37.91288, -6.14511 ], [ -37.91194, -6.14458 ], [ -37.91139, -6.14323 ], [ -37.9114, -6.14204 ], [ -37.9112, -6.14118 ], [ -37.91072, -6.14059 ], [ -37.90997, -6.14059 ], [ -37.90936, -6.14098 ], [ -37.90868, -6.14184 ], [ -37.9078, -6.1423 ], [ -37.90603, -6.14236 ], [ -37.90535, -6.14269 ], [ -37.90528, -6.14331 ], [ -37.90603, -6.14371 ], [ -37.90738, -6.14497 ], [ -37.90738, -6.1455 ], [ -37.90507, -6.14628 ], [ -37.90263, -6.14813 ], [ -37.90228, -6.14905 ], [ -37.90289, -6.14955 ], [ -37.90452, -6.14975 ], [ -37.90642, -6.14949 ], [ -37.90799, -6.14896 ], [ -37.90867, -6.14896 ], [ -37.90936, -6.14942 ], [ -37.91009, -6.14936 ], [ -37.91084, -6.14877 ], [ -37.91227, -6.14881 ], [ -37.91478, -6.15013 ], [ -37.91545, -6.15099 ], [ -37.91579, -6.15396 ], [ -37.91558, -6.15623 ], [ -37.9151, -6.15643 ], [ -37.91456, -6.1563 ], [ -37.91415, -6.15564 ], [ -37.91409, -6.1534 ], [ -37.91389, -6.15221 ], [ -37.91294, -6.15095 ], [ -37.9124, -6.15075 ], [ -37.91165, -6.15082 ], [ -37.91083, -6.1519 ], [ -37.91076, -6.15349 ], [ -37.9111, -6.15501 ], [ -37.91109, -6.15692 ], [ -37.91089, -6.15764 ], [ -37.91021, -6.15797 ], [ -37.90872, -6.15771 ], [ -37.90817, -6.15807 ], [ -37.90817, -6.15879 ], [ -37.90864, -6.15959 ], [ -37.90987, -6.16065 ], [ -37.91163, -6.16151 ], [ -37.91278, -6.16243 ], [ -37.91373, -6.16296 ], [ -37.91461, -6.16389 ], [ -37.91481, -6.16485 ], [ -37.91407, -6.16504 ], [ -37.91163, -6.16438 ], [ -37.90972, -6.16338 ], [ -37.90714, -6.16072 ], [ -37.90214, -6.15258 ], [ -37.90126, -6.15205 ], [ -37.90031, -6.15211 ], [ -37.89847, -6.15343 ], [ -37.89732, -6.15353 ], [ -37.8965, -6.15326 ], [ -37.89521, -6.15339 ], [ -37.89446, -6.15405 ], [ -37.89378, -6.15603 ], [ -37.89384, -6.15702 ], [ -37.89466, -6.15781 ], [ -37.89527, -6.15906 ], [ -37.89513, -6.16035 ], [ -37.89445, -6.16101 ], [ -37.89397, -6.1618 ], [ -37.89391, -6.16246 ], [ -37.89641, -6.16537 ], [ -37.89845, -6.16682 ], [ -37.89912, -6.16768 ], [ -37.89966, -6.16963 ], [ -37.90061, -6.16996 ], [ -37.90136, -6.16944 ], [ -37.90231, -6.16838 ], [ -37.90279, -6.16852 ], [ -37.90529, -6.17175 ], [ -37.90705, -6.17374 ], [ -37.90739, -6.17456 ], [ -37.90691, -6.17555 ], [ -37.90399, -6.17568 ], [ -37.89985, -6.17679 ], [ -37.8987, -6.17664 ], [ -37.89708, -6.17528 ], [ -37.89408, -6.17371 ], [ -37.89408, -6.17318 ], [ -37.89572, -6.17259 ], [ -37.89619, -6.1718 ], [ -37.89407, -6.16977 ], [ -37.89097, -6.16793 ], [ -37.8895, -6.16687 ], [ -37.88724, -6.16816 ], [ -37.86061, -6.18339 ], [ -37.85983, -6.18328 ], [ -37.85507, -6.1838 ], [ -37.79779, -6.21726 ], [ -37.79655, -6.21874 ], [ -37.79782, -6.22051 ], [ -37.79818, -6.22332 ], [ -37.79828, -6.22418 ], [ -37.7976, -6.22571 ], [ -37.79587, -6.22727 ], [ -37.79369, -6.22763 ], [ -37.79303, -6.2282 ], [ -37.79331, -6.23036 ], [ -37.7917, -6.23126 ], [ -37.79169, -6.23403 ], [ -37.79038, -6.23466 ], [ -37.78263, -6.23599 ], [ -37.78061, -6.23669 ], [ -37.78041, -6.23969 ], [ -37.77661, -6.24587 ], [ -37.78385, -6.25162 ], [ -37.78602, -6.25289 ], [ -37.78943, -6.25389 ], [ -37.79132, -6.25555 ], [ -37.79291, -6.25619 ], [ -37.79444, -6.25647 ], [ -37.80685, -6.25625 ], [ -37.81539, -6.25428 ], [ -37.82072, -6.25399 ], [ -37.82805, -6.25285 ], [ -37.83495, -6.25265 ], [ -37.84184, -6.25326 ], [ -37.84692, -6.25448 ], [ -37.85008, -6.25589 ], [ -37.85475, -6.25939 ], [ -37.85931, -6.26395 ], [ -37.86968, -6.26856 ], [ -37.87178, -6.26902 ], [ -37.87629, -6.26818 ], [ -37.87832, -6.2684 ], [ -37.87991, -6.26911 ], [ -37.88093, -6.27056 ], [ -37.88179, -6.2731 ], [ -37.92671, -6.26393 ], [ -37.92922, -6.26342 ] ] ] } },
{ "type": "Feature", "properties": { "CD_MUN": "2411429", "NM_MUN": "Santana do Seridó", "CD_RGI": "240007", "NM_RGI": "Caicó", "CD_RGINT": "2402", "NM_RGINT": "Caicó", "CD_UF": "24", "NM_UF": "Rio Grande do Norte", "SIGLA_UF": "RN", "CD_REGIA": "2", "NM_REGIA": "Nordeste", "SIGLA_RG": "NE", "CD_CONCU": null, "NM_CONCU": null, "AREA_KM2": 188.403 }, "geometry": { "type": "Polygon", "coordinates": [ [ [ -36.81407, -6.68232 ], [ -36.8134, -6.68149 ], [ -36.79406, -6.67426 ], [ -36.79217, -6.67408 ], [ -36.78795, -6.67221 ], [ -36.78618, -6.67046 ], [ -36.78622, -6.66802 ], [ -36.76481, -6.6692 ], [ -36.76361, -6.6673 ], [ -36.76243, -6.66635 ], [ -36.75395, -6.66241 ], [ -36.75229, -6.66007 ], [ -36.74958, -6.65933 ], [ -36.74911, -6.65906 ], [ -36.74897, -6.65778 ], [ -36.74946, -6.65724 ], [ -36.74901, -6.65629 ], [ -36.7472, -6.65423 ], [ -36.74481, -6.65237 ], [ -36.74443, -6.65208 ], [ -36.72227, -6.64671 ], [ -36.72231, -6.64714 ], [ -36.7227, -6.65092 ], [ -36.72783, -6.65865 ], [ -36.73421, -6.66111 ], [ -36.73054, -6.66333 ], [ -36.72801, -6.66446 ], [ -36.72561, -6.66468 ], [ -36.72386, -6.66578 ], [ -36.71878, -6.66563 ], [ -36.71639, -6.66641 ], [ -36.71346, -6.66923 ], [ -36.71003, -6.67447 ], [ -36.7086, -6.67747 ], [ -36.70665, -6.67994 ], [ -36.70966, -6.68672 ], [ -36.71154, -6.69269 ], [ -36.70915, -6.69357 ], [ -36.70808, -6.69436 ], [ -36.70764, -6.69542 ], [ -36.71146, -6.69875 ], [ -36.71217, -6.69955 ], [ -36.71225, -6.70101 ], [ -36.71376, -6.70227 ], [ -36.71757, -6.70365 ], [ -36.71633, -6.7063 ], [ -36.71524, -6.70761 ], [ -36.7106, -6.70913 ], [ -36.70774, -6.70914 ], [ -36.70702, -6.70814 ], [ -36.70698, -6.70705 ], [ -36.70612, -6.70627 ], [ -36.70431, -6.70599 ], [ -36.70299, -6.70635 ], [ -36.70162, -6.70595 ], [ -36.70218, -6.70835 ], [ -36.705, -6.71498 ], [ -36.70767, -6.71813 ], [ -36.71041, -6.73114 ], [ -36.71121, -6.73497 ], [ -36.71127, -6.73525 ], [ -36.70907, -6.73875 ], [ -36.70611, -6.74126 ], [ -36.70505, -6.74349 ], [ -36.70505, -6.74435 ], [ -36.70855, -6.74783 ], [ -36.71209, -6.75317 ], [ -36.71456, -6.76221 ], [ -36.72351, -6.78165 ], [ -36.72782, -6.78514 ], [ -36.73126, -6.79214 ], [ -36.7315, -6.80248 ], [ -36.72976, -6.80864 ], [ -36.72726, -6.81353 ], [ -36.72577, -6.81543 ], [ -36.72602, -6.8166 ], [ -36.7302, -6.8364 ], [ -36.73052, -6.83544 ], [ -36.73123, -6.83489 ], [ -36.73398, -6.83479 ], [ -36.75126, -6.83712 ], [ -36.76074, -6.83797 ], [ -36.76947, -6.83875 ], [ -36.77273, -6.78707 ], [ -36.78913, -6.77246 ], [ -36.83083, -6.73533 ], [ -36.83503, -6.73107 ], [ -36.83842, -6.72589 ], [ -36.83892, -6.72066 ], [ -36.84127, -6.71782 ], [ -36.84041, -6.71556 ], [ -36.84133, -6.7131 ], [ -36.84067, -6.70747 ], [ -36.83989, -6.70669 ], [ -36.83829, -6.70629 ], [ -36.84134, -6.7025 ], [ -36.841, -6.70016 ], [ -36.84135, -6.69869 ], [ -36.84426, -6.69591 ], [ -36.84496, -6.69462 ], [ -36.84918, -6.69179 ], [ -36.84949, -6.69058 ], [ -36.85076, -6.68961 ], [ -36.84265, -6.67462 ], [ -36.81693, -6.68187 ], [ -36.81669, -6.67958 ], [ -36.81645, -6.68111 ], [ -36.81609, -6.68213 ], [ -36.81407, -6.68232 ] ] ] } },
{ "type": "Feature", "properties": { "CD_MUN": "2402709", "NM_MUN": "Cerro Corá", "CD_RGI": "240008", "NM_RGI": "Currais Novos", "CD_RGINT": "2402", "NM_RGINT": "Caicó", "CD_UF": "24", "NM_UF": "Rio Grande do Norte", "SIGLA_UF": "RN", "CD_REGIA": "2", "NM_REGIA": "Nordeste", "SIGLA_RG": "NE", "CD_CONCU": null, "NM_CONCU": null, "AREA_KM2": 393.573 }, "geometry": { "type": "Polygon", "coordinates": [ [ [ -36.34337, -6.09795 ], [ -36.34712, -6.09829 ], [ -36.35318, -6.09885 ], [ -36.4117, -6.1042 ], [ -36.41177, -6.10233 ], [ -36.41197, -6.10158 ], [ -36.41392, -6.09908 ], [ -36.41446, -6.09706 ], [ -36.41477, -6.09499 ], [ -36.41569, -6.09362 ], [ -36.41814, -6.09197 ], [ -36.41953, -6.09073 ], [ -36.41996, -6.09015 ], [ -36.42675, -6.09256 ], [ -36.42676, -6.09257 ], [ -36.42827, -6.08813 ], [ -36.42827, -6.08813 ], [ -36.42827, -6.08812 ], [ -36.42995, -6.08319 ], [ -36.44396, -6.04203 ], [ -36.44403, -6.04181 ], [ -36.44405, -6.04176 ], [ -36.44417, -6.04142 ], [ -36.44426, -6.04082 ], [ -36.44431, -6.04048 ], [ -36.44485, -6.03697 ], [ -36.44873, -6.01149 ], [ -36.42835, -6.0167 ], [ -36.41064, -6.02122 ], [ -36.39468, -6.01296 ], [ -36.39318, -5.9975 ], [ -36.39294, -5.99507 ], [ -36.39287, -5.99427 ], [ -36.39245, -5.98997 ], [ -36.39243, -5.98976 ], [ -36.37963, -5.98659 ], [ -36.37627, -5.98232 ], [ -36.37252, -5.97754 ], [ -36.37045, -5.96967 ], [ -36.36309, -5.96892 ], [ -36.37369, -5.91154 ], [ -36.37201, -5.8956 ], [ -36.33852, -5.90736 ], [ -36.33865, -5.9067 ], [ -36.33854, -5.90589 ], [ -36.33808, -5.905 ], [ -36.33595, -5.90256 ], [ -36.33465, -5.90138 ], [ -36.33368, -5.90021 ], [ -36.3333, -5.89934 ], [ -36.33311, -5.89833 ], [ -36.33346, -5.89609 ], [ -36.33342, -5.89487 ], [ -36.33426, -5.89143 ], [ -36.33405, -5.8898 ], [ -36.33234, -5.8941 ], [ -36.32067, -5.86557 ], [ -36.28475, -5.85929 ], [ -36.27609, -5.84555 ], [ -36.27238, -5.8447 ], [ -36.26946, -5.84322 ], [ -36.26594, -5.83765 ], [ -36.26362, -5.83322 ], [ -36.25916, -5.83091 ], [ -36.25621, -5.83036 ], [ -36.25396, -5.83104 ], [ -36.25319, -5.83242 ], [ -36.25296, -5.83412 ], [ -36.25599, -5.84124 ], [ -36.2581, -5.84726 ], [ -36.25917, -5.85152 ], [ -36.2599, -5.8554 ], [ -36.25994, -5.85961 ], [ -36.2591, -5.86307 ], [ -36.25796, -5.86484 ], [ -36.22418, -5.89995 ], [ -36.22702, -5.90808 ], [ -36.23272, -5.92436 ], [ -36.25289, -5.98201 ], [ -36.2548, -5.98617 ], [ -36.25496, -5.98651 ], [ -36.28136, -6.04404 ], [ -36.30222, -6.11537 ], [ -36.2957, -6.12217 ], [ -36.30455, -6.12074 ], [ -36.32098, -6.11246 ], [ -36.32893, -6.10647 ], [ -36.33588, -6.10208 ], [ -36.34337, -6.09795 ] ] ] } },
{ "type": "Feature", "properties": { "CD_MUN": "2414506", "NM_MUN": "Umarizal", "CD_RGI": "240010", "NM_RGI": "Pau dos Ferros", "CD_RGINT": "2403", "NM_RGINT": "Mossoró", "CD_UF": "24", "NM_UF": "Rio Grande do Norte", "SIGLA_UF": "RN", "CD_REGIA": "2", "NM_REGIA": "Nordeste", "SIGLA_RG": "NE", "CD_CONCU": null, "NM_CONCU": null, "AREA_KM2": 249.61 }, "geometry": { "type": "Polygon", "coordinates": [ [ [ -37.84827, -6.0523 ], [ -37.86051, -6.03212 ], [ -37.86155, -6.03089 ], [ -37.86507, -6.02928 ], [ -37.8694, -6.02781 ], [ -37.87068, -6.02724 ], [ -37.89674, -6.00822 ], [ -37.89715, -6.00792 ], [ -37.90139, -6.00766 ], [ -37.90183, -6.00763 ], [ -37.90237, -6.00794 ], [ -37.90875, -6.00791 ], [ -37.90948, -6.00749 ], [ -37.91586, -6.00724 ], [ -37.92669, -6.00746 ], [ -37.93087, -6.00597 ], [ -37.93315, -6.00497 ], [ -37.93393, -6.00427 ], [ -37.93401, -6.00214 ], [ -37.92119, -5.9598 ], [ -37.90098, -5.94469 ], [ -37.89608, -5.94102 ], [ -37.89684, -5.9398 ], [ -37.88318, -5.93437 ], [ -37.86112, -5.9256 ], [ -37.82556, -5.91266 ], [ -37.76522, -5.89585 ], [ -37.7642, -5.89557 ], [ -37.73734, -5.91006 ], [ -37.73385, -5.91195 ], [ -37.73379, -5.91187 ], [ -37.71299, -5.91906 ], [ -37.71414, -5.91931 ], [ -37.71609, -5.91964 ], [ -37.71699, -5.92004 ], [ -37.71759, -5.92061 ], [ -37.71869, -5.92174 ], [ -37.72018, -5.92292 ], [ -37.72174, -5.9241 ], [ -37.72238, -5.92445 ], [ -37.72278, -5.92437 ], [ -37.72327, -5.92468 ], [ -37.72368, -5.92545 ], [ -37.72386, -5.92642 ], [ -37.72412, -5.92671 ], [ -37.72455, -5.92706 ], [ -37.7251, -5.92731 ], [ -37.72578, -5.92803 ], [ -37.72623, -5.92817 ], [ -37.7268, -5.92777 ], [ -37.728, -5.92759 ], [ -37.7297, -5.92793 ], [ -37.7319, -5.92889 ], [ -37.73358, -5.9291 ], [ -37.73458, -5.92842 ], [ -37.73592, -5.92853 ], [ -37.73669, -5.9291 ], [ -37.73767, -5.93042 ], [ -37.73835, -5.93246 ], [ -37.73866, -5.93292 ], [ -37.73992, -5.93379 ], [ -37.74141, -5.9339 ], [ -37.74226, -5.93407 ], [ -37.74283, -5.93511 ], [ -37.74291, -5.93598 ], [ -37.74357, -5.93672 ], [ -37.74519, -5.93772 ], [ -37.74614, -5.93809 ], [ -37.74652, -5.93815 ], [ -37.74723, -5.93814 ], [ -37.74827, -5.93795 ], [ -37.74901, -5.93788 ], [ -37.74982, -5.93785 ], [ -37.75121, -5.93803 ], [ -37.75245, -5.93845 ], [ -37.75435, -5.9391 ], [ -37.75436, -5.9391 ], [ -37.75436, -5.9391 ], [ -37.75669, -5.94012 ], [ -37.75862, -5.94216 ], [ -37.76035, -5.94556 ], [ -37.76361, -5.94665 ], [ -37.76571, -5.94817 ], [ -37.76611, -5.9494 ], [ -37.76611, -5.95144 ], [ -37.76663, -5.95209 ], [ -37.76931, -5.95253 ], [ -37.77025, -5.95312 ], [ -37.77048, -5.95393 ], [ -37.7703, -5.95604 ], [ -37.77, -5.95697 ], [ -37.77035, -5.95779 ], [ -37.7739, -5.96011 ], [ -37.77408, -5.96075 ], [ -37.77361, -5.96174 ], [ -37.77279, -5.9625 ], [ -37.7708, -5.96372 ], [ -37.76969, -5.96477 ], [ -37.76929, -5.96538 ], [ -37.76963, -5.96614 ], [ -37.77085, -5.96679 ], [ -37.77161, -5.96743 ], [ -37.77202, -5.96848 ], [ -37.77172, -5.97 ], [ -37.77085, -5.97146 ], [ -37.77061, -5.97216 ], [ -37.77142, -5.97488 ], [ -37.76995, -5.98124 ], [ -37.769, -5.98295 ], [ -37.76854, -5.98377 ], [ -37.7686, -5.98459 ], [ -37.76837, -5.98582 ], [ -37.7679, -5.98675 ], [ -37.76807, -5.98821 ], [ -37.76748, -5.98985 ], [ -37.76631, -5.99148 ], [ -37.76596, -5.99268 ], [ -37.76631, -5.99373 ], [ -37.76724, -5.99455 ], [ -37.76904, -5.9959 ], [ -37.7713, -5.99724 ], [ -37.77306, -5.9988 ], [ -37.77347, -5.99985 ], [ -37.77305, -6.00073 ], [ -37.77253, -6.00125 ], [ -37.77224, -6.00184 ], [ -37.77174, -6.00285 ], [ -37.77159, -6.00471 ], [ -37.77209, -6.00596 ], [ -37.77243, -6.00638 ], [ -37.77348, -6.00694 ], [ -37.77448, -6.00717 ], [ -37.77563, -6.00769 ], [ -37.77668, -6.00923 ], [ -37.77767, -6.01163 ], [ -37.7785, -6.01312 ], [ -37.77947, -6.01447 ], [ -37.77973, -6.01539 ], [ -37.77964, -6.0169 ], [ -37.77926, -6.01784 ], [ -37.77862, -6.01848 ], [ -37.77672, -6.01955 ], [ -37.77689, -6.02043 ], [ -37.77785, -6.0214 ], [ -37.778, -6.02155 ], [ -37.77818, -6.02172 ], [ -37.77901, -6.02319 ], [ -37.77957, -6.02466 ], [ -37.77962, -6.0259 ], [ -37.78022, -6.02875 ], [ -37.78147, -6.03353 ], [ -37.78205, -6.03459 ], [ -37.78193, -6.03599 ], [ -37.78275, -6.0371 ], [ -37.78228, -6.03851 ], [ -37.78297, -6.0407 ], [ -37.78409, -6.04145 ], [ -37.78362, -6.04404 ], [ -37.78269, -6.04632 ], [ -37.78045, -6.04809 ], [ -37.77991, -6.04951 ], [ -37.77932, -6.05212 ], [ -37.77936, -6.05296 ], [ -37.78028, -6.05548 ], [ -37.7785, -6.05892 ], [ -37.7778, -6.05976 ], [ -37.77745, -6.06067 ], [ -37.77721, -6.06345 ], [ -37.77756, -6.06445 ], [ -37.77736, -6.06778 ], [ -37.77662, -6.06905 ], [ -37.77966, -6.07255 ], [ -37.77993, -6.07456 ], [ -37.78116, -6.07669 ], [ -37.7803, -6.0794 ], [ -37.78127, -6.07991 ], [ -37.78358, -6.0798 ], [ -37.78401, -6.08054 ], [ -37.78296, -6.08398 ], [ -37.78532, -6.08792 ], [ -37.78661, -6.08918 ], [ -37.78885, -6.0896 ], [ -37.78904, -6.09089 ], [ -37.80986, -6.08226 ], [ -37.8131, -6.08069 ], [ -37.81336, -6.08051 ], [ -37.84521, -6.05735 ], [ -37.84582, -6.05691 ], [ -37.84827, -6.0523 ] ] ] } },
{ "type": "Feature", "properties": { "CD_MUN": "2413201", "NM_MUN": "Senador Georgino Avelino", "CD_RGI": "240001", "NM_RGI": "Natal", "CD_RGINT": "2401", "NM_RGINT": "Natal", "CD_UF": "24", "NM_UF": "Rio Grande do Norte", "SIGLA_UF": "RN", "CD_REGIA": "2", "NM_REGIA": "Nordeste", "SIGLA_RG": "NE", "CD_CONCU": null, "NM_CONCU": null, "AREA_KM2": 26.1 }, "geometry": { "type": "Polygon", "coordinates": [ [ [ -35.14643, -6.15279 ], [ -35.15703, -6.14816 ], [ -35.15785, -6.1432 ], [ -35.15852, -6.14234 ], [ -35.15962, -6.14158 ], [ -35.16072, -6.14117 ], [ -35.16181, -6.14019 ], [ -35.16284, -6.13864 ], [ -35.16314, -6.13704 ], [ -35.16231, -6.13607 ], [ -35.16048, -6.1355 ], [ -35.1584, -6.13511 ], [ -35.15273, -6.13502 ], [ -35.1477, -6.1355 ], [ -35.14675, -6.13573 ], [ -35.1454, -6.13605 ], [ -35.14276, -6.13765 ], [ -35.14142, -6.13892 ], [ -35.13925, -6.14152 ], [ -35.13926, -6.14153 ], [ -35.13922, -6.14157 ], [ -35.13842, -6.14224 ], [ -35.13772, -6.14212 ], [ -35.13655, -6.1411 ], [ -35.13606, -6.14035 ], [ -35.13618, -6.13858 ], [ -35.13544, -6.13835 ], [ -35.13471, -6.1379 ], [ -35.13382, -6.13801 ], [ -35.13285, -6.1375 ], [ -35.1323, -6.1367 ], [ -35.13168, -6.13671 ], [ -35.13126, -6.13728 ], [ -35.13084, -6.1386 ], [ -35.13017, -6.13929 ], [ -35.12911, -6.13958 ], [ -35.12862, -6.13986 ], [ -35.12807, -6.14091 ], [ -35.12777, -6.14228 ], [ -35.12705, -6.14359 ], [ -35.12689, -6.14426 ], [ -35.12757, -6.14599 ], [ -35.11116, -6.13458 ], [ -35.111, -6.13464 ], [ -35.10757, -6.13587 ], [ -35.10045, -6.13846 ], [ -35.10044, -6.13846 ], [ -35.09894, -6.13901 ], [ -35.09848, -6.13931 ], [ -35.09843, -6.13934 ], [ -35.09781, -6.13975 ], [ -35.09781, -6.14027 ], [ -35.09782, -6.14231 ], [ -35.09783, -6.14424 ], [ -35.09771, -6.14681 ], [ -35.09766, -6.14736 ], [ -35.09761, -6.14806 ], [ -35.09746, -6.14946 ], [ -35.09726, -6.15026 ], [ -35.09734, -6.15146 ], [ -35.09755, -6.15392 ], [ -35.09772, -6.15691 ], [ -35.09777, -6.1576 ], [ -35.09773, -6.15855 ], [ -35.09769, -6.15946 ], [ -35.09753, -6.16064 ], [ -35.09732, -6.16219 ], [ -35.0971, -6.16365 ], [ -35.09708, -6.1639 ], [ -35.09707, -6.16438 ], [ -35.09694, -6.16507 ], [ -35.09673, -6.16589 ], [ -35.09656, -6.16673 ], [ -35.09627, -6.16768 ], [ -35.09592, -6.16832 ], [ -35.09581, -6.1686 ], [ -35.09589, -6.16895 ], [ -35.09604, -6.16941 ], [ -35.09623, -6.16983 ], [ -35.0963, -6.17014 ], [ -35.09625, -6.17044 ], [ -35.09617, -6.17087 ], [ -35.09618, -6.17123 ], [ -35.09615, -6.17179 ], [ -35.09607, -6.17267 ], [ -35.09603, -6.1736 ], [ -35.09603, -6.17374 ], [ -35.09603, -6.17398 ], [ -35.09549, -6.17874 ], [ -35.09479, -6.18109 ], [ -35.09477, -6.18118 ], [ -35.09477, -6.18122 ], [ -35.09496, -6.18245 ], [ -35.09389, -6.18345 ], [ -35.09404, -6.18367 ], [ -35.09777, -6.18746 ], [ -35.09791, -6.18761 ], [ -35.09971, -6.1885 ], [ -35.10236, -6.1888 ], [ -35.10487, -6.18862 ], [ -35.10711, -6.18816 ], [ -35.11079, -6.18695 ], [ -35.12388, -6.17609 ], [ -35.12756, -6.17304 ], [ -35.12775, -6.17288 ], [ -35.12921, -6.17167 ], [ -35.12931, -6.17159 ], [ -35.12934, -6.17156 ], [ -35.12935, -6.17156 ], [ -35.12935, -6.17156 ], [ -35.12935, -6.17155 ], [ -35.12936, -6.17155 ], [ -35.12936, -6.17155 ], [ -35.12937, -6.17154 ], [ -35.12947, -6.17147 ], [ -35.12951, -6.17144 ], [ -35.12994, -6.17114 ], [ -35.13076, -6.17055 ], [ -35.13549, -6.16712 ], [ -35.13741, -6.1689 ], [ -35.14624, -6.16384 ], [ -35.14639, -6.15509 ], [ -35.14643, -6.15279 ] ] ] } },
{ "type": "Feature", "properties": { "CD_MUN": "2409902", "NM_MUN": "Pendências", "CD_RGI": "240011", "NM_RGI": "Açu", "CD_RGINT": "2403", "NM_RGINT": "Mossoró", "CD_UF": "24", "NM_UF": "Rio Grande do Norte", "SIGLA_UF": "RN", "CD_REGIA": "2", "NM_REGIA": "Nordeste", "SIGLA_RG": "NE", "CD_CONCU": null, "NM_CONCU": null, "AREA_KM2": 419.137 }, "geometry": { "type": "Polygon", "coordinates": [ [ [ -36.72539, -5.26162 ], [ -36.72458, -5.26045 ], [ -36.72361, -5.25796 ], [ -36.72214, -5.2542 ], [ -36.72193, -5.25326 ], [ -36.7214, -5.25098 ], [ -36.72145, -5.24846 ], [ -36.72187, -5.24712 ], [ -36.72476, -5.24411 ], [ -36.72599, -5.24109 ], [ -36.72621, -5.23867 ], [ -36.72606, -5.23601 ], [ -36.72568, -5.22948 ], [ -36.72466, -5.22606 ], [ -36.72036, -5.21888 ], [ -36.7169, -5.21665 ], [ -36.71533, -5.2145 ], [ -36.71562, -5.21189 ], [ -36.71673, -5.20822 ], [ -36.72029, -5.20494 ], [ -36.72317, -5.20265 ], [ -36.7246, -5.19974 ], [ -36.72489, -5.19545 ], [ -36.72403, -5.19407 ], [ -36.72254, -5.19299 ], [ -36.72207, -5.19191 ], [ -36.7227, -5.19038 ], [ -36.72401, -5.18863 ], [ -36.7263, -5.18649 ], [ -36.72758, -5.18321 ], [ -36.72813, -5.18082 ], [ -36.72834, -5.17761 ], [ -36.72912, -5.17503 ], [ -36.57938, -5.21583 ], [ -36.57807, -5.21588 ], [ -36.57722, -5.21535 ], [ -36.57656, -5.2145 ], [ -36.57599, -5.21414 ], [ -36.57545, -5.21417 ], [ -36.57511, -5.2147 ], [ -36.57523, -5.21655 ], [ -36.57509, -5.21761 ], [ -36.57451, -5.21828 ], [ -36.57333, -5.21871 ], [ -36.57221, -5.21946 ], [ -36.57125, -5.21902 ], [ -36.57062, -5.21831 ], [ -36.56989, -5.21784 ], [ -36.56811, -5.21771 ], [ -36.56552, -5.21806 ], [ -36.56507, -5.21812 ], [ -36.56429, -5.21823 ], [ -36.56362, -5.21842 ], [ -36.56149, -5.21904 ], [ -36.56009, -5.21945 ], [ -36.55755, -5.22082 ], [ -36.55714, -5.22146 ], [ -36.55765, -5.22293 ], [ -36.55954, -5.22591 ], [ -36.55959, -5.22667 ], [ -36.55918, -5.22764 ], [ -36.55864, -5.22834 ], [ -36.5574, -5.22904 ], [ -36.55643, -5.23003 ], [ -36.55581, -5.23121 ], [ -36.55503, -5.23229 ], [ -36.55347, -5.23317 ], [ -36.55157, -5.23377 ], [ -36.54954, -5.23362 ], [ -36.54829, -5.23576 ], [ -36.54734, -5.23781 ], [ -36.54543, -5.24074 ], [ -36.54463, -5.2418 ], [ -36.5425, -5.24318 ], [ -36.54278, -5.2453 ], [ -36.54321, -5.24597 ], [ -36.54362, -5.24846 ], [ -36.54346, -5.24998 ], [ -36.54399, -5.25132 ], [ -36.54555, -5.25438 ], [ -36.54505, -5.25487 ], [ -36.54367, -5.25556 ], [ -36.54327, -5.25607 ], [ -36.5425, -5.25916 ], [ -36.5418, -5.26038 ], [ -36.53967, -5.26231 ], [ -36.53814, -5.26297 ], [ -36.53544, -5.26378 ], [ -36.53515, -5.26463 ], [ -36.53552, -5.26599 ], [ -36.53667, -5.26882 ], [ -36.53676, -5.27144 ], [ -36.53717, -5.27231 ], [ -36.53819, -5.27361 ], [ -36.53837, -5.27459 ], [ -36.53937, -5.27477 ], [ -36.54024, -5.27523 ], [ -36.54053, -5.27623 ], [ -36.53991, -5.27742 ], [ -36.539, -5.2785 ], [ -36.53853, -5.27947 ], [ -36.53852, -5.28093 ], [ -36.53933, -5.28397 ], [ -36.53979, -5.28661 ], [ -36.53991, -5.289 ], [ -36.54144, -5.2925 ], [ -36.54233, -5.29532 ], [ -36.54312, -5.2966 ], [ -36.54346, -5.29757 ], [ -36.54355, -5.29824 ], [ -36.54305, -5.29839 ], [ -36.5421, -5.30151 ], [ -36.51477, -5.30189 ], [ -36.51563, -5.40224 ], [ -36.52678, -5.40765 ], [ -36.53034, -5.40938 ], [ -36.53738, -5.4128 ], [ -36.55541, -5.39491 ], [ -36.66436, -5.37218 ], [ -36.71031, -5.3215 ], [ -36.71049, -5.32129 ], [ -36.75456, -5.27268 ], [ -36.75298, -5.27049 ], [ -36.75057, -5.26818 ], [ -36.74718, -5.26732 ], [ -36.74507, -5.26746 ], [ -36.74342, -5.26784 ], [ -36.74271, -5.26764 ], [ -36.74157, -5.26618 ], [ -36.74071, -5.26584 ], [ -36.73962, -5.26625 ], [ -36.73333, -5.2647 ], [ -36.73046, -5.26343 ], [ -36.72941, -5.26258 ], [ -36.72837, -5.26242 ], [ -36.72568, -5.26203 ], [ -36.72567, -5.26202 ], [ -36.72539, -5.26162 ] ] ] } },
{ "type": "Feature", "properties": { "CD_MUN": "2401404", "NM_MUN": "Baía Formosa", "CD_RGI": "240003", "NM_RGI": "Canguaretama", "CD_RGINT": "2401", "NM_RGINT": "Natal", "CD_UF": "24", "NM_UF": "Rio Grande do Norte", "SIGLA_UF": "RN", "CD_REGIA": "2", "NM_REGIA": "Nordeste", "SIGLA_RG": "NE", "CD_CONCU": null, "NM_CONCU": null, "AREA_KM2": 247.484 }, "geometry": { "type": "Polygon", "coordinates": [ [ [ -34.97298, -6.4559 ], [ -34.97289, -6.45647 ], [ -34.97273, -6.45754 ], [ -34.97261, -6.45863 ], [ -34.9726, -6.45976 ], [ -34.97277, -6.46056 ], [ -34.97285, -6.46101 ], [ -34.97291, -6.46131 ], [ -34.97294, -6.46209 ], [ -34.97289, -6.46246 ], [ -34.97283, -6.46292 ], [ -34.9727, -6.46362 ], [ -34.97268, -6.46371 ], [ -34.97241, -6.46465 ], [ -34.97231, -6.46505 ], [ -34.97208, -6.46596 ], [ -34.97204, -6.46603 ], [ -34.97194, -6.46622 ], [ -34.97181, -6.46645 ], [ -34.97146, -6.46673 ], [ -34.97145, -6.46673 ], [ -34.97092, -6.46679 ], [ -34.97048, -6.46691 ], [ -34.97038, -6.46702 ], [ -34.97011, -6.46729 ], [ -34.97, -6.46785 ], [ -34.96971, -6.46857 ], [ -34.96959, -6.46906 ], [ -34.96954, -6.4693 ], [ -34.96933, -6.47011 ], [ -34.96924, -6.47055 ], [ -34.9693, -6.47106 ], [ -34.96941, -6.47162 ], [ -34.96953, -6.47218 ], [ -34.96967, -6.47357 ], [ -34.96971, -6.47525 ], [ -34.96976, -6.47635 ], [ -34.96968, -6.47845 ], [ -34.96968, -6.47856 ], [ -34.96967, -6.47968 ], [ -34.96967, -6.4797 ], [ -34.96945, -6.48111 ], [ -34.96937, -6.48178 ], [ -34.96904, -6.4827 ], [ -34.96896, -6.48343 ], [ -34.96889, -6.4841 ], [ -34.96884, -6.48473 ], [ -34.96881, -6.48541 ], [ -34.96873, -6.48619 ], [ -34.96858, -6.48661 ], [ -34.96855, -6.48668 ], [ -34.96853, -6.48675 ], [ -34.96851, -6.4868 ], [ -34.96847, -6.48686 ], [ -34.96847, -6.48692 ], [ -34.96846, -6.48699 ], [ -34.96846, -6.48704 ], [ -34.96845, -6.48709 ], [ -34.96846, -6.48715 ], [ -34.96846, -6.4872 ], [ -34.96854, -6.48726 ], [ -34.97092, -6.4895 ], [ -34.97095, -6.4885 ], [ -34.97044, -6.48778 ], [ -34.97006, -6.48725 ], [ -34.97103, -6.4854 ], [ -34.97157, -6.48524 ], [ -34.97557, -6.48616 ], [ -34.97653, -6.4872 ], [ -34.97836, -6.48726 ], [ -34.97918, -6.48837 ], [ -34.97937, -6.49005 ], [ -34.97969, -6.49013 ], [ -34.98007, -6.49023 ], [ -34.98203, -6.49225 ], [ -34.98338, -6.49253 ], [ -34.98388, -6.4938 ], [ -34.98526, -6.49454 ], [ -34.99207, -6.50149 ], [ -34.99321, -6.50178 ], [ -34.99478, -6.501 ], [ -34.99753, -6.50248 ], [ -34.99899, -6.50173 ], [ -35.00025, -6.50169 ], [ -35.0011, -6.50198 ], [ -35.00214, -6.50347 ], [ -35.00341, -6.50423 ], [ -35.00716, -6.50484 ], [ -35.01112, -6.50612 ], [ -35.01666, -6.50529 ], [ -35.01708, -6.50403 ], [ -35.0188, -6.50306 ], [ -35.02017, -6.50357 ], [ -35.02199, -6.50525 ], [ -35.02854, -6.50552 ], [ -35.03007, -6.50705 ], [ -35.03132, -6.50871 ], [ -35.03334, -6.51267 ], [ -35.03696, -6.51713 ], [ -35.043, -6.51948 ], [ -35.04578, -6.52214 ], [ -35.05179, -6.52404 ], [ -35.0546, -6.52654 ], [ -35.05773, -6.52779 ], [ -35.06307, -6.52654 ], [ -35.06715, -6.52466 ], [ -35.07152, -6.52035 ], [ -35.07542, -6.5144 ], [ -35.08894, -6.50498 ], [ -35.09205, -6.5001 ], [ -35.09455, -6.4981 ], [ -35.09512, -6.49797 ], [ -35.09554, -6.49768 ], [ -35.09808, -6.49776 ], [ -35.10073, -6.49927 ], [ -35.10166, -6.50015 ], [ -35.10223, -6.50395 ], [ -35.10368, -6.50585 ], [ -35.10729, -6.50648 ], [ -35.11255, -6.50512 ], [ -35.1134, -6.50143 ], [ -35.11373, -6.49772 ], [ -35.11013, -6.44612 ], [ -35.13184, -6.40773 ], [ -35.1317, -6.40773 ], [ -35.1307, -6.40773 ], [ -35.12975, -6.40826 ], [ -35.12976, -6.40984 ], [ -35.12881, -6.41024 ], [ -35.12732, -6.41196 ], [ -35.12569, -6.41092 ], [ -35.1242, -6.41145 ], [ -35.12304, -6.41093 ], [ -35.12222, -6.40948 ], [ -35.12114, -6.41041 ], [ -35.12101, -6.4116 ], [ -35.11978, -6.41134 ], [ -35.11869, -6.40936 ], [ -35.11754, -6.40963 ], [ -35.11686, -6.41095 ], [ -35.1151, -6.41122 ], [ -35.11536, -6.40951 ], [ -35.11481, -6.40806 ], [ -35.11264, -6.40662 ], [ -35.11283, -6.4053 ], [ -35.11499, -6.40252 ], [ -35.11499, -6.40147 ], [ -35.11146, -6.40148 ], [ -35.11057, -6.39898 ], [ -35.10853, -6.40017 ], [ -35.10731, -6.39991 ], [ -35.10744, -6.3982 ], [ -35.10567, -6.39821 ], [ -35.10378, -6.39967 ], [ -35.10304, -6.40151 ], [ -35.10154, -6.40099 ], [ -35.10099, -6.39902 ], [ -35.10302, -6.39637 ], [ -35.10315, -6.39505 ], [ -35.10104, -6.39453 ], [ -35.09981, -6.39349 ], [ -35.10117, -6.3919 ], [ -35.10116, -6.39031 ], [ -35.0998, -6.39045 ], [ -35.09777, -6.39165 ], [ -35.09634, -6.39126 ], [ -35.09755, -6.38651 ], [ -35.09442, -6.38744 ], [ -35.0936, -6.38652 ], [ -35.09394, -6.38507 ], [ -35.0957, -6.38348 ], [ -35.09365, -6.38125 ], [ -35.09364, -6.37901 ], [ -35.08391, -6.3743 ], [ -35.08066, -6.3751 ], [ -35.07685, -6.37512 ], [ -35.07447, -6.37368 ], [ -35.07269, -6.37052 ], [ -35.06725, -6.36724 ], [ -35.06255, -6.36331 ], [ -35.06281, -6.36199 ], [ -35.07032, -6.35457 ], [ -35.07071, -6.35075 ], [ -35.06771, -6.34641 ], [ -35.06151, -6.34142 ], [ -35.05292, -6.33328 ], [ -35.04889, -6.32644 ], [ -35.04173, -6.31763 ], [ -35.03717, -6.31449 ], [ -35.03187, -6.31084 ], [ -35.03204, -6.31301 ], [ -35.03211, -6.31388 ], [ -35.03243, -6.31519 ], [ -35.03271, -6.3156 ], [ -35.03284, -6.31608 ], [ -35.03291, -6.31732 ], [ -35.03279, -6.31918 ], [ -35.03264, -6.32071 ], [ -35.03251, -6.32178 ], [ -35.03228, -6.32346 ], [ -35.03211, -6.32518 ], [ -35.03194, -6.32599 ], [ -35.0316, -6.32797 ], [ -35.03123, -6.33023 ], [ -35.03098, -6.33167 ], [ -35.03065, -6.33336 ], [ -35.02998, -6.3355 ], [ -35.02971, -6.33702 ], [ -35.02928, -6.33812 ], [ -35.02934, -6.33915 ], [ -35.0292, -6.34135 ], [ -35.02871, -6.34401 ], [ -35.02833, -6.34542 ], [ -35.0279, -6.34767 ], [ -35.02748, -6.34963 ], [ -35.0272, -6.35099 ], [ -35.02669, -6.35278 ], [ -35.0262, -6.35426 ], [ -35.02571, -6.35548 ], [ -35.02527, -6.35647 ], [ -35.02505, -6.35695 ], [ -35.02486, -6.35759 ], [ -35.0244, -6.35848 ], [ -35.02374, -6.3598 ], [ -35.02259, -6.36159 ], [ -35.0217, -6.36306 ], [ -35.02075, -6.36421 ], [ -35.01963, -6.36571 ], [ -35.01775, -6.36733 ], [ -35.01677, -6.36813 ], [ -35.01604, -6.36871 ], [ -35.01515, -6.3694 ], [ -35.01415, -6.36977 ], [ -35.01325, -6.36999 ], [ -35.01227, -6.37012 ], [ -35.01188, -6.37015 ], [ -35.01145, -6.37011 ], [ -35.0109, -6.37001 ], [ -35.01031, -6.3698 ], [ -35.01002, -6.3696 ], [ -35.00978, -6.36933 ], [ -35.0096, -6.36881 ], [ -35.00951, -6.36852 ], [ -35.00955, -6.36792 ], [ -35.00961, -6.36754 ], [ -35.00961, -6.36751 ], [ -35.00965, -6.36715 ], [ -35.00965, -6.36715 ], [ -35.00971, -6.36676 ], [ -35.0097, -6.36651 ], [ -35.0096, -6.36634 ], [ -35.00944, -6.36614 ], [ -35.00921, -6.36597 ], [ -35.00921, -6.36596 ], [ -35.00914, -6.36592 ], [ -35.00906, -6.36587 ], [ -35.009, -6.36583 ], [ -35.00865, -6.36571 ], [ -35.00816, -6.36554 ], [ -35.00775, -6.36552 ], [ -35.00713, -6.36561 ], [ -35.00654, -6.36573 ], [ -35.00614, -6.36585 ], [ -35.00593, -6.36598 ], [ -35.00568, -6.36609 ], [ -35.00546, -6.36612 ], [ -35.00519, -6.36609 ], [ -35.00517, -6.36609 ], [ -35.00486, -6.36594 ], [ -35.00454, -6.36578 ], [ -35.00437, -6.36572 ], [ -35.0043, -6.3657 ], [ -35.00426, -6.36569 ], [ -35.00426, -6.36568 ], [ -35.00385, -6.36569 ], [ -35.00337, -6.36582 ], [ -35.00299, -6.36598 ], [ -35.00259, -6.36644 ], [ -35.00225, -6.36695 ], [ -35.00133, -6.36805 ], [ -35.00044, -6.36904 ], [ -34.99946, -6.36993 ], [ -34.99834, -6.37074 ], [ -34.99755, -6.37122 ], [ -34.99703, -6.37142 ], [ -34.99661, -6.37159 ], [ -34.99614, -6.37167 ], [ -34.99568, -6.37161 ], [ -34.9954, -6.37142 ], [ -34.99518, -6.37126 ], [ -34.99485, -6.37117 ], [ -34.99413, -6.37113 ], [ -34.99347, -6.37113 ], [ -34.99291, -6.3711 ], [ -34.99247, -6.371 ], [ -34.99227, -6.37093 ], [ -34.99212, -6.37091 ], [ -34.99191, -6.37098 ], [ -34.99165, -6.37108 ], [ -34.99119, -6.37129 ], [ -34.991, -6.37148 ], [ -34.99083, -6.37173 ], [ -34.99077, -6.37187 ], [ -34.99075, -6.37201 ], [ -34.99076, -6.3721 ], [ -34.99095, -6.37218 ], [ -34.99105, -6.37225 ], [ -34.9911, -6.37239 ], [ -34.99111, -6.37251 ], [ -34.99107, -6.3727 ], [ -34.99102, -6.37294 ], [ -34.99094, -6.37326 ], [ -34.99089, -6.37342 ], [ -34.99071, -6.37367 ], [ -34.99056, -6.37382 ], [ -34.99042, -6.3739 ], [ -34.99026, -6.37397 ], [ -34.9902, -6.37417 ], [ -34.99023, -6.37432 ], [ -34.99023, -6.37448 ], [ -34.99029, -6.37461 ], [ -34.99048, -6.37471 ], [ -34.9906, -6.37481 ], [ -34.99076, -6.37499 ], [ -34.99083, -6.37521 ], [ -34.9909, -6.37553 ], [ -34.99082, -6.37609 ], [ -34.9908, -6.37659 ], [ -34.9907, -6.377 ], [ -34.99063, -6.37731 ], [ -34.9905, -6.37771 ], [ -34.99042, -6.37803 ], [ -34.99031, -6.37828 ], [ -34.99018, -6.37865 ], [ -34.99011, -6.37893 ], [ -34.99, -6.37921 ], [ -34.98989, -6.37974 ], [ -34.98978, -6.38023 ], [ -34.98971, -6.38059 ], [ -34.98963, -6.38094 ], [ -34.98955, -6.38134 ], [ -34.98949, -6.38173 ], [ -34.98935, -6.38227 ], [ -34.9891, -6.38286 ], [ -34.98885, -6.38336 ], [ -34.98849, -6.38375 ], [ -34.98822, -6.38399 ], [ -34.98786, -6.38425 ], [ -34.98762, -6.38444 ], [ -34.98738, -6.38482 ], [ -34.98722, -6.38525 ], [ -34.9871, -6.38561 ], [ -34.98705, -6.38594 ], [ -34.98707, -6.38623 ], [ -34.98711, -6.38661 ], [ -34.98712, -6.3871 ], [ -34.98709, -6.38762 ], [ -34.98687, -6.38831 ], [ -34.98657, -6.38864 ], [ -34.98618, -6.389 ], [ -34.9858, -6.38927 ], [ -34.98566, -6.38957 ], [ -34.98558, -6.38994 ], [ -34.98558, -6.39011 ], [ -34.98554, -6.39034 ], [ -34.98531, -6.39069 ], [ -34.98511, -6.3909 ], [ -34.9849, -6.39111 ], [ -34.98476, -6.39147 ], [ -34.98475, -6.39187 ], [ -34.98471, -6.39246 ], [ -34.98465, -6.39305 ], [ -34.98459, -6.39368 ], [ -34.98448, -6.39416 ], [ -34.98435, -6.39462 ], [ -34.98415, -6.39502 ], [ -34.98383, -6.39519 ], [ -34.98344, -6.39535 ], [ -34.98326, -6.39562 ], [ -34.9831, -6.39601 ], [ -34.98299, -6.3964 ], [ -34.9829, -6.39676 ], [ -34.98275, -6.39715 ], [ -34.98246, -6.39766 ], [ -34.98218, -6.39791 ], [ -34.982, -6.398 ], [ -34.98185, -6.39801 ], [ -34.98162, -6.39788 ], [ -34.98126, -6.39786 ], [ -34.98109, -6.39806 ], [ -34.98096, -6.39837 ], [ -34.98093, -6.39881 ], [ -34.98088, -6.39934 ], [ -34.98075, -6.3998 ], [ -34.98059, -6.40034 ], [ -34.98026, -6.40081 ], [ -34.9801, -6.4011 ], [ -34.98003, -6.40137 ], [ -34.98009, -6.4017 ], [ -34.98005, -6.40222 ], [ -34.97993, -6.40261 ], [ -34.97976, -6.40287 ], [ -34.97962, -6.40337 ], [ -34.9796, -6.40364 ], [ -34.97966, -6.40399 ], [ -34.97977, -6.40442 ], [ -34.97982, -6.40502 ], [ -34.97981, -6.40568 ], [ -34.9797, -6.40698 ], [ -34.97955, -6.40953 ], [ -34.9794, -6.41076 ], [ -34.97918, -6.41153 ], [ -34.97893, -6.41217 ], [ -34.97869, -6.41242 ], [ -34.97847, -6.41262 ], [ -34.97793, -6.41297 ], [ -34.97766, -6.4132 ], [ -34.97743, -6.41335 ], [ -34.97727, -6.41368 ], [ -34.9772, -6.41398 ], [ -34.97709, -6.41429 ], [ -34.97694, -6.41468 ], [ -34.97674, -6.41502 ], [ -34.97659, -6.41525 ], [ -34.97619, -6.4157 ], [ -34.97604, -6.4159 ], [ -34.97599, -6.41628 ], [ -34.97599, -6.41672 ], [ -34.97603, -6.41698 ], [ -34.97603, -6.41735 ], [ -34.97599, -6.41759 ], [ -34.97592, -6.41782 ], [ -34.97577, -6.41801 ], [ -34.97541, -6.41831 ], [ -34.97513, -6.41867 ], [ -34.97499, -6.41907 ], [ -34.97485, -6.41962 ], [ -34.97488, -6.42041 ], [ -34.97495, -6.42105 ], [ -34.97496, -6.42234 ], [ -34.97506, -6.42367 ], [ -34.97507, -6.42455 ], [ -34.97509, -6.42572 ], [ -34.97513, -6.42669 ], [ -34.97508, -6.4276 ], [ -34.97498, -6.4283 ], [ -34.97484, -6.42912 ], [ -34.97462, -6.4301 ], [ -34.97438, -6.4312 ], [ -34.97431, -6.43174 ], [ -34.97412, -6.43267 ], [ -34.97399, -6.43343 ], [ -34.97385, -6.43391 ], [ -34.97381, -6.43406 ], [ -34.97364, -6.43479 ], [ -34.97334, -6.43557 ], [ -34.9733, -6.43561 ], [ -34.9729, -6.43604 ], [ -34.97258, -6.43612 ], [ -34.97227, -6.43614 ], [ -34.97209, -6.43594 ], [ -34.97197, -6.43574 ], [ -34.97176, -6.43551 ], [ -34.97152, -6.43557 ], [ -34.97137, -6.43585 ], [ -34.97122, -6.43633 ], [ -34.97107, -6.43673 ], [ -34.97082, -6.43735 ], [ -34.9707, -6.43798 ], [ -34.97079, -6.43828 ], [ -34.9709, -6.43834 ], [ -34.9711, -6.43825 ], [ -34.97158, -6.43817 ], [ -34.97181, -6.43828 ], [ -34.97206, -6.43871 ], [ -34.97235, -6.43908 ], [ -34.97264, -6.4396 ], [ -34.97286, -6.4406 ], [ -34.97304, -6.44168 ], [ -34.97326, -6.44286 ], [ -34.97352, -6.44523 ], [ -34.97375, -6.44678 ], [ -34.97395, -6.44925 ], [ -34.97397, -6.44983 ], [ -34.97399, -6.45028 ], [ -34.97394, -6.45173 ], [ -34.97382, -6.45242 ], [ -34.97367, -6.45317 ], [ -34.97347, -6.45395 ], [ -34.97308, -6.45548 ], [ -34.97299, -6.45581 ], [ -34.97298, -6.4559 ] ] ] } },
{ "type": "Feature", "properties": { "CD_MUN": "2406007", "NM_MUN": "José da Penha", "CD_RGI": "240010", "NM_RGI": "Pau dos Ferros", "CD_RGINT": "2403", "NM_RGINT": "Mossoró", "CD_UF": "24", "NM_UF": "Rio Grande do Norte", "SIGLA_UF": "RN", "CD_REGIA": "2", "NM_REGIA": "Nordeste", "SIGLA_RG": "NE", "CD_CONCU": null, "NM_CONCU": null, "AREA_KM2": 117.635 }, "geometry": { "type": "Polygon", "coordinates": [ [ [ -38.29835, -6.37951 ], [ -38.29889, -6.37954 ], [ -38.3019, -6.37858 ], [ -38.30214, -6.3785 ], [ -38.30227, -6.37846 ], [ -38.30519, -6.37752 ], [ -38.30951, -6.37767 ], [ -38.31337, -6.38122 ], [ -38.3148, -6.38361 ], [ -38.31664, -6.38383 ], [ -38.32133, -6.38242 ], [ -38.32453, -6.37979 ], [ -38.33462, -6.3756 ], [ -38.33658, -6.3742 ], [ -38.33438, -6.35528 ], [ -38.33352, -6.34783 ], [ -38.3313, -6.32874 ], [ -38.33302, -6.31834 ], [ -38.3324, -6.31524 ], [ -38.33232, -6.31407 ], [ -38.33323, -6.3124 ], [ -38.33336, -6.31155 ], [ -38.33274, -6.31071 ], [ -38.33099, -6.30954 ], [ -38.33082, -6.30896 ], [ -38.33212, -6.30396 ], [ -38.33196, -6.30344 ], [ -38.33104, -6.30298 ], [ -38.3285, -6.30223 ], [ -38.3273, -6.30164 ], [ -38.3263, -6.30081 ], [ -38.32468, -6.29895 ], [ -38.32366, -6.29751 ], [ -38.32318, -6.29683 ], [ -38.32173, -6.29545 ], [ -38.32028, -6.29458 ], [ -38.3192, -6.29347 ], [ -38.3182, -6.29197 ], [ -38.31732, -6.28993 ], [ -38.31679, -6.28959 ], [ -38.31587, -6.28966 ], [ -38.31383, -6.29044 ], [ -38.31158, -6.29103 ], [ -38.31058, -6.29102 ], [ -38.30967, -6.29079 ], [ -38.30863, -6.28996 ], [ -38.30763, -6.28863 ], [ -38.3073, -6.28725 ], [ -38.30722, -6.28266 ], [ -38.30685, -6.28131 ], [ -38.30581, -6.28068 ], [ -38.30473, -6.28068 ], [ -38.30358, -6.2813 ], [ -38.30198, -6.28247 ], [ -38.30111, -6.28249 ], [ -38.30019, -6.28157 ], [ -38.2987, -6.27894 ], [ -38.29757, -6.27807 ], [ -38.27755, -6.28262 ], [ -38.27327, -6.2833 ], [ -38.27168, -6.28414 ], [ -38.27006, -6.28409 ], [ -38.26886, -6.28378 ], [ -38.2675, -6.28275 ], [ -38.26653, -6.28169 ], [ -38.26567, -6.28145 ], [ -38.26416, -6.28135 ], [ -38.26173, -6.28075 ], [ -38.26104, -6.28058 ], [ -38.26058, -6.2807 ], [ -38.2602, -6.28137 ], [ -38.25899, -6.28174 ], [ -38.25741, -6.28101 ], [ -38.25658, -6.28113 ], [ -38.25591, -6.28151 ], [ -38.25566, -6.28222 ], [ -38.25608, -6.28359 ], [ -38.25566, -6.28459 ], [ -38.25474, -6.28588 ], [ -38.25178, -6.28903 ], [ -38.25054, -6.29019 ], [ -38.25004, -6.2904 ], [ -38.24898, -6.28977 ], [ -38.248, -6.2899 ], [ -38.24764, -6.28972 ], [ -38.24749, -6.3309 ], [ -38.24748, -6.33378 ], [ -38.23701, -6.33846 ], [ -38.23606, -6.33997 ], [ -38.22533, -6.35703 ], [ -38.23574, -6.36723 ], [ -38.23807, -6.37025 ], [ -38.23845, -6.38559 ], [ -38.25268, -6.41838 ], [ -38.25735, -6.40753 ], [ -38.25811, -6.40577 ], [ -38.25825, -6.40546 ], [ -38.27145, -6.40237 ], [ -38.27163, -6.39842 ], [ -38.27709, -6.39646 ], [ -38.2867, -6.39176 ], [ -38.27526, -6.37835 ], [ -38.29835, -6.37951 ] ] ] } },
{ "type": "Feature", "properties": { "CD_MUN": "2400109", "NM_MUN": "Acari", "CD_RGI": "240008", "NM_RGI": "Currais Novos", "CD_RGINT": "2402", "NM_RGINT": "Caicó", "CD_UF": "24", "NM_UF": "Rio Grande do Norte", "SIGLA_UF": "RN", "CD_REGIA": "2", "NM_REGIA": "Nordeste", "SIGLA_RG": "NE", "CD_CONCU": null, "NM_CONCU": null, "AREA_KM2": 608.466 }, "geometry": { "type": "Polygon", "coordinates": [ [ [ -36.75809, -6.51295 ], [ -36.7589, -6.51466 ], [ -36.76111, -6.51567 ], [ -36.76572, -6.50879 ], [ -36.76831, -6.50053 ], [ -36.77432, -6.47296 ], [ -36.76123, -6.47855 ], [ -36.75351, -6.44825 ], [ -36.74672, -6.41489 ], [ -36.74659, -6.41424 ], [ -36.74226, -6.39294 ], [ -36.74175, -6.37762 ], [ -36.75243, -6.35389 ], [ -36.752, -6.35306 ], [ -36.74859, -6.35032 ], [ -36.74839, -6.34884 ], [ -36.74886, -6.34785 ], [ -36.74901, -6.34663 ], [ -36.7488, -6.34599 ], [ -36.74831, -6.34546 ], [ -36.74812, -6.34395 ], [ -36.7486, -6.34298 ], [ -36.74843, -6.34157 ], [ -36.74757, -6.34093 ], [ -36.7447, -6.3396 ], [ -36.7435, -6.33915 ], [ -36.74162, -6.33872 ], [ -36.73966, -6.33744 ], [ -36.73915, -6.33642 ], [ -36.75359, -6.32114 ], [ -36.75415, -6.32054 ], [ -36.75237, -6.31672 ], [ -36.74848, -6.3145 ], [ -36.74618, -6.31102 ], [ -36.74474, -6.31053 ], [ -36.7433, -6.30752 ], [ -36.74037, -6.30491 ], [ -36.73856, -6.30181 ], [ -36.71639, -6.301 ], [ -36.71575, -6.29526 ], [ -36.71535, -6.29469 ], [ -36.71349, -6.29435 ], [ -36.71357, -6.29101 ], [ -36.71326, -6.29003 ], [ -36.71295, -6.28937 ], [ -36.71065, -6.28689 ], [ -36.71002, -6.2781 ], [ -36.70959, -6.27696 ], [ -36.70784, -6.2769 ], [ -36.70517, -6.27578 ], [ -36.70303, -6.27428 ], [ -36.70166, -6.27405 ], [ -36.70005, -6.27546 ], [ -36.69942, -6.27656 ], [ -36.69931, -6.27676 ], [ -36.69859, -6.27686 ], [ -36.69763, -6.27655 ], [ -36.69637, -6.27499 ], [ -36.69572, -6.27419 ], [ -36.69288, -6.27261 ], [ -36.69205, -6.27259 ], [ -36.6896, -6.27458 ], [ -36.68729, -6.27367 ], [ -36.68692, -6.27259 ], [ -36.68598, -6.27182 ], [ -36.68528, -6.27192 ], [ -36.68487, -6.2718 ], [ -36.68307, -6.2704 ], [ -36.68159, -6.26981 ], [ -36.67796, -6.27132 ], [ -36.67562, -6.26997 ], [ -36.67374, -6.27147 ], [ -36.67349, -6.2736 ], [ -36.6725, -6.27527 ], [ -36.67025, -6.27537 ], [ -36.66253, -6.27852 ], [ -36.6607, -6.27794 ], [ -36.66044, -6.27713 ], [ -36.65965, -6.27652 ], [ -36.65855, -6.2767 ], [ -36.65797, -6.27609 ], [ -36.65731, -6.27415 ], [ -36.65547, -6.27385 ], [ -36.65542, -6.27262 ], [ -36.65526, -6.27239 ], [ -36.65474, -6.27222 ], [ -36.65199, -6.27341 ], [ -36.64584, -6.27059 ], [ -36.64525, -6.27045 ], [ -36.63981, -6.2713 ], [ -36.63205, -6.26863 ], [ -36.63061, -6.26851 ], [ -36.6296, -6.26928 ], [ -36.62836, -6.27113 ], [ -36.62828, -6.27147 ], [ -36.62902, -6.27521 ], [ -36.6282, -6.27682 ], [ -36.6281, -6.28038 ], [ -36.62703, -6.28233 ], [ -36.62622, -6.28553 ], [ -36.62599, -6.28588 ], [ -36.62507, -6.28644 ], [ -36.62338, -6.28599 ], [ -36.62108, -6.28708 ], [ -36.61968, -6.28814 ], [ -36.61883, -6.29082 ], [ -36.61751, -6.29232 ], [ -36.61547, -6.29331 ], [ -36.61384, -6.29307 ], [ -36.60459, -6.29037 ], [ -36.60427, -6.29049 ], [ -36.59606, -6.28823 ], [ -36.59527, -6.29161 ], [ -36.59249, -6.29699 ], [ -36.58946, -6.29727 ], [ -36.58477, -6.29988 ], [ -36.58424, -6.30054 ], [ -36.5841, -6.30118 ], [ -36.58564, -6.30337 ], [ -36.58581, -6.30447 ], [ -36.58475, -6.30638 ], [ -36.57585, -6.30781 ], [ -36.57086, -6.30975 ], [ -36.57091, -6.31101 ], [ -36.56999, -6.31148 ], [ -36.56768, -6.31088 ], [ -36.56702, -6.31121 ], [ -36.56685, -6.31201 ], [ -36.56497, -6.31228 ], [ -36.56444, -6.31286 ], [ -36.56477, -6.31366 ], [ -36.5644, -6.31424 ], [ -36.56385, -6.31427 ], [ -36.56354, -6.31546 ], [ -36.56266, -6.31603 ], [ -36.56191, -6.3178 ], [ -36.5617, -6.32169 ], [ -36.56075, -6.32376 ], [ -36.55994, -6.32744 ], [ -36.55933, -6.32826 ], [ -36.55764, -6.32862 ], [ -36.55731, -6.32903 ], [ -36.55817, -6.32974 ], [ -36.55762, -6.33024 ], [ -36.55482, -6.3308 ], [ -36.55326, -6.33473 ], [ -36.55353, -6.33595 ], [ -36.55323, -6.33988 ], [ -36.54877, -6.34261 ], [ -36.54798, -6.34437 ], [ -36.55002, -6.34776 ], [ -36.55086, -6.35079 ], [ -36.55086, -6.35402 ], [ -36.55086, -6.36186 ], [ -36.54893, -6.36291 ], [ -36.54584, -6.36381 ], [ -36.54364, -6.36706 ], [ -36.54243, -6.3729 ], [ -36.54077, -6.37309 ], [ -36.53804, -6.37261 ], [ -36.52729, -6.37632 ], [ -36.51783, -6.37821 ], [ -36.51198, -6.38214 ], [ -36.50943, -6.38279 ], [ -36.50588, -6.38598 ], [ -36.50438, -6.38645 ], [ -36.5048, -6.39011 ], [ -36.50749, -6.40012 ], [ -36.51073, -6.40748 ], [ -36.51867, -6.41808 ], [ -36.52106, -6.4239 ], [ -36.52568, -6.43678 ], [ -36.52893, -6.44334 ], [ -36.53097, -6.45207 ], [ -36.53057, -6.46053 ], [ -36.52953, -6.46567 ], [ -36.53082, -6.47183 ], [ -36.52975, -6.47673 ], [ -36.52821, -6.47928 ], [ -36.53671, -6.48117 ], [ -36.54123, -6.48297 ], [ -36.54325, -6.48276 ], [ -36.54567, -6.48415 ], [ -36.54623, -6.48364 ], [ -36.54904, -6.4829 ], [ -36.54991, -6.48298 ], [ -36.5505, -6.48403 ], [ -36.55145, -6.48408 ], [ -36.55357, -6.48195 ], [ -36.55607, -6.48131 ], [ -36.55862, -6.47818 ], [ -36.55935, -6.47824 ], [ -36.56052, -6.47959 ], [ -36.56785, -6.47807 ], [ -36.57317, -6.4765 ], [ -36.57843, -6.47304 ], [ -36.57978, -6.47291 ], [ -36.58132, -6.47432 ], [ -36.58535, -6.48204 ], [ -36.58707, -6.48416 ], [ -36.59017, -6.48547 ], [ -36.59459, -6.48546 ], [ -36.59709, -6.48833 ], [ -36.61169, -6.49864 ], [ -36.6258, -6.51126 ], [ -36.62434, -6.51427 ], [ -36.62307, -6.51556 ], [ -36.62318, -6.51671 ], [ -36.62697, -6.51959 ], [ -36.62948, -6.52262 ], [ -36.63092, -6.52634 ], [ -36.63314, -6.5275 ], [ -36.63657, -6.52806 ], [ -36.64261, -6.53503 ], [ -36.6481, -6.53287 ], [ -36.65108, -6.53913 ], [ -36.65843, -6.5546 ], [ -36.66561, -6.56357 ], [ -36.67532, -6.57697 ], [ -36.67975, -6.57935 ], [ -36.67898, -6.55134 ], [ -36.69506, -6.55789 ], [ -36.70352, -6.5382 ], [ -36.70479, -6.53934 ], [ -36.70583, -6.5374 ], [ -36.70756, -6.53705 ], [ -36.70775, -6.53647 ], [ -36.70872, -6.53559 ], [ -36.71045, -6.5365 ], [ -36.71184, -6.53688 ], [ -36.71241, -6.53689 ], [ -36.71843, -6.53297 ], [ -36.7222, -6.52935 ], [ -36.72417, -6.52811 ], [ -36.72703, -6.52806 ], [ -36.72881, -6.52608 ], [ -36.72983, -6.5262 ], [ -36.73097, -6.52561 ], [ -36.73233, -6.52531 ], [ -36.73393, -6.52551 ], [ -36.73523, -6.52508 ], [ -36.73674, -6.52503 ], [ -36.73788, -6.52313 ], [ -36.74065, -6.52167 ], [ -36.74131, -6.52008 ], [ -36.74137, -6.51935 ], [ -36.74237, -6.51814 ], [ -36.74287, -6.51673 ], [ -36.74426, -6.51663 ], [ -36.74465, -6.51683 ], [ -36.74506, -6.51775 ], [ -36.74584, -6.51839 ], [ -36.74742, -6.51821 ], [ -36.74816, -6.51725 ], [ -36.74916, -6.51342 ], [ -36.75039, -6.51304 ], [ -36.75109, -6.51562 ], [ -36.75168, -6.51597 ], [ -36.75369, -6.51327 ], [ -36.75777, -6.51283 ], [ -36.75809, -6.51295 ] ] ] } },
{ "type": "Feature", "properties": { "CD_MUN": "2401453", "NM_MUN": "Baraúna", "CD_RGI": "240009", "NM_RGI": "Mossoró", "CD_RGINT": "2403", "NM_RGINT": "Mossoró", "CD_UF": "24", "NM_UF": "Rio Grande do Norte", "SIGLA_UF": "RN", "CD_REGIA": "2", "NM_REGIA": "Nordeste", "SIGLA_RG": "NE", "CD_CONCU": null, "NM_CONCU": null, "AREA_KM2": 825.681 }, "geometry": { "type": "Polygon", "coordinates": [ [ [ -37.68319, -5.24927 ], [ -37.77129, -5.22404 ], [ -37.78816, -5.2192 ], [ -37.78997, -5.2145 ], [ -37.79003, -5.21094 ], [ -37.78742, -5.20393 ], [ -37.78565, -5.20182 ], [ -37.77631, -5.18712 ], [ -37.76496, -5.13962 ], [ -37.76496, -5.13962 ], [ -37.75564, -5.12879 ], [ -37.75205, -5.12268 ], [ -37.74829, -5.11756 ], [ -37.74029, -5.11042 ], [ -37.74003, -5.11018 ], [ -37.73342, -5.10064 ], [ -37.73342, -5.10064 ], [ -37.73163, -5.08453 ], [ -37.73038, -5.08063 ], [ -37.72759, -5.07463 ], [ -37.72611, -5.07285 ], [ -37.72509, -5.07062 ], [ -37.72399, -5.0697 ], [ -37.7191, -5.06561 ], [ -37.71466, -5.06271 ], [ -37.71049, -5.06115 ], [ -37.69582, -5.05812 ], [ -37.67876, -5.0552 ], [ -37.67762, -5.05409 ], [ -37.67724, -5.05287 ], [ -37.67706, -5.05228 ], [ -37.67698, -5.05201 ], [ -37.66037, -4.99825 ], [ -37.66027, -4.99791 ], [ -37.66026, -4.9979 ], [ -37.66026, -4.9979 ], [ -37.66014, -4.99747 ], [ -37.66012, -4.99739 ], [ -37.65124, -4.96552 ], [ -37.65045, -4.9627 ], [ -37.64034, -4.9264 ], [ -37.64026, -4.92639 ], [ -37.59117, -4.91527 ], [ -37.55855, -4.90791 ], [ -37.55855, -4.9079 ], [ -37.53981, -4.9033 ], [ -37.53935, -4.90319 ], [ -37.52198, -4.89891 ], [ -37.51555, -4.89741 ], [ -37.48911, -4.89122 ], [ -37.46708, -4.88592 ], [ -37.46598, -4.88858 ], [ -37.46676, -4.89123 ], [ -37.46828, -4.89407 ], [ -37.46862, -4.8959 ], [ -37.46844, -4.89739 ], [ -37.46903, -4.89933 ], [ -37.46981, -4.8997 ], [ -37.47217, -4.89957 ], [ -37.47285, -4.89977 ], [ -37.474, -4.90075 ], [ -37.47572, -4.90526 ], [ -37.47829, -4.90874 ], [ -37.48048, -4.91081 ], [ -37.48234, -4.91328 ], [ -37.48647, -4.91595 ], [ -37.49006, -4.91894 ], [ -37.49067, -4.91969 ], [ -37.49203, -4.92307 ], [ -37.49237, -4.92454 ], [ -37.49197, -4.93124 ], [ -37.49204, -4.94 ], [ -37.49153, -4.94319 ], [ -37.49208, -4.94551 ], [ -37.49373, -4.94964 ], [ -37.49465, -4.96039 ], [ -37.4964, -4.96467 ], [ -37.49665, -4.96933 ], [ -37.49545, -4.9786 ], [ -37.49607, -4.98412 ], [ -37.49843, -4.99651 ], [ -37.49801, -5.00068 ], [ -37.49599, -5.00844 ], [ -37.4964, -5.00965 ], [ -37.49738, -5.01063 ], [ -37.49726, -5.01104 ], [ -37.49487, -5.01292 ], [ -37.49346, -5.01319 ], [ -37.49253, -5.01366 ], [ -37.49062, -5.01568 ], [ -37.48858, -5.0169 ], [ -37.4939, -5.03156 ], [ -37.49428, -5.0326 ], [ -37.52463, -5.11636 ], [ -37.52564, -5.11914 ], [ -37.52596, -5.12001 ], [ -37.5303, -5.13201 ], [ -37.56197, -5.21951 ], [ -37.56223, -5.22022 ], [ -37.5831, -5.27793 ], [ -37.64122, -5.26129 ], [ -37.68319, -5.24927 ] ] ] } },
{ "type": "Feature", "properties": { "CD_MUN": "2409100", "NM_MUN": "Passa e Fica", "CD_RGI": "240002", "NM_RGI": "Santo Antônio - Passa e Fica - Nova Cruz", "CD_RGINT": "2401", "NM_RGINT": "Natal", "CD_UF": "24", "NM_UF": "Rio Grande do Norte", "SIGLA_UF": "RN", "CD_REGIA": "2", "NM_REGIA": "Nordeste", "SIGLA_RG": "NE", "CD_CONCU": null, "NM_CONCU": null, "AREA_KM2": 44.105 }, "geometry": { "type": "Polygon", "coordinates": [ [ [ -35.63008, -6.45486 ], [ -35.63097, -6.45484 ], [ -35.63499, -6.45478 ], [ -35.63662, -6.45443 ], [ -35.6368, -6.45439 ], [ -35.63938, -6.45314 ], [ -35.64364, -6.45197 ], [ -35.64606, -6.4506 ], [ -35.65149, -6.44999 ], [ -35.65281, -6.44902 ], [ -35.65393, -6.44725 ], [ -35.65566, -6.4472 ], [ -35.65693, -6.44591 ], [ -35.65726, -6.44578 ], [ -35.65932, -6.44583 ], [ -35.66016, -6.44528 ], [ -35.6636, -6.44683 ], [ -35.66405, -6.44929 ], [ -35.66466, -6.44996 ], [ -35.66533, -6.44996 ], [ -35.66572, -6.44622 ], [ -35.66591, -6.44538 ], [ -35.66602, -6.44521 ], [ -35.66608, -6.44494 ], [ -35.66614, -6.44456 ], [ -35.66618, -6.4443 ], [ -35.66619, -6.44427 ], [ -35.66626, -6.44407 ], [ -35.66643, -6.44375 ], [ -35.66657, -6.44357 ], [ -35.66697, -6.44283 ], [ -35.66705, -6.44258 ], [ -35.66739, -6.4417 ], [ -35.6675, -6.44125 ], [ -35.66752, -6.44108 ], [ -35.66747, -6.4408 ], [ -35.66744, -6.44055 ], [ -35.66751, -6.44032 ], [ -35.66764, -6.44015 ], [ -35.66787, -6.43981 ], [ -35.66802, -6.43969 ], [ -35.66809, -6.43959 ], [ -35.66814, -6.43943 ], [ -35.66822, -6.43916 ], [ -35.66827, -6.439 ], [ -35.66859, -6.4381 ], [ -35.66858, -6.43794 ], [ -35.66864, -6.43764 ], [ -35.6687, -6.43749 ], [ -35.6687, -6.43749 ], [ -35.66869, -6.43748 ], [ -35.66874, -6.4373 ], [ -35.66871, -6.43714 ], [ -35.66875, -6.43692 ], [ -35.6689, -6.43664 ], [ -35.66899, -6.43641 ], [ -35.66903, -6.43624 ], [ -35.66905, -6.4359 ], [ -35.66915, -6.43567 ], [ -35.66934, -6.43527 ], [ -35.6697, -6.43431 ], [ -35.66974, -6.43417 ], [ -35.66985, -6.43384 ], [ -35.66993, -6.43335 ], [ -35.67012, -6.43293 ], [ -35.67034, -6.43275 ], [ -35.67037, -6.43264 ], [ -35.67047, -6.43201 ], [ -35.67058, -6.4318 ], [ -35.67046, -6.43138 ], [ -35.67026, -6.4308 ], [ -35.67026, -6.4308 ], [ -35.67009, -6.43032 ], [ -35.66995, -6.42991 ], [ -35.66981, -6.4295 ], [ -35.66924, -6.42758 ], [ -35.66922, -6.42755 ], [ -35.66855, -6.42639 ], [ -35.66779, -6.42564 ], [ -35.66708, -6.42509 ], [ -35.66678, -6.42483 ], [ -35.66634, -6.42459 ], [ -35.66619, -6.42453 ], [ -35.66593, -6.42443 ], [ -35.66543, -6.42432 ], [ -35.66494, -6.42432 ], [ -35.66459, -6.42434 ], [ -35.66488, -6.42401 ], [ -35.66595, -6.42349 ], [ -35.66687, -6.42302 ], [ -35.6671, -6.4229 ], [ -35.66751, -6.42262 ], [ -35.66755, -6.42251 ], [ -35.66757, -6.42237 ], [ -35.66761, -6.42211 ], [ -35.66776, -6.42155 ], [ -35.66777, -6.42107 ], [ -35.6679, -6.42079 ], [ -35.6682, -6.42051 ], [ -35.6686, -6.41988 ], [ -35.66886, -6.41943 ], [ -35.669, -6.41925 ], [ -35.66904, -6.4192 ], [ -35.66904, -6.4192 ], [ -35.66905, -6.41919 ], [ -35.66908, -6.41915 ], [ -35.6691, -6.41913 ], [ -35.66912, -6.4191 ], [ -35.66914, -6.41908 ], [ -35.66916, -6.41904 ], [ -35.66919, -6.41897 ], [ -35.66921, -6.41892 ], [ -35.66921, -6.41892 ], [ -35.66921, -6.4189 ], [ -35.66929, -6.41866 ], [ -35.66931, -6.41838 ], [ -35.66923, -6.418 ], [ -35.66911, -6.41748 ], [ -35.66911, -6.41723 ], [ -35.66898, -6.41666 ], [ -35.6689, -6.41648 ], [ -35.66892, -6.41632 ], [ -35.66909, -6.41613 ], [ -35.66952, -6.4159 ], [ -35.66965, -6.4158 ], [ -35.66975, -6.41563 ], [ -35.66976, -6.41562 ], [ -35.66976, -6.41562 ], [ -35.66976, -6.4156 ], [ -35.66981, -6.41539 ], [ -35.66996, -6.41513 ], [ -35.67021, -6.41492 ], [ -35.67031, -6.41477 ], [ -35.67039, -6.41467 ], [ -35.67082, -6.41438 ], [ -35.67103, -6.41422 ], [ -35.6713, -6.4141 ], [ -35.64933, -6.41872 ], [ -35.64923, -6.41901 ], [ -35.64857, -6.41883 ], [ -35.64841, -6.41942 ], [ -35.64834, -6.41936 ], [ -35.64828, -6.41926 ], [ -35.64818, -6.41917 ], [ -35.64802, -6.41911 ], [ -35.6479, -6.41908 ], [ -35.64767, -6.41913 ], [ -35.6475, -6.41922 ], [ -35.64748, -6.41923 ], [ -35.64664, -6.41905 ], [ -35.64654, -6.4193 ], [ -35.62901, -6.42298 ], [ -35.61648, -6.42561 ], [ -35.59838, -6.42712 ], [ -35.59296, -6.42757 ], [ -35.58583, -6.42816 ], [ -35.5808, -6.42858 ], [ -35.56762, -6.42968 ], [ -35.55923, -6.43037 ], [ -35.55879, -6.43041 ], [ -35.55867, -6.43042 ], [ -35.55844, -6.43044 ], [ -35.55868, -6.43087 ], [ -35.57125, -6.45371 ], [ -35.57395, -6.45861 ], [ -35.57412, -6.45892 ], [ -35.57495, -6.46043 ], [ -35.58052, -6.47056 ], [ -35.58118, -6.4809 ], [ -35.58129, -6.48261 ], [ -35.58138, -6.48406 ], [ -35.58276, -6.48279 ], [ -35.58541, -6.48279 ], [ -35.5865, -6.48211 ], [ -35.5881, -6.47903 ], [ -35.5907, -6.47802 ], [ -35.59171, -6.47716 ], [ -35.59213, -6.47658 ], [ -35.59216, -6.47163 ], [ -35.59534, -6.46721 ], [ -35.59838, -6.46453 ], [ -35.59954, -6.46111 ], [ -35.60019, -6.46061 ], [ -35.60409, -6.45921 ], [ -35.60497, -6.45927 ], [ -35.60753, -6.46061 ], [ -35.61098, -6.46096 ], [ -35.6129, -6.46205 ], [ -35.61687, -6.46263 ], [ -35.61797, -6.46202 ], [ -35.61791, -6.4614 ], [ -35.61791, -6.46132 ], [ -35.61684, -6.45959 ], [ -35.61674, -6.45942 ], [ -35.61702, -6.45876 ], [ -35.61965, -6.45722 ], [ -35.62038, -6.45732 ], [ -35.62319, -6.45866 ], [ -35.62707, -6.4559 ], [ -35.62931, -6.45487 ], [ -35.63008, -6.45486 ] ] ] } },
{ "type": "Feature", "properties": { "CD_MUN": "2412807", "NM_MUN": "São Rafael", "CD_RGI": "240011", "NM_RGI": "Açu", "CD_RGINT": "2403", "NM_RGINT": "Mossoró", "CD_UF": "24", "NM_UF": "Rio Grande do Norte", "SIGLA_UF": "RN", "CD_REGIA": "2", "NM_REGIA": "Nordeste", "SIGLA_RG": "NE", "CD_CONCU": null, "NM_CONCU": null, "AREA_KM2": 469.101 }, "geometry": { "type": "Polygon", "coordinates": [ [ [ -36.80342, -5.75695 ], [ -36.80304, -5.75713 ], [ -36.80095, -5.75712 ], [ -36.7997, -5.7563 ], [ -36.79824, -5.75603 ], [ -36.79647, -5.75612 ], [ -36.79557, -5.75666 ], [ -36.79445, -5.75672 ], [ -36.78974, -5.75517 ], [ -36.77647, -5.779 ], [ -36.76866, -5.79303 ], [ -36.77072, -5.79939 ], [ -36.77159, -5.80133 ], [ -36.7724, -5.80192 ], [ -36.77364, -5.80229 ], [ -36.77577, -5.80186 ], [ -36.77663, -5.80245 ], [ -36.77673, -5.80319 ], [ -36.77556, -5.80482 ], [ -36.77534, -5.80763 ], [ -36.77496, -5.80977 ], [ -36.77486, -5.81348 ], [ -36.77408, -5.81528 ], [ -36.77407, -5.81598 ], [ -36.77437, -5.81662 ], [ -36.77515, -5.81729 ], [ -36.77551, -5.81793 ], [ -36.7754, -5.81852 ], [ -36.77484, -5.81965 ], [ -36.77495, -5.82019 ], [ -36.77635, -5.82153 ], [ -36.77681, -5.82277 ], [ -36.7774, -5.82533 ], [ -36.77748, -5.82629 ], [ -36.77732, -5.82708 ], [ -36.7759, -5.82801 ], [ -36.77539, -5.8288 ], [ -36.77498, -5.83023 ], [ -36.77471, -5.83225 ], [ -36.774, -5.83377 ], [ -36.77275, -5.83498 ], [ -36.77244, -5.83571 ], [ -36.77229, -5.83685 ], [ -36.77348, -5.84173 ], [ -36.77338, -5.84237 ], [ -36.77285, -5.84333 ], [ -36.77264, -5.84417 ], [ -36.77263, -5.84767 ], [ -36.77292, -5.85119 ], [ -36.77263, -5.85462 ], [ -36.77261, -5.85741 ], [ -36.77281, -5.85869 ], [ -36.77356, -5.86104 ], [ -36.80042, -5.89248 ], [ -36.81807, -5.91314 ], [ -36.83564, -5.92851 ], [ -36.87605, -5.96387 ], [ -36.87845, -5.96064 ], [ -36.89373, -5.97496 ], [ -36.90136, -5.97403 ], [ -36.90258, -5.97441 ], [ -36.90342, -5.97563 ], [ -36.90468, -5.97576 ], [ -36.90677, -5.97546 ], [ -36.90813, -5.97365 ], [ -36.91058, -5.97317 ], [ -36.91114, -5.97306 ], [ -36.91244, -5.97248 ], [ -36.91438, -5.97105 ], [ -36.91477, -5.96994 ], [ -36.91372, -5.96684 ], [ -36.91404, -5.96599 ], [ -36.91483, -5.96562 ], [ -36.91795, -5.96538 ], [ -36.91894, -5.96569 ], [ -36.92379, -5.96853 ], [ -36.92589, -5.97149 ], [ -36.92662, -5.97179 ], [ -36.92767, -5.97174 ], [ -36.92973, -5.97063 ], [ -36.93193, -5.96822 ], [ -36.93298, -5.96789 ], [ -36.93508, -5.96897 ], [ -36.9366, -5.96835 ], [ -36.93973, -5.96268 ], [ -36.9413, -5.95829 ], [ -36.94114, -5.9571 ], [ -36.93951, -5.9546 ], [ -36.93925, -5.95327 ], [ -36.93976, -5.95171 ], [ -36.94207, -5.94789 ], [ -36.94292, -5.94735 ], [ -36.94426, -5.94724 ], [ -36.94463, -5.94653 ], [ -36.9461, -5.93988 ], [ -36.94736, -5.93702 ], [ -36.95081, -5.9351 ], [ -36.95102, -5.93405 ], [ -36.95033, -5.93161 ], [ -36.95051, -5.93042 ], [ -36.95139, -5.92969 ], [ -36.95907, -5.92827 ], [ -36.96477, -5.92469 ], [ -36.96964, -5.91852 ], [ -36.9731, -5.91281 ], [ -36.97358, -5.90918 ], [ -36.97225, -5.90481 ], [ -36.96958, -5.90242 ], [ -36.96101, -5.90028 ], [ -36.95949, -5.89926 ], [ -36.95787, -5.89642 ], [ -36.95656, -5.88887 ], [ -36.95517, -5.88433 ], [ -36.95047, -5.87881 ], [ -36.94378, -5.87396 ], [ -36.94092, -5.87298 ], [ -36.93801, -5.8707 ], [ -36.93697, -5.86843 ], [ -36.9368, -5.86588 ], [ -36.93763, -5.86384 ], [ -36.94032, -5.86147 ], [ -36.94202, -5.85836 ], [ -36.94453, -5.85798 ], [ -36.94775, -5.85652 ], [ -36.95038, -5.85533 ], [ -36.95046, -5.8553 ], [ -36.95209, -5.85552 ], [ -36.9534, -5.85614 ], [ -36.95457, -5.856 ], [ -36.95502, -5.85556 ], [ -36.95671, -5.85391 ], [ -36.95889, -5.85385 ], [ -36.95971, -5.85291 ], [ -36.96051, -5.84988 ], [ -36.96603, -5.8463 ], [ -36.9668, -5.84098 ], [ -36.9774, -5.81362 ], [ -36.98011, -5.78532 ], [ -36.98011, -5.78385 ], [ -36.97925, -5.78297 ], [ -36.96711, -5.77516 ], [ -36.96511, -5.77354 ], [ -36.96412, -5.76961 ], [ -36.96153, -5.75251 ], [ -36.94427, -5.74192 ], [ -36.92676, -5.73119 ], [ -36.89357, -5.71084 ], [ -36.88957, -5.71407 ], [ -36.88772, -5.71422 ], [ -36.8854, -5.71383 ], [ -36.88385, -5.7142 ], [ -36.87956, -5.7161 ], [ -36.87631, -5.71729 ], [ -36.87337, -5.71796 ], [ -36.8693, -5.71941 ], [ -36.86721, -5.72045 ], [ -36.86528, -5.72195 ], [ -36.86303, -5.72442 ], [ -36.86167, -5.72566 ], [ -36.85927, -5.72617 ], [ -36.85603, -5.72526 ], [ -36.85325, -5.72427 ], [ -36.8514, -5.72396 ], [ -36.84919, -5.72414 ], [ -36.8478, -5.72512 ], [ -36.84624, -5.72729 ], [ -36.84423, -5.72944 ], [ -36.84268, -5.73049 ], [ -36.84079, -5.73217 ], [ -36.83861, -5.73562 ], [ -36.83776, -5.73652 ], [ -36.83574, -5.73726 ], [ -36.83176, -5.73721 ], [ -36.82998, -5.73795 ], [ -36.82843, -5.73983 ], [ -36.82749, -5.7414 ], [ -36.82602, -5.74282 ], [ -36.82362, -5.74394 ], [ -36.82088, -5.74427 ], [ -36.81725, -5.74403 ], [ -36.81554, -5.74447 ], [ -36.81407, -5.74552 ], [ -36.81286, -5.74758 ], [ -36.812, -5.75066 ], [ -36.8113, -5.75156 ], [ -36.80739, -5.75415 ], [ -36.80548, -5.75581 ], [ -36.80505, -5.75619 ], [ -36.8038, -5.75677 ], [ -36.80342, -5.75695 ] ] ] } },
{ "type": "Feature", "properties": { "CD_MUN": "2404507", "NM_MUN": "Guamaré", "CD_RGI": "240011", "NM_RGI": "Açu", "CD_RGINT": "2403", "NM_RGINT": "Mossoró", "CD_UF": "24", "NM_UF": "Rio Grande do Norte", "SIGLA_UF": "RN", "CD_REGIA": "2", "NM_REGIA": "Nordeste", "SIGLA_RG": "NE", "CD_CONCU": null, "NM_CONCU": null, "AREA_KM2": 258.307 }, "geometry": { "type": "Polygon", "coordinates": [ [ [ -36.32239, -5.26971 ], [ -36.32247, -5.26968 ], [ -36.32717, -5.26769 ], [ -36.32732, -5.26762 ], [ -36.34716, -5.2592 ], [ -36.3473, -5.25914 ], [ -36.35226, -5.25712 ], [ -36.35285, -5.25688 ], [ -36.3532, -5.25674 ], [ -36.35327, -5.25671 ], [ -36.35451, -5.25621 ], [ -36.35459, -5.25618 ], [ -36.35498, -5.25603 ], [ -36.356, -5.25561 ], [ -36.35601, -5.25561 ], [ -36.35611, -5.25557 ], [ -36.35637, -5.25546 ], [ -36.3567, -5.25533 ], [ -36.35695, -5.25522 ], [ -36.35703, -5.25519 ], [ -36.35743, -5.25502 ], [ -36.35743, -5.25502 ], [ -36.35778, -5.25486 ], [ -36.35778, -5.25486 ], [ -36.35782, -5.25484 ], [ -36.35786, -5.25483 ], [ -36.35822, -5.2547 ], [ -36.35866, -5.25454 ], [ -36.35912, -5.25437 ], [ -36.36015, -5.25403 ], [ -36.36072, -5.25379 ], [ -36.3634, -5.25271 ], [ -36.36569, -5.25179 ], [ -36.36768, -5.25098 ], [ -36.36819, -5.25078 ], [ -36.36825, -5.25066 ], [ -36.3683, -5.25056 ], [ -36.3802, -5.22815 ], [ -36.38026, -5.22802 ], [ -36.43052, -5.13333 ], [ -36.43064, -5.1331 ], [ -36.43056, -5.13291 ], [ -36.40682, -5.08069 ], [ -36.40615, -5.0809 ], [ -36.40489, -5.08109 ], [ -36.40448, -5.08113 ], [ -36.40411, -5.0811 ], [ -36.40377, -5.0811 ], [ -36.40349, -5.08113 ], [ -36.40306, -5.08138 ], [ -36.4016, -5.08199 ], [ -36.3996, -5.08289 ], [ -36.39762, -5.08361 ], [ -36.39544, -5.08438 ], [ -36.39327, -5.08516 ], [ -36.39069, -5.08609 ], [ -36.38918, -5.0866 ], [ -36.38816, -5.08691 ], [ -36.38723, -5.08711 ], [ -36.38669, -5.08721 ], [ -36.38638, -5.08723 ], [ -36.38558, -5.08733 ], [ -36.3846, -5.08752 ], [ -36.38441, -5.08756 ], [ -36.38413, -5.08761 ], [ -36.38393, -5.08762 ], [ -36.38379, -5.08755 ], [ -36.3837, -5.08746 ], [ -36.38367, -5.08735 ], [ -36.38362, -5.08726 ], [ -36.38356, -5.08723 ], [ -36.38349, -5.08726 ], [ -36.38326, -5.08739 ], [ -36.38308, -5.08748 ], [ -36.38275, -5.08761 ], [ -36.3822, -5.0877 ], [ -36.3818, -5.08772 ], [ -36.38113, -5.08768 ], [ -36.38085, -5.08764 ], [ -36.38058, -5.08756 ], [ -36.38013, -5.0874 ], [ -36.37933, -5.08725 ], [ -36.37898, -5.08719 ], [ -36.37852, -5.08718 ], [ -36.37817, -5.08725 ], [ -36.37714, -5.08744 ], [ -36.37605, -5.08767 ], [ -36.37473, -5.08807 ], [ -36.37336, -5.08848 ], [ -36.37292, -5.08866 ], [ -36.37256, -5.08886 ], [ -36.37229, -5.08903 ], [ -36.37205, -5.0892 ], [ -36.36759, -5.08867 ], [ -36.3676, -5.08837 ], [ -36.36754, -5.08815 ], [ -36.36744, -5.08793 ], [ -36.36722, -5.08771 ], [ -36.36688, -5.08754 ], [ -36.36649, -5.08743 ], [ -36.36598, -5.08733 ], [ -36.36532, -5.0872 ], [ -36.36479, -5.08709 ], [ -36.36418, -5.08697 ], [ -36.36363, -5.08684 ], [ -36.36322, -5.08673 ], [ -36.36283, -5.08666 ], [ -36.36234, -5.08661 ], [ -36.36203, -5.08658 ], [ -36.36164, -5.08651 ], [ -36.36131, -5.08648 ], [ -36.361, -5.08646 ], [ -36.3606, -5.08646 ], [ -36.3602, -5.08648 ], [ -36.35995, -5.08652 ], [ -36.35978, -5.08651 ], [ -36.35959, -5.08649 ], [ -36.35943, -5.08647 ], [ -36.35887, -5.08641 ], [ -36.35778, -5.08648 ], [ -36.35664, -5.0866 ], [ -36.35525, -5.08669 ], [ -36.35429, -5.08672 ], [ -36.35335, -5.08672 ], [ -36.35306, -5.0867 ], [ -36.35243, -5.08674 ], [ -36.35206, -5.08681 ], [ -36.3517, -5.08683 ], [ -36.35112, -5.08681 ], [ -36.35087, -5.08679 ], [ -36.35032, -5.08686 ], [ -36.34952, -5.08701 ], [ -36.34948, -5.08701 ], [ -36.34904, -5.08707 ], [ -36.34863, -5.08703 ], [ -36.34815, -5.08699 ], [ -36.3477, -5.08695 ], [ -36.34725, -5.08686 ], [ -36.3469, -5.08674 ], [ -36.34653, -5.08661 ], [ -36.34607, -5.08656 ], [ -36.34578, -5.08658 ], [ -36.34566, -5.08661 ], [ -36.34545, -5.08668 ], [ -36.34524, -5.08672 ], [ -36.34488, -5.0867 ], [ -36.34463, -5.08667 ], [ -36.34453, -5.08662 ], [ -36.34443, -5.08662 ], [ -36.3443, -5.08667 ], [ -36.34419, -5.08677 ], [ -36.34366, -5.08642 ], [ -36.34362, -5.08629 ], [ -36.34357, -5.08614 ], [ -36.34357, -5.08596 ], [ -36.34346, -5.08575 ], [ -36.34332, -5.08569 ], [ -36.34315, -5.08562 ], [ -36.34286, -5.08549 ], [ -36.34249, -5.08531 ], [ -36.34227, -5.08525 ], [ -36.34213, -5.08526 ], [ -36.3419, -5.08529 ], [ -36.34176, -5.08524 ], [ -36.3416, -5.08516 ], [ -36.34129, -5.08513 ], [ -36.34083, -5.08523 ], [ -36.34044, -5.08537 ], [ -36.33999, -5.08555 ], [ -36.33928, -5.08585 ], [ -36.3378, -5.08636 ], [ -36.33659, -5.08673 ], [ -36.33543, -5.08697 ], [ -36.33404, -5.08709 ], [ -36.33264, -5.08707 ], [ -36.33159, -5.08704 ], [ -36.33115, -5.08711 ], [ -36.33026, -5.08763 ], [ -36.32909, -5.0885 ], [ -36.32636, -5.09029 ], [ -36.32365, -5.09207 ], [ -36.31918, -5.09479 ], [ -36.31742, -5.09568 ], [ -36.31663, -5.09612 ], [ -36.31499, -5.09751 ], [ -36.31279, -5.09911 ], [ -36.31089, -5.10061 ], [ -36.30876, -5.1024 ], [ -36.30851, -5.10223 ], [ -36.30832, -5.10211 ], [ -36.30842, -5.10286 ], [ -36.30848, -5.10331 ], [ -36.30887, -5.1037 ], [ -36.30916, -5.10436 ], [ -36.30949, -5.10613 ], [ -36.3096, -5.10712 ], [ -36.3092, -5.10965 ], [ -36.30834, -5.11108 ], [ -36.30702, -5.11198 ], [ -36.30502, -5.11219 ], [ -36.30036, -5.11198 ], [ -36.29838, -5.11238 ], [ -36.29541, -5.11359 ], [ -36.29357, -5.11468 ], [ -36.29219, -5.11629 ], [ -36.29098, -5.11946 ], [ -36.29008, -5.12288 ], [ -36.28822, -5.12447 ], [ -36.28799, -5.12502 ], [ -36.28784, -5.12674 ], [ -36.28809, -5.12866 ], [ -36.28848, -5.12952 ], [ -36.28911, -5.1302 ], [ -36.28899, -5.15564 ], [ -36.28727, -5.15583 ], [ -36.28673, -5.15625 ], [ -36.28639, -5.15693 ], [ -36.28572, -5.16127 ], [ -36.2796, -5.19105 ], [ -36.27822, -5.19996 ], [ -36.27631, -5.20722 ], [ -36.27624, -5.2195 ], [ -36.27647, -5.22095 ], [ -36.27679, -5.22176 ], [ -36.27819, -5.22362 ], [ -36.27836, -5.22461 ], [ -36.27715, -5.23123 ], [ -36.27729, -5.23466 ], [ -36.27706, -5.24637 ], [ -36.27668, -5.25453 ], [ -36.27668, -5.25456 ], [ -36.2765, -5.25824 ], [ -36.2765, -5.25826 ], [ -36.27633, -5.26179 ], [ -36.27614, -5.2718 ], [ -36.27556, -5.28457 ], [ -36.27584, -5.28948 ], [ -36.32239, -5.26971 ] ] ] } },
{ "type": "Feature", "properties": { "CD_MUN": "2403202", "NM_MUN": "Doutor Severiano", "CD_RGI": "240010", "NM_RGI": "Pau dos Ferros", "CD_RGINT": "2403", "NM_RGINT": "Mossoró", "CD_UF": "24", "NM_UF": "Rio Grande do Norte", "SIGLA_UF": "RN", "CD_REGIA": "2", "NM_REGIA": "Nordeste", "SIGLA_RG": "NE", "CD_CONCU": null, "NM_CONCU": null, "AREA_KM2": 113.737 }, "geometry": { "type": "Polygon", "coordinates": [ [ [ -38.42421, -6.16806 ], [ -38.43277, -6.15777 ], [ -38.44112, -6.14773 ], [ -38.44312, -6.14532 ], [ -38.44685, -6.14084 ], [ -38.45866, -6.12886 ], [ -38.46598, -6.12144 ], [ -38.46209, -6.11232 ], [ -38.46125, -6.11138 ], [ -38.45906, -6.10894 ], [ -38.45767, -6.10802 ], [ -38.45343, -6.10673 ], [ -38.4515, -6.10673 ], [ -38.45116, -6.10365 ], [ -38.4502, -6.10269 ], [ -38.44531, -6.10234 ], [ -38.44206, -6.0993 ], [ -38.44077, -6.09687 ], [ -38.44327, -6.09528 ], [ -38.44357, -6.09377 ], [ -38.44345, -6.09076 ], [ -38.44396, -6.09011 ], [ -38.44396, -6.09011 ], [ -38.44574, -6.08955 ], [ -38.44578, -6.08954 ], [ -38.44731, -6.0853 ], [ -38.44732, -6.08528 ], [ -38.44565, -6.08548 ], [ -38.44351, -6.0847 ], [ -38.43987, -6.08169 ], [ -38.43765, -6.07883 ], [ -38.43735, -6.07845 ], [ -38.43466, -6.07886 ], [ -38.43306, -6.07813 ], [ -38.43125, -6.07549 ], [ -38.4307, -6.0747 ], [ -38.42812, -6.07354 ], [ -38.42825, -6.07107 ], [ -38.42825, -6.07105 ], [ -38.42744, -6.06938 ], [ -38.42597, -6.06856 ], [ -38.42422, -6.06667 ], [ -38.42148, -6.06574 ], [ -38.41984, -6.06358 ], [ -38.41753, -6.06291 ], [ -38.41613, -6.06197 ], [ -38.41319, -6.05832 ], [ -38.41316, -6.05835 ], [ -38.41211, -6.05926 ], [ -38.4121, -6.05925 ], [ -38.41061, -6.05905 ], [ -38.40986, -6.05811 ], [ -38.40488, -6.05729 ], [ -38.40488, -6.05729 ], [ -38.40485, -6.05728 ], [ -38.40485, -6.05727 ], [ -38.40483, -6.05726 ], [ -38.4037, -6.05669 ], [ -38.40228, -6.05398 ], [ -38.40154, -6.05349 ], [ -38.39499, -6.05541 ], [ -38.39229, -6.05504 ], [ -38.39044, -6.0533 ], [ -38.38786, -6.05416 ], [ -38.38565, -6.05427 ], [ -38.38298, -6.05233 ], [ -38.38294, -6.05235 ], [ -38.38196, -6.05279 ], [ -38.38184, -6.05347 ], [ -38.38383, -6.0591 ], [ -38.38546, -6.0624 ], [ -38.38569, -6.06468 ], [ -38.38416, -6.06616 ], [ -38.38414, -6.06615 ], [ -38.37977, -6.066 ], [ -38.37974, -6.06602 ], [ -38.37836, -6.06683 ], [ -38.37977, -6.07229 ], [ -38.37966, -6.07278 ], [ -38.37977, -6.07332 ], [ -38.37809, -6.07746 ], [ -38.37698, -6.07945 ], [ -38.37695, -6.07945 ], [ -38.37488, -6.07962 ], [ -38.37487, -6.07964 ], [ -38.37426, -6.08114 ], [ -38.37251, -6.08332 ], [ -38.37132, -6.08441 ], [ -38.36782, -6.08758 ], [ -38.36621, -6.0883 ], [ -38.36621, -6.0883 ], [ -38.36525, -6.08846 ], [ -38.36313, -6.08762 ], [ -38.36102, -6.08568 ], [ -38.35591, -6.08635 ], [ -38.35457, -6.0855 ], [ -38.35438, -6.08307 ], [ -38.35042, -6.08324 ], [ -38.34736, -6.0807 ], [ -38.34726, -6.077 ], [ -38.34832, -6.06996 ], [ -38.34809, -6.06833 ], [ -38.34678, -6.06728 ], [ -38.34675, -6.0673 ], [ -38.34536, -6.06808 ], [ -38.34454, -6.06996 ], [ -38.34159, -6.07206 ], [ -38.34084, -6.07322 ], [ -38.34001, -6.07653 ], [ -38.34001, -6.07653 ], [ -38.33959, -6.07769 ], [ -38.34586, -6.08912 ], [ -38.34534, -6.09697 ], [ -38.34873, -6.12277 ], [ -38.34906, -6.12345 ], [ -38.35168, -6.1285 ], [ -38.35611, -6.13408 ], [ -38.35837, -6.13777 ], [ -38.35969, -6.14037 ], [ -38.3612, -6.14506 ], [ -38.36184, -6.14805 ], [ -38.36599, -6.15393 ], [ -38.37077, -6.15746 ], [ -38.37235, -6.15927 ], [ -38.37424, -6.16391 ], [ -38.37401, -6.16719 ], [ -38.37428, -6.16772 ], [ -38.37477, -6.16814 ], [ -38.37657, -6.1689 ], [ -38.37779, -6.17015 ], [ -38.37863, -6.17039 ], [ -38.37949, -6.16967 ], [ -38.38029, -6.16746 ], [ -38.38113, -6.1666 ], [ -38.3838, -6.16633 ], [ -38.38702, -6.16362 ], [ -38.38884, -6.16303 ], [ -38.38969, -6.16335 ], [ -38.39109, -6.16482 ], [ -38.39281, -6.16815 ], [ -38.39344, -6.17037 ], [ -38.3949, -6.1715 ], [ -38.39647, -6.17379 ], [ -38.39762, -6.17395 ], [ -38.39964, -6.17312 ], [ -38.40134, -6.17332 ], [ -38.40349, -6.17511 ], [ -38.40634, -6.17574 ], [ -38.40776, -6.17697 ], [ -38.4088, -6.17787 ], [ -38.40977, -6.17715 ], [ -38.41226, -6.17757 ], [ -38.41422, -6.17659 ], [ -38.41465, -6.17564 ], [ -38.41456, -6.16831 ], [ -38.42421, -6.16806 ] ] ] } },
{ "type": "Feature", "properties": { "CD_MUN": "2406908", "NM_MUN": "Lucrécia", "CD_RGI": "240010", "NM_RGI": "Pau dos Ferros", "CD_RGINT": "2403", "NM_RGINT": "Mossoró", "CD_UF": "24", "NM_UF": "Rio Grande do Norte", "SIGLA_UF": "RN", "CD_REGIA": "2", "NM_REGIA": "Nordeste", "SIGLA_RG": "NE", "CD_CONCU": null, "NM_CONCU": null, "AREA_KM2": 30.931 }, "geometry": { "type": "Polygon", "coordinates": [ [ [ -37.82024, -6.13793 ], [ -37.83755, -6.12011 ], [ -37.85101, -6.11112 ], [ -37.86396, -6.10398 ], [ -37.84127, -6.08834 ], [ -37.83238, -6.08221 ], [ -37.84582, -6.05691 ], [ -37.84521, -6.05735 ], [ -37.81336, -6.08051 ], [ -37.8131, -6.08069 ], [ -37.80986, -6.08226 ], [ -37.78904, -6.09089 ], [ -37.7891, -6.09218 ], [ -37.79177, -6.0934 ], [ -37.79242, -6.09416 ], [ -37.79347, -6.09659 ], [ -37.79359, -6.09958 ], [ -37.79616, -6.10113 ], [ -37.7982, -6.10136 ], [ -37.80081, -6.10073 ], [ -37.80449, -6.09834 ], [ -37.80592, -6.09857 ], [ -37.80655, -6.09964 ], [ -37.80696, -6.10178 ], [ -37.80444, -6.1039 ], [ -37.80401, -6.10608 ], [ -37.80463, -6.10781 ], [ -37.81015, -6.11398 ], [ -37.81036, -6.11466 ], [ -37.81025, -6.11471 ], [ -37.81015, -6.11476 ], [ -37.81005, -6.11484 ], [ -37.80998, -6.11492 ], [ -37.80993, -6.115 ], [ -37.80987, -6.1151 ], [ -37.80987, -6.1152 ], [ -37.80982, -6.11528 ], [ -37.8098, -6.11537 ], [ -37.8098, -6.11543 ], [ -37.80978, -6.11555 ], [ -37.80986, -6.11566 ], [ -37.80992, -6.11579 ], [ -37.80995, -6.1159 ], [ -37.81, -6.11606 ], [ -37.81002, -6.11626 ], [ -37.81008, -6.11641 ], [ -37.81011, -6.1165 ], [ -37.81015, -6.11657 ], [ -37.81018, -6.11661 ], [ -37.81022, -6.11671 ], [ -37.81029, -6.11683 ], [ -37.81038, -6.11691 ], [ -37.81046, -6.11699 ], [ -37.81053, -6.11707 ], [ -37.81059, -6.11716 ], [ -37.81063, -6.11728 ], [ -37.81065, -6.11736 ], [ -37.81066, -6.11743 ], [ -37.81068, -6.11756 ], [ -37.81071, -6.11759 ], [ -37.81077, -6.11762 ], [ -37.81125, -6.11994 ], [ -37.81022, -6.12317 ], [ -37.81113, -6.12448 ], [ -37.81123, -6.12554 ], [ -37.8099, -6.12663 ], [ -37.80936, -6.12768 ], [ -37.80882, -6.13052 ], [ -37.80678, -6.13176 ], [ -37.80678, -6.1324 ], [ -37.80832, -6.13381 ], [ -37.80843, -6.1347 ], [ -37.8079, -6.13569 ], [ -37.80185, -6.13971 ], [ -37.80028, -6.14569 ], [ -37.79813, -6.14734 ], [ -37.79722, -6.14946 ], [ -37.79736, -6.15059 ], [ -37.79798, -6.15108 ], [ -37.80001, -6.15158 ], [ -37.80067, -6.15219 ], [ -37.80095, -6.15369 ], [ -37.80186, -6.15223 ], [ -37.80304, -6.14505 ], [ -37.80334, -6.14423 ], [ -37.80384, -6.14365 ], [ -37.80498, -6.14341 ], [ -37.80587, -6.14342 ], [ -37.80746, -6.14395 ], [ -37.80811, -6.14381 ], [ -37.81022, -6.14262 ], [ -37.81183, -6.14244 ], [ -37.81258, -6.14278 ], [ -37.81332, -6.14341 ], [ -37.81451, -6.14383 ], [ -37.81949, -6.1387 ], [ -37.82024, -6.13793 ] ] ] } },
{ "type": "Feature", "properties": { "CD_MUN": "2415008", "NM_MUN": "Vila Flor", "CD_RGI": "240003", "NM_RGI": "Canguaretama", "CD_RGINT": "2401", "NM_RGINT": "Natal", "CD_UF": "24", "NM_UF": "Rio Grande do Norte", "SIGLA_UF": "RN", "CD_REGIA": "2", "NM_REGIA": "Nordeste", "SIGLA_RG": "NE", "CD_CONCU": null, "NM_CONCU": null, "AREA_KM2": 47.656 }, "geometry": { "type": "Polygon", "coordinates": [ [ [ -35.07345, -6.26762 ], [ -35.07259, -6.26857 ], [ -35.07116, -6.27177 ], [ -35.07047, -6.2726 ], [ -35.07044, -6.27262 ], [ -35.06652, -6.27449 ], [ -35.06445, -6.27616 ], [ -35.06365, -6.27728 ], [ -35.06167, -6.27909 ], [ -35.05974, -6.27991 ], [ -35.05309, -6.28058 ], [ -35.0506, -6.28111 ], [ -35.04742, -6.28238 ], [ -35.04513, -6.2836 ], [ -35.04429, -6.28385 ], [ -35.04701, -6.2866 ], [ -35.04622, -6.29412 ], [ -35.04691, -6.29643 ], [ -35.04953, -6.29629 ], [ -35.05089, -6.29753 ], [ -35.05245, -6.29779 ], [ -35.05387, -6.29726 ], [ -35.05517, -6.29804 ], [ -35.05646, -6.29791 ], [ -35.05808, -6.29691 ], [ -35.05955, -6.29797 ], [ -35.06124, -6.2981 ], [ -35.0628, -6.2975 ], [ -35.06341, -6.29787 ], [ -35.06061, -6.30303 ], [ -35.05946, -6.31716 ], [ -35.06981, -6.31629 ], [ -35.0555, -6.32698 ], [ -35.05728, -6.32768 ], [ -35.06064, -6.32783 ], [ -35.062, -6.32837 ], [ -35.06528, -6.33033 ], [ -35.0708, -6.33522 ], [ -35.07343, -6.33554 ], [ -35.07838, -6.33782 ], [ -35.08263, -6.3384 ], [ -35.08447, -6.33993 ], [ -35.11744, -6.3338 ], [ -35.11878, -6.30475 ], [ -35.11885, -6.30326 ], [ -35.11891, -6.3021 ], [ -35.11685, -6.29864 ], [ -35.11633, -6.29599 ], [ -35.1164, -6.2926 ], [ -35.11747, -6.28905 ], [ -35.11789, -6.28427 ], [ -35.11676, -6.28175 ], [ -35.11543, -6.2811 ], [ -35.11417, -6.27881 ], [ -35.1127, -6.27767 ], [ -35.11185, -6.27713 ], [ -35.1109, -6.27682 ], [ -35.10996, -6.27683 ], [ -35.10848, -6.27647 ], [ -35.1074, -6.27576 ], [ -35.10674, -6.27331 ], [ -35.10602, -6.27206 ], [ -35.1039, -6.27031 ], [ -35.09889, -6.26905 ], [ -35.0967, -6.26906 ], [ -35.09519, -6.26886 ], [ -35.09402, -6.26905 ], [ -35.09146, -6.2691 ], [ -35.09012, -6.26897 ], [ -35.08825, -6.2686 ], [ -35.08744, -6.26801 ], [ -35.08439, -6.26717 ], [ -35.08189, -6.26703 ], [ -35.07899, -6.2665 ], [ -35.07767, -6.26596 ], [ -35.07668, -6.26583 ], [ -35.07561, -6.26593 ], [ -35.07471, -6.26647 ], [ -35.07345, -6.26762 ] ] ] } },
{ "type": "Feature", "properties": { "CD_MUN": "2405603", "NM_MUN": "Jardim de Piranhas", "CD_RGI": "240007", "NM_RGI": "Caicó", "CD_RGINT": "2402", "NM_RGINT": "Caicó", "CD_UF": "24", "NM_UF": "Rio Grande do Norte", "SIGLA_UF": "RN", "CD_REGIA": "2", "NM_REGIA": "Nordeste", "SIGLA_RG": "NE", "CD_CONCU": null, "NM_CONCU": null, "AREA_KM2": 330.53 }, "geometry": { "type": "Polygon", "coordinates": [ [ [ -37.38131, -6.4368 ], [ -37.38149, -6.43598 ], [ -37.38152, -6.43588 ], [ -37.38168, -6.43514 ], [ -37.38279, -6.4336 ], [ -37.38435, -6.43277 ], [ -37.38515, -6.43162 ], [ -37.38557, -6.42857 ], [ -37.3866, -6.42604 ], [ -37.38906, -6.42373 ], [ -37.39577, -6.42012 ], [ -37.39752, -6.4181 ], [ -37.3976, -6.41719 ], [ -37.39767, -6.41629 ], [ -37.39548, -6.4099 ], [ -37.39716, -6.40506 ], [ -37.39612, -6.40114 ], [ -37.3936, -6.397 ], [ -37.38883, -6.39098 ], [ -37.38845, -6.38951 ], [ -37.38821, -6.38722 ], [ -37.38855, -6.37973 ], [ -37.38245, -6.37341 ], [ -37.38245, -6.37341 ], [ -37.382, -6.37304 ], [ -37.38196, -6.37301 ], [ -37.37754, -6.36933 ], [ -37.37632, -6.35577 ], [ -37.37781, -6.35088 ], [ -37.37785, -6.35044 ], [ -37.37812, -6.34701 ], [ -37.37733, -6.34439 ], [ -37.37196, -6.33655 ], [ -37.3706, -6.33256 ], [ -37.36681, -6.3274 ], [ -37.36653, -6.32558 ], [ -37.36335, -6.32217 ], [ -37.35497, -6.31735 ], [ -37.35111, -6.31437 ], [ -37.34304, -6.3121 ], [ -37.3348, -6.30882 ], [ -37.33396, -6.30834 ], [ -37.33042, -6.30633 ], [ -37.32819, -6.3032 ], [ -37.32145, -6.28281 ], [ -37.31994, -6.28056 ], [ -37.31852, -6.27965 ], [ -37.31833, -6.27953 ], [ -37.31698, -6.27867 ], [ -37.31509, -6.27815 ], [ -37.30978, -6.27778 ], [ -37.30646, -6.27807 ], [ -37.3042, -6.27826 ], [ -37.30101, -6.27963 ], [ -37.28685, -6.28227 ], [ -37.27867, -6.28246 ], [ -37.27473, -6.28143 ], [ -37.27314, -6.27997 ], [ -37.27286, -6.2749 ], [ -37.2735, -6.26982 ], [ -37.27301, -6.26315 ], [ -37.27055, -6.25171 ], [ -37.26482, -6.24358 ], [ -37.25945, -6.23779 ], [ -37.25153, -6.22646 ], [ -37.24507, -6.22057 ], [ -37.24073, -6.21888 ], [ -37.23427, -6.21328 ], [ -37.23415, -6.21325 ], [ -37.2336, -6.21314 ], [ -37.21268, -6.20893 ], [ -37.20158, -6.2057 ], [ -37.19968, -6.20408 ], [ -37.19777, -6.20246 ], [ -37.19424, -6.19825 ], [ -37.19352, -6.19585 ], [ -37.19352, -6.18425 ], [ -37.19294, -6.18308 ], [ -37.18851, -6.18067 ], [ -37.18091, -6.18092 ], [ -37.17422, -6.1801 ], [ -37.16568, -6.17037 ], [ -37.16345, -6.16617 ], [ -37.16242, -6.15986 ], [ -37.16134, -6.15753 ], [ -37.15692, -6.15249 ], [ -37.15533, -6.15208 ], [ -37.15155, -6.15236 ], [ -37.14562, -6.1506 ], [ -37.14341, -6.15085 ], [ -37.14039, -6.15236 ], [ -37.13296, -6.15418 ], [ -37.13027, -6.15601 ], [ -37.12668, -6.15688 ], [ -37.12819, -6.15808 ], [ -37.12968, -6.16131 ], [ -37.13531, -6.1673 ], [ -37.13702, -6.16984 ], [ -37.13723, -6.17075 ], [ -37.13668, -6.17162 ], [ -37.13316, -6.17458 ], [ -37.1332, -6.17545 ], [ -37.13917, -6.17905 ], [ -37.14072, -6.18095 ], [ -37.1447, -6.18363 ], [ -37.14844, -6.18421 ], [ -37.15066, -6.18499 ], [ -37.15423, -6.18922 ], [ -37.15468, -6.19056 ], [ -37.15424, -6.19234 ], [ -37.15442, -6.19289 ], [ -37.15519, -6.19386 ], [ -37.15785, -6.19646 ], [ -37.15894, -6.19843 ], [ -37.163, -6.20135 ], [ -37.16482, -6.20156 ], [ -37.16883, -6.20105 ], [ -37.17215, -6.20183 ], [ -37.17386, -6.20223 ], [ -37.17437, -6.20296 ], [ -37.17509, -6.20644 ], [ -37.17916, -6.20872 ], [ -37.18129, -6.20954 ], [ -37.18309, -6.2097 ], [ -37.18797, -6.20952 ], [ -37.19232, -6.21179 ], [ -37.19305, -6.21227 ], [ -37.1997, -6.21879 ], [ -37.20459, -6.22279 ], [ -37.20708, -6.22483 ], [ -37.20864, -6.22571 ], [ -37.21629, -6.22725 ], [ -37.21991, -6.23064 ], [ -37.22142, -6.23411 ], [ -37.21662, -6.24546 ], [ -37.21732, -6.27483 ], [ -37.21839, -6.31942 ], [ -37.21866, -6.33097 ], [ -37.21938, -6.36159 ], [ -37.21953, -6.36809 ], [ -37.2609, -6.40432 ], [ -37.28881, -6.42873 ], [ -37.31848, -6.45467 ], [ -37.38054, -6.43731 ], [ -37.38125, -6.4371 ], [ -37.38131, -6.4368 ] ] ] } },
{ "type": "Feature", "properties": { "CD_MUN": "2410207", "NM_MUN": "Portalegre", "CD_RGI": "240010", "NM_RGI": "Pau dos Ferros", "CD_RGINT": "2403", "NM_RGINT": "Mossoró", "CD_UF": "24", "NM_UF": "Rio Grande do Norte", "SIGLA_UF": "RN", "CD_REGIA": "2", "NM_REGIA": "Nordeste", "SIGLA_RG": "NE", "CD_CONCU": null, "NM_CONCU": null, "AREA_KM2": 110.054 }, "geometry": { "type": "Polygon", "coordinates": [ [ [ -37.96221, -6.05115 ], [ -37.96329, -6.05321 ], [ -37.96413, -6.05393 ], [ -37.96485, -6.0549 ], [ -37.96791, -6.05671 ], [ -37.969, -6.05782 ], [ -37.96986, -6.05829 ], [ -37.97086, -6.05956 ], [ -37.9715, -6.0624 ], [ -37.97159, -6.06433 ], [ -37.97191, -6.06517 ], [ -37.97242, -6.06584 ], [ -37.97413, -6.06711 ], [ -37.97496, -6.06809 ], [ -37.97564, -6.06835 ], [ -37.97675, -6.06827 ], [ -37.97802, -6.06855 ], [ -37.97822, -6.0692 ], [ -37.9781, -6.06964 ], [ -37.97897, -6.07042 ], [ -37.97872, -6.07115 ], [ -37.97872, -6.07192 ], [ -37.97896, -6.07285 ], [ -37.9795, -6.07362 ], [ -37.98036, -6.07441 ], [ -37.98099, -6.07555 ], [ -37.99646, -6.08713 ], [ -38.00094, -6.09049 ], [ -38.00881, -6.09637 ], [ -38.0097, -6.09637 ], [ -38.01044, -6.0959 ], [ -38.01044, -6.09508 ], [ -38.0101, -6.09431 ], [ -38.00886, -6.09331 ], [ -38.00889, -6.09219 ], [ -38.00966, -6.09055 ], [ -38.00998, -6.08928 ], [ -38.01053, -6.08844 ], [ -38.01347, -6.08855 ], [ -38.01384, -6.0885 ], [ -38.01522, -6.08834 ], [ -38.01653, -6.0877 ], [ -38.01892, -6.08713 ], [ -38.02372, -6.08502 ], [ -38.02525, -6.08385 ], [ -38.02602, -6.08147 ], [ -38.02722, -6.07883 ], [ -38.02974, -6.07449 ], [ -38.02985, -6.07354 ], [ -38.03116, -6.07073 ], [ -38.03116, -6.06946 ], [ -38.0303, -6.06703 ], [ -38.03041, -6.06629 ], [ -38.03161, -6.06502 ], [ -38.03174, -6.06475 ], [ -38.03198, -6.06427 ], [ -38.03314, -6.06195 ], [ -38.03292, -6.0602 ], [ -38.03336, -6.05999 ], [ -38.03554, -6.0601 ], [ -38.03761, -6.06042 ], [ -38.03903, -6.06095 ], [ -38.04142, -6.06302 ], [ -38.04403, -6.06567 ], [ -38.04555, -6.0678 ], [ -38.04642, -6.06822 ], [ -38.04664, -6.0679 ], [ -38.04664, -6.06705 ], [ -38.04762, -6.06664 ], [ -38.05057, -6.0669 ], [ -38.0522, -6.06786 ], [ -38.05351, -6.06934 ], [ -38.05503, -6.07041 ], [ -38.05939, -6.07169 ], [ -38.05982, -6.07227 ], [ -38.06036, -6.07481 ], [ -38.0609, -6.07577 ], [ -38.06581, -6.07556 ], [ -38.06733, -6.07609 ], [ -38.06799, -6.0761 ], [ -38.0681, -6.0729 ], [ -38.07007, -6.0681 ], [ -38.07007, -6.06673 ], [ -38.0691, -6.06535 ], [ -38.06757, -6.06434 ], [ -38.06517, -6.06391 ], [ -38.063, -6.06253 ], [ -38.0618, -6.06147 ], [ -38.06159, -6.05935 ], [ -38.06104, -6.05861 ], [ -38.06028, -6.05591 ], [ -38.0579, -6.04944 ], [ -38.05458, -6.04671 ], [ -38.0542, -6.04525 ], [ -38.05437, -6.04457 ], [ -38.05556, -6.04372 ], [ -38.05905, -6.0441 ], [ -38.05981, -6.04436 ], [ -38.0621, -6.04439 ], [ -38.06325, -6.04403 ], [ -38.06848, -6.04424 ], [ -38.07393, -6.04338 ], [ -38.076, -6.0428 ], [ -38.07638, -6.04174 ], [ -38.07595, -6.04031 ], [ -38.07573, -6.03888 ], [ -38.07595, -6.0374 ], [ -38.07563, -6.03613 ], [ -38.0759, -6.03573 ], [ -38.07628, -6.03589 ], [ -38.07688, -6.03685 ], [ -38.07791, -6.03933 ], [ -38.07873, -6.04013 ], [ -38.08003, -6.04072 ], [ -38.0796, -6.04156 ], [ -38.07943, -6.0426 ], [ -38.08003, -6.04408 ], [ -38.07992, -6.04614 ], [ -38.08051, -6.04762 ], [ -38.08024, -6.04832 ], [ -38.07866, -6.0491 ], [ -38.07806, -6.04974 ], [ -38.07855, -6.05093 ], [ -38.07953, -6.05125 ], [ -38.08084, -6.05078 ], [ -38.08204, -6.04978 ], [ -38.08318, -6.04724 ], [ -38.08406, -6.04424 ], [ -38.08499, -6.04229 ], [ -38.08527, -6.03955 ], [ -38.08516, -6.03849 ], [ -38.08456, -6.03727 ], [ -38.0831, -6.03531 ], [ -38.08103, -6.03417 ], [ -38.07879, -6.03358 ], [ -38.07558, -6.03358 ], [ -38.07454, -6.03326 ], [ -38.07406, -6.03262 ], [ -38.07362, -6.03078 ], [ -38.07306, -6.02969 ], [ -38.0714, -6.02799 ], [ -38.07172, -6.02714 ], [ -38.0727, -6.02677 ], [ -38.0733, -6.02635 ], [ -38.07369, -6.02513 ], [ -38.07412, -6.02465 ], [ -38.07565, -6.0245 ], [ -38.07619, -6.02402 ], [ -38.07669, -6.02262 ], [ -38.07763, -6.02115 ], [ -38.07968, -6.01953 ], [ -38.08673, -6.01497 ], [ -38.07841, -6.01453 ], [ -38.07702, -6.01273 ], [ -38.07328, -6.01015 ], [ -38.07176, -6.00945 ], [ -38.07037, -6.00945 ], [ -38.06898, -6.00917 ], [ -38.06718, -6.00791 ], [ -38.06746, -6.00465 ], [ -38.06705, -6.00381 ], [ -38.06428, -5.99978 ], [ -38.06456, -5.99797 ], [ -38.06415, -5.99714 ], [ -38.06262, -5.99692 ], [ -38.06151, -5.99748 ], [ -38.06026, -5.99748 ], [ -38.05929, -5.99775 ], [ -38.05929, -5.99886 ], [ -38.06081, -6.00026 ], [ -38.06178, -6.00325 ], [ -38.06191, -6.00492 ], [ -38.06014, -6.00614 ], [ -38.05789, -6.00602 ], [ -38.05359, -6.00462 ], [ -38.05083, -6.00593 ], [ -38.0497, -6.00677 ], [ -38.04346, -6.00822 ], [ -38.04333, -6.0052 ], [ -38.04125, -6.00252 ], [ -38.04028, -6.00252 ], [ -38.03528, -6.00369 ], [ -38.03737, -6.00035 ], [ -38.03751, -5.99924 ], [ -38.03682, -5.99771 ], [ -38.03571, -5.99715 ], [ -38.03155, -5.99708 ], [ -38.02961, -5.99652 ], [ -38.02739, -5.9954 ], [ -38.02725, -5.99429 ], [ -38.02837, -5.99235 ], [ -38.02828, -5.99229 ], [ -38.02629, -5.99105 ], [ -38.0234, -5.98903 ], [ -38.02251, -5.98773 ], [ -38.01634, -5.97552 ], [ -38.01564, -5.97558 ], [ -38.01531, -5.97605 ], [ -38.01601, -5.98011 ], [ -38.01549, -5.98136 ], [ -38.01395, -5.98242 ], [ -38.01221, -5.98316 ], [ -38.01119, -5.98341 ], [ -38.01099, -5.983 ], [ -38.01138, -5.98082 ], [ -38.01113, -5.98057 ], [ -38.01029, -5.98063 ], [ -38.00898, -5.98171 ], [ -38.00855, -5.98206 ], [ -38.00785, -5.98206 ], [ -38.00753, -5.98162 ], [ -38.00811, -5.98075 ], [ -38.00798, -5.98013 ], [ -38.00734, -5.97991 ], [ -38.00676, -5.98034 ], [ -38.00553, -5.98184 ], [ -38.00322, -5.98327 ], [ -38.00226, -5.9829 ], [ -38.00224, -5.98284 ], [ -38.00206, -5.98221 ], [ -38.00387, -5.97937 ], [ -38.00432, -5.97825 ], [ -38.00445, -5.97743 ], [ -38.0042, -5.97575 ], [ -38.00458, -5.97512 ], [ -38.00529, -5.97481 ], [ -38.00644, -5.97475 ], [ -38.00915, -5.9731 ], [ -38.01121, -5.97092 ], [ -38.01301, -5.9683 ], [ -38.01385, -5.96661 ], [ -38.01398, -5.96505 ], [ -38.01334, -5.96411 ], [ -38.01141, -5.96321 ], [ -38.01013, -5.96289 ], [ -38.00872, -5.9632 ], [ -38.00756, -5.96395 ], [ -38.00723, -5.96589 ], [ -38.00684, -5.9706 ], [ -38.00619, -5.97185 ], [ -38.00504, -5.97216 ], [ -38.00022, -5.97271 ], [ -37.99874, -5.97265 ], [ -37.99835, -5.97227 ], [ -37.99823, -5.97124 ], [ -37.99611, -5.97105 ], [ -37.99527, -5.9713 ], [ -37.99508, -5.97217 ], [ -37.9952, -5.97604 ], [ -37.99417, -5.97795 ], [ -37.9932, -5.97876 ], [ -37.99153, -5.97875 ], [ -37.9898, -5.97825 ], [ -37.98768, -5.97712 ], [ -37.98556, -5.97559 ], [ -37.98335, -5.97298 ], [ -37.98274, -5.97199 ], [ -37.98274, -5.97155 ], [ -37.98313, -5.97111 ], [ -37.98319, -5.97018 ], [ -37.98281, -5.96849 ], [ -37.98243, -5.96817 ], [ -37.98175, -5.96807 ], [ -37.98114, -5.96832 ], [ -37.98047, -5.96891 ], [ -37.97931, -5.97087 ], [ -37.97915, -5.97201 ], [ -37.97857, -5.97282 ], [ -37.97837, -5.97413 ], [ -37.97683, -5.97907 ], [ -37.97586, -5.97983 ], [ -37.97464, -5.98013 ], [ -37.97368, -5.98063 ], [ -37.97317, -5.98132 ], [ -37.97316, -5.98206 ], [ -37.97726, -5.9851 ], [ -37.97874, -5.98672 ], [ -37.97918, -5.98765 ], [ -37.97944, -5.98909 ], [ -37.97931, -5.9908 ], [ -37.97853, -5.99248 ], [ -37.97712, -5.99416 ], [ -37.98268, -6.00187 ], [ -37.98326, -6.00224 ], [ -37.98506, -6.0024 ], [ -37.98551, -6.00278 ], [ -37.98666, -6.00515 ], [ -37.98704, -6.00558 ], [ -37.98794, -6.00615 ], [ -37.988, -6.00665 ], [ -37.98755, -6.00746 ], [ -37.9878, -6.0082 ], [ -37.98915, -6.01025 ], [ -37.99151, -6.01582 ], [ -37.98747, -6.01483 ], [ -37.98516, -6.01486 ], [ -37.98388, -6.01523 ], [ -37.9817, -6.01628 ], [ -37.98028, -6.01671 ], [ -37.97785, -6.01609 ], [ -37.97701, -6.01606 ], [ -37.97669, -6.01643 ], [ -37.97669, -6.0168 ], [ -37.97637, -6.01711 ], [ -37.97519, -6.01717 ], [ -37.97374, -6.01605 ], [ -37.97291, -6.01518 ], [ -37.97201, -6.01493 ], [ -37.9715, -6.01411 ], [ -37.97157, -6.01337 ], [ -37.97125, -6.01296 ], [ -37.96876, -6.01252 ], [ -37.96823, -6.01165 ], [ -37.96773, -6.00953 ], [ -37.96696, -6.00909 ], [ -37.96561, -6.00902 ], [ -37.95442, -6.02955 ], [ -37.95526, -6.0304 ], [ -37.95547, -6.03334 ], [ -37.95621, -6.03634 ], [ -37.95634, -6.03869 ], [ -37.95696, -6.03976 ], [ -37.95768, -6.04029 ], [ -37.95871, -6.04145 ], [ -37.95907, -6.04317 ], [ -37.95948, -6.04379 ], [ -37.96176, -6.04625 ], [ -37.96226, -6.0473 ], [ -37.96226, -6.04883 ], [ -37.96209, -6.04976 ], [ -37.96221, -6.05115 ] ] ] } },
{ "type": "Feature", "properties": { "CD_MUN": "2403251", "NM_MUN": "Parnamirim", "CD_RGI": "240001", "NM_RGI": "Natal", "CD_RGINT": "2401", "NM_RGINT": "Natal", "CD_UF": "24", "NM_UF": "Rio Grande do Norte", "SIGLA_UF": "RN", "CD_REGIA": "2", "NM_REGIA": "Nordeste", "SIGLA_RG": "NE", "CD_CONCU": "2408102", "NM_CONCU": "Natal\/RN", "AREA_KM2": 124.006 }, "geometry": { "type": "Polygon", "coordinates": [ [ [ -35.25028, -5.96176 ], [ -35.25064, -5.9621 ], [ -35.25099, -5.96208 ], [ -35.25163, -5.96206 ], [ -35.25752, -5.96182 ], [ -35.26046, -5.96189 ], [ -35.26479, -5.96163 ], [ -35.26495, -5.96162 ], [ -35.26512, -5.96161 ], [ -35.26515, -5.96161 ], [ -35.26535, -5.9616 ], [ -35.26555, -5.96158 ], [ -35.26561, -5.96158 ], [ -35.26565, -5.96158 ], [ -35.2657, -5.96157 ], [ -35.26575, -5.96157 ], [ -35.26578, -5.96157 ], [ -35.26579, -5.96157 ], [ -35.26583, -5.96157 ], [ -35.26739, -5.96147 ], [ -35.26744, -5.96147 ], [ -35.27068, -5.96127 ], [ -35.27402, -5.96027 ], [ -35.27841, -5.95795 ], [ -35.27884, -5.95772 ], [ -35.28122, -5.95741 ], [ -35.28391, -5.95723 ], [ -35.28673, -5.95747 ], [ -35.2875, -5.95753 ], [ -35.28956, -5.95771 ], [ -35.292, -5.95805 ], [ -35.29514, -5.95819 ], [ -35.29592, -5.95823 ], [ -35.29609, -5.95824 ], [ -35.29506, -5.95008 ], [ -35.29505, -5.95 ], [ -35.2949, -5.94885 ], [ -35.29488, -5.94864 ], [ -35.29483, -5.94824 ], [ -35.29474, -5.94752 ], [ -35.29426, -5.9437 ], [ -35.29359, -5.93837 ], [ -35.29336, -5.93656 ], [ -35.29303, -5.93393 ], [ -35.2927, -5.9313 ], [ -35.29225, -5.92779 ], [ -35.29188, -5.92485 ], [ -35.29184, -5.92446 ], [ -35.29186, -5.92442 ], [ -35.29197, -5.92425 ], [ -35.29114, -5.92376 ], [ -35.29143, -5.92332 ], [ -35.29144, -5.92331 ], [ -35.29172, -5.92284 ], [ -35.29171, -5.92284 ], [ -35.29092, -5.92237 ], [ -35.29124, -5.92185 ], [ -35.29135, -5.92169 ], [ -35.29147, -5.92149 ], [ -35.29116, -5.91911 ], [ -35.29059, -5.91888 ], [ -35.29142, -5.91675 ], [ -35.29083, -5.91651 ], [ -35.29023, -5.91626 ], [ -35.29103, -5.91416 ], [ -35.29051, -5.91396 ], [ -35.28961, -5.91355 ], [ -35.2909, -5.91163 ], [ -35.29031, -5.9114 ], [ -35.29014, -5.91133 ], [ -35.28973, -5.91117 ], [ -35.28941, -5.91109 ], [ -35.29059, -5.9091 ], [ -35.28989, -5.90906 ], [ -35.28974, -5.90782 ], [ -35.2892, -5.90349 ], [ -35.28708, -5.88663 ], [ -35.28696, -5.88574 ], [ -35.28665, -5.88324 ], [ -35.28623, -5.87971 ], [ -35.28605, -5.87834 ], [ -35.28452, -5.86637 ], [ -35.28241, -5.84982 ], [ -35.28231, -5.85003 ], [ -35.28221, -5.85023 ], [ -35.282, -5.85065 ], [ -35.28199, -5.85065 ], [ -35.28164, -5.85097 ], [ -35.28164, -5.85097 ], [ -35.28139, -5.85126 ], [ -35.28139, -5.85126 ], [ -35.28111, -5.85148 ], [ -35.28111, -5.85148 ], [ -35.28088, -5.8517 ], [ -35.28087, -5.8517 ], [ -35.28024, -5.85206 ], [ -35.28024, -5.85206 ], [ -35.27992, -5.85235 ], [ -35.27959, -5.85268 ], [ -35.27942, -5.8531 ], [ -35.27906, -5.85353 ], [ -35.27906, -5.85354 ], [ -35.27881, -5.8539 ], [ -35.27835, -5.8542 ], [ -35.27736, -5.8544 ], [ -35.27736, -5.8544 ], [ -35.27664, -5.85453 ], [ -35.2765, -5.85456 ], [ -35.2765, -5.85456 ], [ -35.2747, -5.85491 ], [ -35.27423, -5.85501 ], [ -35.27418, -5.85502 ], [ -35.27418, -5.85502 ], [ -35.27368, -5.85512 ], [ -35.2734, -5.85517 ], [ -35.27292, -5.85526 ], [ -35.27231, -5.85552 ], [ -35.27106, -5.85575 ], [ -35.27037, -5.85579 ], [ -35.2701, -5.85581 ], [ -35.26891, -5.85582 ], [ -35.26852, -5.85582 ], [ -35.26806, -5.85586 ], [ -35.26725, -5.85602 ], [ -35.26675, -5.85609 ], [ -35.26589, -5.85626 ], [ -35.26531, -5.85637 ], [ -35.2653, -5.85637 ], [ -35.26488, -5.85668 ], [ -35.26446, -5.85684 ], [ -35.26257, -5.85833 ], [ -35.26257, -5.85834 ], [ -35.2622, -5.85863 ], [ -35.26188, -5.85892 ], [ -35.26128, -5.85946 ], [ -35.26125, -5.85949 ], [ -35.26068, -5.86007 ], [ -35.26008, -5.86066 ], [ -35.26005, -5.86068 ], [ -35.25968, -5.86105 ], [ -35.25898, -5.86173 ], [ -35.25869, -5.86202 ], [ -35.25859, -5.86211 ], [ -35.25859, -5.86211 ], [ -35.25834, -5.86236 ], [ -35.25811, -5.86258 ], [ -35.25796, -5.86274 ], [ -35.25792, -5.86276 ], [ -35.25771, -5.86291 ], [ -35.2577, -5.86291 ], [ -35.25756, -5.86301 ], [ -35.25737, -5.86314 ], [ -35.25654, -5.86372 ], [ -35.25605, -5.86406 ], [ -35.25568, -5.86463 ], [ -35.25568, -5.86464 ], [ -35.25567, -5.86464 ], [ -35.25566, -5.86465 ], [ -35.25439, -5.86538 ], [ -35.2543, -5.86558 ], [ -35.25404, -5.86581 ], [ -35.25355, -5.86577 ], [ -35.25201, -5.86564 ], [ -35.25079, -5.86531 ], [ -35.2493, -5.86466 ], [ -35.24825, -5.86398 ], [ -35.24742, -5.86378 ], [ -35.24642, -5.86387 ], [ -35.24599, -5.86413 ], [ -35.2446, -5.86451 ], [ -35.2434, -5.86462 ], [ -35.24286, -5.86491 ], [ -35.24136, -5.8663 ], [ -35.23954, -5.86798 ], [ -35.23767, -5.86941 ], [ -35.23679, -5.8715 ], [ -35.23591, -5.87274 ], [ -35.23465, -5.87377 ], [ -35.23244, -5.87557 ], [ -35.23182, -5.87607 ], [ -35.23145, -5.87627 ], [ -35.23108, -5.87647 ], [ -35.22991, -5.87661 ], [ -35.22909, -5.87671 ], [ -35.22833, -5.87734 ], [ -35.22793, -5.87768 ], [ -35.22764, -5.87808 ], [ -35.22696, -5.87903 ], [ -35.22603, -5.88032 ], [ -35.22547, -5.88077 ], [ -35.22541, -5.88082 ], [ -35.22509, -5.88107 ], [ -35.22506, -5.88109 ], [ -35.22488, -5.88059 ], [ -35.22405, -5.87825 ], [ -35.224, -5.8781 ], [ -35.22363, -5.87761 ], [ -35.22327, -5.87711 ], [ -35.22152, -5.87478 ], [ -35.22068, -5.87357 ], [ -35.21978, -5.8724 ], [ -35.21978, -5.87239 ], [ -35.21953, -5.87207 ], [ -35.21898, -5.87087 ], [ -35.21859, -5.86996 ], [ -35.21819, -5.86911 ], [ -35.21794, -5.86857 ], [ -35.21654, -5.86943 ], [ -35.21633, -5.8695 ], [ -35.21623, -5.86954 ], [ -35.21496, -5.87034 ], [ -35.21511, -5.87065 ], [ -35.21459, -5.8709 ], [ -35.21407, -5.87115 ], [ -35.21357, -5.87139 ], [ -35.21311, -5.87161 ], [ -35.21308, -5.87163 ], [ -35.21215, -5.87218 ], [ -35.21195, -5.87219 ], [ -35.21184, -5.87217 ], [ -35.21182, -5.87217 ], [ -35.21168, -5.87217 ], [ -35.21167, -5.87217 ], [ -35.2115, -5.87221 ], [ -35.21146, -5.87223 ], [ -35.21134, -5.87229 ], [ -35.21138, -5.87237 ], [ -35.21149, -5.87258 ], [ -35.21177, -5.87313 ], [ -35.21236, -5.87428 ], [ -35.21184, -5.87454 ], [ -35.21033, -5.87532 ], [ -35.20949, -5.87576 ], [ -35.20941, -5.87565 ], [ -35.20934, -5.87552 ], [ -35.20917, -5.87518 ], [ -35.20831, -5.87586 ], [ -35.20817, -5.87597 ], [ -35.20695, -5.8769 ], [ -35.2068, -5.87702 ], [ -35.20641, -5.87732 ], [ -35.20637, -5.87734 ], [ -35.20635, -5.87736 ], [ -35.2053, -5.87812 ], [ -35.20507, -5.87829 ], [ -35.20506, -5.87829 ], [ -35.20463, -5.8787 ], [ -35.2046, -5.87873 ], [ -35.20456, -5.87876 ], [ -35.20452, -5.87879 ], [ -35.2033, -5.87968 ], [ -35.20279, -5.88005 ], [ -35.20272, -5.8801 ], [ -35.20245, -5.8803 ], [ -35.20103, -5.88135 ], [ -35.20101, -5.88136 ], [ -35.20092, -5.88143 ], [ -35.20075, -5.88156 ], [ -35.20069, -5.88161 ], [ -35.20065, -5.88164 ], [ -35.19841, -5.88342 ], [ -35.19822, -5.88357 ], [ -35.19717, -5.88439 ], [ -35.19664, -5.88481 ], [ -35.19628, -5.8851 ], [ -35.19609, -5.88525 ], [ -35.19363, -5.88719 ], [ -35.19241, -5.88808 ], [ -35.18892, -5.89061 ], [ -35.17914, -5.89769 ], [ -35.1762, -5.89982 ], [ -35.1759, -5.89979 ], [ -35.15685, -5.89808 ], [ -35.15512, -5.89792 ], [ -35.15411, -5.89783 ], [ -35.15411, -5.89793 ], [ -35.15451, -5.89982 ], [ -35.15472, -5.90058 ], [ -35.15479, -5.90116 ], [ -35.15488, -5.90174 ], [ -35.15511, -5.90271 ], [ -35.15514, -5.90285 ], [ -35.15546, -5.90445 ], [ -35.15568, -5.90608 ], [ -35.15586, -5.90748 ], [ -35.15611, -5.90963 ], [ -35.15626, -5.91168 ], [ -35.1563, -5.9137 ], [ -35.15631, -5.91434 ], [ -35.15643, -5.91518 ], [ -35.15654, -5.91563 ], [ -35.15672, -5.91613 ], [ -35.1568, -5.91707 ], [ -35.15697, -5.91897 ], [ -35.15697, -5.91954 ], [ -35.15697, -5.92184 ], [ -35.1568, -5.9239 ], [ -35.15661, -5.92502 ], [ -35.15647, -5.92591 ], [ -35.15634, -5.92604 ], [ -35.15626, -5.92608 ], [ -35.15619, -5.92616 ], [ -35.15615, -5.92624 ], [ -35.15611, -5.92637 ], [ -35.15603, -5.92649 ], [ -35.15593, -5.92655 ], [ -35.15586, -5.92663 ], [ -35.15572, -5.9267 ], [ -35.15565, -5.92677 ], [ -35.15556, -5.92692 ], [ -35.1554, -5.92705 ], [ -35.15527, -5.92705 ], [ -35.15519, -5.92712 ], [ -35.15512, -5.9272 ], [ -35.15512, -5.92722 ], [ -35.15512, -5.9273 ], [ -35.15506, -5.92737 ], [ -35.15498, -5.92743 ], [ -35.1549, -5.9275 ], [ -35.15486, -5.92759 ], [ -35.15488, -5.92767 ], [ -35.15489, -5.92773 ], [ -35.15486, -5.92784 ], [ -35.15481, -5.92797 ], [ -35.15475, -5.9281 ], [ -35.15463, -5.92829 ], [ -35.15456, -5.92837 ], [ -35.15449, -5.92842 ], [ -35.15442, -5.92849 ], [ -35.15434, -5.92856 ], [ -35.1543, -5.92864 ], [ -35.15428, -5.92873 ], [ -35.15428, -5.92883 ], [ -35.15426, -5.92892 ], [ -35.15425, -5.92901 ], [ -35.15423, -5.93034 ], [ -35.15432, -5.93197 ], [ -35.15425, -5.93271 ], [ -35.15442, -5.93387 ], [ -35.15426, -5.93677 ], [ -35.15423, -5.93735 ], [ -35.15417, -5.93877 ], [ -35.15376, -5.94189 ], [ -35.15335, -5.94456 ], [ -35.15297, -5.94702 ], [ -35.15295, -5.94711 ], [ -35.1523, -5.94951 ], [ -35.15165, -5.9516 ], [ -35.15096, -5.95375 ], [ -35.15013, -5.95574 ], [ -35.14952, -5.95693 ], [ -35.1489, -5.95816 ], [ -35.14754, -5.96019 ], [ -35.14622, -5.96178 ], [ -35.1452, -5.96288 ], [ -35.14361, -5.96426 ], [ -35.14345, -5.96439 ], [ -35.14302, -5.96473 ], [ -35.14243, -5.96483 ], [ -35.14215, -5.96478 ], [ -35.14196, -5.96467 ], [ -35.14175, -5.96462 ], [ -35.14142, -5.96458 ], [ -35.14123, -5.96464 ], [ -35.14089, -5.9648 ], [ -35.14035, -5.96505 ], [ -35.13962, -5.96549 ], [ -35.13925, -5.96577 ], [ -35.1385, -5.96618 ], [ -35.1378, -5.96639 ], [ -35.1373, -5.96649 ], [ -35.13712, -5.96647 ], [ -35.13701, -5.96637 ], [ -35.13693, -5.96618 ], [ -35.13682, -5.96603 ], [ -35.13669, -5.9659 ], [ -35.13654, -5.96571 ], [ -35.13631, -5.96558 ], [ -35.13606, -5.9656 ], [ -35.13578, -5.96565 ], [ -35.13529, -5.96573 ], [ -35.13487, -5.9657 ], [ -35.13471, -5.96561 ], [ -35.13459, -5.96541 ], [ -35.13444, -5.96519 ], [ -35.13432, -5.96491 ], [ -35.13414, -5.96469 ], [ -35.13378, -5.9646 ], [ -35.13341, -5.96457 ], [ -35.13312, -5.96468 ], [ -35.13273, -5.96512 ], [ -35.13215, -5.96571 ], [ -35.13189, -5.96596 ], [ -35.13156, -5.96629 ], [ -35.13069, -5.96686 ], [ -35.13, -5.967 ], [ -35.12952, -5.96702 ], [ -35.12915, -5.96707 ], [ -35.12887, -5.96722 ], [ -35.12861, -5.9675 ], [ -35.1286, -5.96769 ], [ -35.12833, -5.96807 ], [ -35.1278, -5.96868 ], [ -35.12626, -5.97044 ], [ -35.12581, -5.97109 ], [ -35.12499, -5.97226 ], [ -35.12407, -5.97378 ], [ -35.12361, -5.97483 ], [ -35.12259, -5.9766 ], [ -35.12199, -5.97757 ], [ -35.12135, -5.97861 ], [ -35.12094, -5.9794 ], [ -35.12087, -5.97977 ], [ -35.12096, -5.98014 ], [ -35.12106, -5.98045 ], [ -35.12126, -5.98066 ], [ -35.12131, -5.98071 ], [ -35.12123, -5.98095 ], [ -35.12098, -5.98172 ], [ -35.12172, -5.98295 ], [ -35.12184, -5.98314 ], [ -35.12185, -5.98317 ], [ -35.12188, -5.98321 ], [ -35.12217, -5.98373 ], [ -35.1227, -5.98466 ], [ -35.12353, -5.98472 ], [ -35.12376, -5.9847 ], [ -35.12506, -5.98454 ], [ -35.12608, -5.98425 ], [ -35.127, -5.98398 ], [ -35.12725, -5.98365 ], [ -35.12833, -5.9822 ], [ -35.12979, -5.98212 ], [ -35.13042, -5.98157 ], [ -35.13309, -5.97927 ], [ -35.13942, -5.97421 ], [ -35.14217, -5.97171 ], [ -35.14594, -5.96877 ], [ -35.15149, -5.96443 ], [ -35.15466, -5.96126 ], [ -35.15481, -5.96109 ], [ -35.15916, -5.95627 ], [ -35.15932, -5.95604 ], [ -35.16045, -5.95449 ], [ -35.16049, -5.95448 ], [ -35.16143, -5.95402 ], [ -35.16212, -5.95369 ], [ -35.16305, -5.95324 ], [ -35.16589, -5.95188 ], [ -35.17489, -5.94756 ], [ -35.17563, -5.94705 ], [ -35.18135, -5.93918 ], [ -35.18147, -5.93906 ], [ -35.18272, -5.93778 ], [ -35.1889, -5.93654 ], [ -35.20405, -5.93349 ], [ -35.20595, -5.93382 ], [ -35.20924, -5.9341 ], [ -35.2108, -5.93446 ], [ -35.21204, -5.93475 ], [ -35.21309, -5.93526 ], [ -35.21484, -5.93668 ], [ -35.2168, -5.93744 ], [ -35.2183, -5.9377 ], [ -35.22079, -5.93861 ], [ -35.22471, -5.9412 ], [ -35.22571, -5.94149 ], [ -35.22955, -5.9434 ], [ -35.23204, -5.94561 ], [ -35.2328, -5.94598 ], [ -35.23429, -5.9464 ], [ -35.23588, -5.94661 ], [ -35.2364, -5.94727 ], [ -35.23648, -5.94738 ], [ -35.23672, -5.94768 ], [ -35.23728, -5.94806 ], [ -35.23733, -5.9481 ], [ -35.23957, -5.94869 ], [ -35.24024, -5.94904 ], [ -35.24146, -5.9511 ], [ -35.24297, -5.95112 ], [ -35.2444, -5.95188 ], [ -35.24624, -5.95416 ], [ -35.2475, -5.95777 ], [ -35.24909, -5.95925 ], [ -35.24959, -5.96018 ], [ -35.24988, -5.96138 ], [ -35.25028, -5.96176 ] ] ] } },
{ "type": "Feature", "properties": { "CD_MUN": "2412401", "NM_MUN": "São José do Seridó", "CD_RGI": "240007", "NM_RGI": "Caicó", "CD_RGINT": "2402", "NM_RGINT": "Caicó", "CD_UF": "24", "NM_UF": "Rio Grande do Norte", "SIGLA_UF": "RN", "CD_REGIA": "2", "NM_REGIA": "Nordeste", "SIGLA_RG": "NE", "CD_CONCU": null, "NM_CONCU": null, "AREA_KM2": 174.505 }, "geometry": { "type": "Polygon", "coordinates": [ [ [ -36.89801, -6.51796 ], [ -36.89914, -6.51749 ], [ -36.9023, -6.51702 ], [ -36.90532, -6.5173 ], [ -36.90754, -6.51864 ], [ -36.91176, -6.52173 ], [ -36.91611, -6.5238 ], [ -36.91807, -6.52425 ], [ -36.92123, -6.5244 ], [ -36.92292, -6.52387 ], [ -36.92461, -6.5229 ], [ -36.92551, -6.5213 ], [ -36.92663, -6.51974 ], [ -36.92975, -6.51709 ], [ -36.93426, -6.51465 ], [ -36.93622, -6.51431 ], [ -36.93765, -6.51369 ], [ -36.93925, -6.51334 ], [ -36.94285, -6.51482 ], [ -36.94435, -6.51661 ], [ -36.94887, -6.52082 ], [ -36.95052, -6.52212 ], [ -36.95136, -6.52227 ], [ -36.95137, -6.52164 ], [ -36.96272, -6.50997 ], [ -36.96089, -6.5055 ], [ -36.95773, -6.49167 ], [ -36.93649, -6.47543 ], [ -36.90484, -6.44792 ], [ -36.87413, -6.41867 ], [ -36.84948, -6.42909 ], [ -36.84712, -6.43009 ], [ -36.84713, -6.43029 ], [ -36.84716, -6.43134 ], [ -36.84561, -6.43416 ], [ -36.84593, -6.43529 ], [ -36.84787, -6.43562 ], [ -36.84801, -6.43877 ], [ -36.84893, -6.44075 ], [ -36.84956, -6.44398 ], [ -36.84803, -6.44381 ], [ -36.84634, -6.44292 ], [ -36.84563, -6.44025 ], [ -36.84367, -6.43754 ], [ -36.84278, -6.43745 ], [ -36.84172, -6.43842 ], [ -36.83955, -6.43865 ], [ -36.8386, -6.43865 ], [ -36.83468, -6.43746 ], [ -36.83282, -6.43753 ], [ -36.83088, -6.43825 ], [ -36.82821, -6.43961 ], [ -36.82572, -6.43895 ], [ -36.82366, -6.43794 ], [ -36.82259, -6.43641 ], [ -36.82186, -6.43652 ], [ -36.82072, -6.43724 ], [ -36.82024, -6.43877 ], [ -36.8191, -6.44062 ], [ -36.8174, -6.44303 ], [ -36.81492, -6.44573 ], [ -36.81558, -6.44681 ], [ -36.81544, -6.4479 ], [ -36.81556, -6.44839 ], [ -36.81385, -6.45089 ], [ -36.81347, -6.45192 ], [ -36.81334, -6.4531 ], [ -36.81302, -6.45359 ], [ -36.81225, -6.4544 ], [ -36.81142, -6.45443 ], [ -36.80928, -6.45382 ], [ -36.80759, -6.4551 ], [ -36.80692, -6.45913 ], [ -36.80539, -6.46009 ], [ -36.80457, -6.46084 ], [ -36.80312, -6.46358 ], [ -36.80154, -6.46421 ], [ -36.79791, -6.46502 ], [ -36.79742, -6.46526 ], [ -36.79569, -6.4653 ], [ -36.79294, -6.46666 ], [ -36.78971, -6.46793 ], [ -36.78801, -6.46777 ], [ -36.78519, -6.46672 ], [ -36.78299, -6.46561 ], [ -36.78137, -6.46528 ], [ -36.77903, -6.46567 ], [ -36.77734, -6.46614 ], [ -36.7735, -6.46647 ], [ -36.77295, -6.46676 ], [ -36.77432, -6.47296 ], [ -36.76831, -6.50053 ], [ -36.76572, -6.50879 ], [ -36.76111, -6.51567 ], [ -36.761, -6.51583 ], [ -36.76361, -6.51584 ], [ -36.76477, -6.51513 ], [ -36.76748, -6.51474 ], [ -36.76953, -6.51511 ], [ -36.77104, -6.51628 ], [ -36.77382, -6.52007 ], [ -36.77657, -6.52276 ], [ -36.78033, -6.52619 ], [ -36.78131, -6.52656 ], [ -36.7831, -6.52586 ], [ -36.78533, -6.52418 ], [ -36.78645, -6.52307 ], [ -36.78814, -6.52192 ], [ -36.79108, -6.52095 ], [ -36.79215, -6.52167 ], [ -36.79272, -6.52305 ], [ -36.79298, -6.5243 ], [ -36.79413, -6.52591 ], [ -36.79528, -6.52698 ], [ -36.79697, -6.52735 ], [ -36.79817, -6.52793 ], [ -36.80001, -6.5279 ], [ -36.80244, -6.52848 ], [ -36.80457, -6.52938 ], [ -36.80568, -6.53041 ], [ -36.80701, -6.53229 ], [ -36.80843, -6.53372 ], [ -36.81002, -6.53471 ], [ -36.81211, -6.53512 ], [ -36.81585, -6.53513 ], [ -36.81834, -6.5355 ], [ -36.82141, -6.53645 ], [ -36.82337, -6.53646 ], [ -36.8255, -6.537 ], [ -36.82656, -6.53754 ], [ -36.83036, -6.53778 ], [ -36.83175, -6.53787 ], [ -36.83346, -6.53832 ], [ -36.83515, -6.53842 ], [ -36.83608, -6.53865 ], [ -36.83885, -6.53768 ], [ -36.84472, -6.53637 ], [ -36.84913, -6.5359 ], [ -36.85154, -6.53537 ], [ -36.85541, -6.53481 ], [ -36.85701, -6.53437 ], [ -36.85711, -6.5333 ], [ -36.85898, -6.53313 ], [ -36.86049, -6.53278 ], [ -36.86179, -6.5323 ], [ -36.86366, -6.53106 ], [ -36.86517, -6.5308 ], [ -36.86642, -6.53036 ], [ -36.86884, -6.52993 ], [ -36.87279, -6.52972 ], [ -36.87862, -6.52863 ], [ -36.88076, -6.52793 ], [ -36.88451, -6.52536 ], [ -36.88665, -6.52368 ], [ -36.89593, -6.51828 ], [ -36.89744, -6.5182 ], [ -36.89801, -6.51796 ] ] ] } },
{ "type": "Feature", "properties": { "CD_MUN": "2411502", "NM_MUN": "Santo Antônio", "CD_RGI": "240002", "NM_RGI": "Santo Antônio - Passa e Fica - Nova Cruz", "CD_RGINT": "2401", "NM_RGINT": "Natal", "CD_UF": "24", "NM_UF": "Rio Grande do Norte", "SIGLA_UF": "RN", "CD_REGIA": "2", "NM_REGIA": "Nordeste", "SIGLA_RG": "NE", "CD_CONCU": null, "NM_CONCU": null, "AREA_KM2": 301.082 }, "geometry": { "type": "Polygon", "coordinates": [ [ [ -35.42835, -6.39375 ], [ -35.43516, -6.39809 ], [ -35.44715, -6.40576 ], [ -35.44738, -6.41442 ], [ -35.44759, -6.41437 ], [ -35.44799, -6.41427 ], [ -35.44975, -6.41385 ], [ -35.48087, -6.40643 ], [ -35.48136, -6.40632 ], [ -35.48794, -6.40475 ], [ -35.51484, -6.40615 ], [ -35.51761, -6.4063 ], [ -35.53352, -6.41292 ], [ -35.54424, -6.41738 ], [ -35.55504, -6.39102 ], [ -35.58071, -6.38785 ], [ -35.59298, -6.38634 ], [ -35.5931, -6.38633 ], [ -35.59696, -6.38585 ], [ -35.59702, -6.38584 ], [ -35.59719, -6.38553 ], [ -35.59837, -6.38323 ], [ -35.61498, -6.35105 ], [ -35.61555, -6.34993 ], [ -35.61695, -6.34939 ], [ -35.61799, -6.34839 ], [ -35.6271, -6.34099 ], [ -35.62774, -6.3409 ], [ -35.62955, -6.34063 ], [ -35.63147, -6.33922 ], [ -35.63384, -6.33641 ], [ -35.63628, -6.33459 ], [ -35.63748, -6.33108 ], [ -35.63882, -6.32967 ], [ -35.64323, -6.32576 ], [ -35.64282, -6.32517 ], [ -35.64263, -6.32439 ], [ -35.64283, -6.32189 ], [ -35.64226, -6.31986 ], [ -35.64164, -6.31843 ], [ -35.63997, -6.31617 ], [ -35.63913, -6.31533 ], [ -35.63821, -6.3147 ], [ -35.6366, -6.31436 ], [ -35.63486, -6.31376 ], [ -35.63406, -6.31252 ], [ -35.63387, -6.31124 ], [ -35.63295, -6.30972 ], [ -35.63201, -6.30902 ], [ -35.62887, -6.30773 ], [ -35.62688, -6.30743 ], [ -35.62234, -6.30633 ], [ -35.62176, -6.3065 ], [ -35.61959, -6.30824 ], [ -35.61693, -6.3091 ], [ -35.61682, -6.30933 ], [ -35.61692, -6.31114 ], [ -35.61674, -6.31149 ], [ -35.61639, -6.31168 ], [ -35.61536, -6.31177 ], [ -35.61326, -6.31352 ], [ -35.61142, -6.31449 ], [ -35.61056, -6.31531 ], [ -35.60949, -6.31574 ], [ -35.60754, -6.31439 ], [ -35.60712, -6.31383 ], [ -35.60695, -6.31313 ], [ -35.60725, -6.31205 ], [ -35.60715, -6.31153 ], [ -35.60563, -6.3107 ], [ -35.6049, -6.31012 ], [ -35.60443, -6.30954 ], [ -35.60422, -6.30888 ], [ -35.60189, -6.30641 ], [ -35.60156, -6.30574 ], [ -35.60157, -6.30363 ], [ -35.601, -6.30157 ], [ -35.59646, -6.30033 ], [ -35.59358, -6.3002 ], [ -35.5895, -6.30144 ], [ -35.58705, -6.30286 ], [ -35.58609, -6.30317 ], [ -35.58544, -6.30303 ], [ -35.58347, -6.30156 ], [ -35.58167, -6.30237 ], [ -35.58116, -6.30242 ], [ -35.58008, -6.30186 ], [ -35.57677, -6.29827 ], [ -35.57599, -6.2976 ], [ -35.57496, -6.29707 ], [ -35.56984, -6.29604 ], [ -35.56404, -6.29618 ], [ -35.56334, -6.29593 ], [ -35.56259, -6.29528 ], [ -35.56278, -6.29249 ], [ -35.56226, -6.2917 ], [ -35.56086, -6.29028 ], [ -35.56045, -6.28852 ], [ -35.56, -6.28761 ], [ -35.55847, -6.28584 ], [ -35.55772, -6.28521 ], [ -35.55655, -6.28466 ], [ -35.55472, -6.28448 ], [ -35.55339, -6.28467 ], [ -35.55202, -6.28615 ], [ -35.55121, -6.28768 ], [ -35.55095, -6.28796 ], [ -35.55049, -6.28808 ], [ -35.55011, -6.28806 ], [ -35.54974, -6.28778 ], [ -35.54868, -6.28612 ], [ -35.54837, -6.28582 ], [ -35.54786, -6.28564 ], [ -35.54694, -6.28559 ], [ -35.54426, -6.28612 ], [ -35.54311, -6.2862 ], [ -35.54014, -6.28602 ], [ -35.53893, -6.28586 ], [ -35.53619, -6.2849 ], [ -35.53296, -6.28411 ], [ -35.52841, -6.28349 ], [ -35.52699, -6.28354 ], [ -35.52562, -6.28387 ], [ -35.5192, -6.28619 ], [ -35.51768, -6.28716 ], [ -35.51722, -6.28843 ], [ -35.51639, -6.28928 ], [ -35.51519, -6.28954 ], [ -35.51183, -6.28909 ], [ -35.5101, -6.2898 ], [ -35.50956, -6.29036 ], [ -35.50787, -6.29304 ], [ -35.50663, -6.29401 ], [ -35.50463, -6.29497 ], [ -35.50412, -6.2954 ], [ -35.50382, -6.29582 ], [ -35.50312, -6.29769 ], [ -35.49072, -6.28988 ], [ -35.4904, -6.28968 ], [ -35.4899, -6.28931 ], [ -35.48988, -6.28929 ], [ -35.46906, -6.2736 ], [ -35.4687, -6.24582 ], [ -35.4685, -6.23075 ], [ -35.43643, -6.25343 ], [ -35.42393, -6.27006 ], [ -35.42276, -6.27162 ], [ -35.42275, -6.27163 ], [ -35.42212, -6.27218 ], [ -35.42094, -6.27323 ], [ -35.42038, -6.27373 ], [ -35.42102, -6.27438 ], [ -35.42206, -6.27514 ], [ -35.42262, -6.27556 ], [ -35.42263, -6.27557 ], [ -35.42555, -6.28058 ], [ -35.42535, -6.31936 ], [ -35.4129, -6.3197 ], [ -35.40304, -6.32046 ], [ -35.39364, -6.32202 ], [ -35.39009, -6.32244 ], [ -35.38848, -6.32285 ], [ -35.39305, -6.32985 ], [ -35.40066, -6.34152 ], [ -35.40459, -6.3599 ], [ -35.40921, -6.38152 ], [ -35.42835, -6.39375 ] ] ] } },
{ "type": "Feature", "properties": { "CD_MUN": "2408706", "NM_MUN": "Paraú", "CD_RGI": "240011", "NM_RGI": "Açu", "CD_RGINT": "2403", "NM_RGINT": "Mossoró", "CD_UF": "24", "NM_UF": "Rio Grande do Norte", "SIGLA_UF": "RN", "CD_REGIA": "2", "NM_REGIA": "Nordeste", "SIGLA_RG": "NE", "CD_CONCU": null, "NM_CONCU": null, "AREA_KM2": 383.214 }, "geometry": { "type": "Polygon", "coordinates": [ [ [ -37.1012, -5.87239 ], [ -37.10143, -5.8724 ], [ -37.13063, -5.87313 ], [ -37.14873, -5.86634 ], [ -37.19496, -5.82374 ], [ -37.17949, -5.81906 ], [ -37.2254, -5.78984 ], [ -37.21905, -5.72594 ], [ -37.22058, -5.7175 ], [ -37.2035, -5.72513 ], [ -37.19749, -5.71922 ], [ -37.19551, -5.7181 ], [ -37.1883, -5.71677 ], [ -37.18544, -5.71668 ], [ -37.181, -5.71802 ], [ -37.17932, -5.72227 ], [ -37.17852, -5.72362 ], [ -37.17678, -5.72369 ], [ -37.17464, -5.72138 ], [ -37.17283, -5.71843 ], [ -37.17093, -5.71576 ], [ -37.17031, -5.71377 ], [ -37.16975, -5.71281 ], [ -37.16865, -5.71273 ], [ -37.16693, -5.71335 ], [ -37.16444, -5.71383 ], [ -37.16357, -5.71331 ], [ -37.15006, -5.69756 ], [ -37.14508, -5.69002 ], [ -37.14263, -5.68759 ], [ -37.13979, -5.68551 ], [ -37.13607, -5.68311 ], [ -37.13345, -5.68175 ], [ -37.13029, -5.67931 ], [ -37.12578, -5.67164 ], [ -37.12349, -5.66938 ], [ -37.11988, -5.66709 ], [ -37.11812, -5.66632 ], [ -37.11244, -5.6649 ], [ -37.1065, -5.66273 ], [ -37.10468, -5.6564 ], [ -37.10459, -5.65622 ], [ -37.1045, -5.65638 ], [ -37.06222, -5.73209 ], [ -37.0622, -5.73211 ], [ -37.06059, -5.735 ], [ -37.05456, -5.74579 ], [ -37.05025, -5.747 ], [ -37.02136, -5.75509 ], [ -36.9941, -5.77171 ], [ -37.03579, -5.89101 ], [ -37.1012, -5.87239 ] ] ] } },
{ "type": "Feature", "properties": { "CD_MUN": "2407401", "NM_MUN": "Martins", "CD_RGI": "240010", "NM_RGI": "Pau dos Ferros", "CD_RGINT": "2403", "NM_RGINT": "Mossoró", "CD_UF": "24", "NM_UF": "Rio Grande do Norte", "SIGLA_UF": "RN", "CD_REGIA": "2", "NM_REGIA": "Nordeste", "SIGLA_RG": "NE", "CD_CONCU": null, "NM_CONCU": null, "AREA_KM2": 169.464 }, "geometry": { "type": "Polygon", "coordinates": [ [ [ -37.91968, -6.14318 ], [ -37.92137, -6.14351 ], [ -37.92307, -6.14345 ], [ -37.92457, -6.14319 ], [ -37.92525, -6.14339 ], [ -37.92497, -6.14398 ], [ -37.92144, -6.14467 ], [ -37.92008, -6.14572 ], [ -37.92008, -6.14631 ], [ -37.92083, -6.14684 ], [ -37.92259, -6.14705 ], [ -37.92381, -6.14738 ], [ -37.92429, -6.14791 ], [ -37.92388, -6.14863 ], [ -37.9232, -6.14922 ], [ -37.92313, -6.15018 ], [ -37.92354, -6.15091 ], [ -37.92122, -6.15471 ], [ -37.92006, -6.1559 ], [ -37.91965, -6.15734 ], [ -37.91965, -6.1589 ], [ -37.92107, -6.16061 ], [ -37.92161, -6.16161 ], [ -37.92195, -6.16384 ], [ -37.92228, -6.16497 ], [ -37.9231, -6.16517 ], [ -37.92371, -6.16471 ], [ -37.92371, -6.16347 ], [ -37.92331, -6.16111 ], [ -37.92351, -6.16012 ], [ -37.92331, -6.15927 ], [ -37.92244, -6.15795 ], [ -37.92237, -6.15744 ], [ -37.92277, -6.15709 ], [ -37.92454, -6.15722 ], [ -37.92556, -6.15706 ], [ -37.92603, -6.15647 ], [ -37.92617, -6.15561 ], [ -37.92685, -6.15508 ], [ -37.92753, -6.15541 ], [ -37.92794, -6.15621 ], [ -37.92848, -6.1566 ], [ -37.93025, -6.15648 ], [ -37.93188, -6.15687 ], [ -37.93269, -6.15757 ], [ -37.93309, -6.15889 ], [ -37.93214, -6.16186 ], [ -37.93213, -6.16463 ], [ -37.93315, -6.16562 ], [ -37.9341, -6.16555 ], [ -37.93458, -6.16467 ], [ -37.93451, -6.16348 ], [ -37.93411, -6.16203 ], [ -37.93452, -6.16143 ], [ -37.93838, -6.16107 ], [ -37.94015, -6.16214 ], [ -37.94123, -6.16333 ], [ -37.94218, -6.16359 ], [ -37.94245, -6.16305 ], [ -37.94232, -6.16143 ], [ -37.94243, -6.16087 ], [ -37.9427, -6.16061 ], [ -37.94479, -6.16117 ], [ -37.94545, -6.16117 ], [ -37.94708, -6.16048 ], [ -37.94386, -6.15757 ], [ -37.94158, -6.15595 ], [ -37.94042, -6.15485 ], [ -37.94038, -6.15361 ], [ -37.94124, -6.15186 ], [ -37.9424, -6.15046 ], [ -37.94303, -6.1502 ], [ -37.9443, -6.15047 ], [ -37.9469, -6.15172 ], [ -37.94806, -6.15202 ], [ -37.94938, -6.15208 ], [ -37.94962, -6.1517 ], [ -37.94935, -6.15095 ], [ -37.94536, -6.14714 ], [ -37.94408, -6.14441 ], [ -37.94381, -6.14358 ], [ -37.9437, -6.14099 ], [ -37.94301, -6.13876 ], [ -37.94273, -6.13697 ], [ -37.94386, -6.1338 ], [ -37.94386, -6.13271 ], [ -37.94241, -6.12954 ], [ -37.94202, -6.12703 ], [ -37.94168, -6.1263 ], [ -37.94042, -6.1252 ], [ -37.93998, -6.12459 ], [ -37.93956, -6.1227 ], [ -37.93955, -6.11923 ], [ -37.93965, -6.11851 ], [ -37.93961, -6.11851 ], [ -37.93966, -6.11814 ], [ -37.93966, -6.11814 ], [ -37.93966, -6.11789 ], [ -37.93967, -6.11766 ], [ -37.93967, -6.11707 ], [ -37.93967, -6.11705 ], [ -37.93969, -6.11567 ], [ -37.93969, -6.11544 ], [ -37.93968, -6.11514 ], [ -37.93966, -6.11481 ], [ -37.93965, -6.11464 ], [ -37.93964, -6.11449 ], [ -37.93963, -6.11432 ], [ -37.93963, -6.11431 ], [ -37.93963, -6.1143 ], [ -37.93963, -6.11427 ], [ -37.93962, -6.11425 ], [ -37.93961, -6.11408 ], [ -37.93961, -6.11389 ], [ -37.93961, -6.11373 ], [ -37.93748, -6.10852 ], [ -37.94105, -6.09925 ], [ -37.98099, -6.07555 ], [ -37.98036, -6.07441 ], [ -37.9795, -6.07362 ], [ -37.97896, -6.07285 ], [ -37.97872, -6.07192 ], [ -37.97872, -6.07115 ], [ -37.97897, -6.07042 ], [ -37.9781, -6.06964 ], [ -37.97822, -6.0692 ], [ -37.97802, -6.06855 ], [ -37.97675, -6.06827 ], [ -37.97564, -6.06835 ], [ -37.97496, -6.06809 ], [ -37.97413, -6.06711 ], [ -37.97242, -6.06584 ], [ -37.97191, -6.06517 ], [ -37.97159, -6.06433 ], [ -37.9715, -6.0624 ], [ -37.97086, -6.05956 ], [ -37.96986, -6.05829 ], [ -37.969, -6.05782 ], [ -37.96791, -6.05671 ], [ -37.96485, -6.0549 ], [ -37.96413, -6.05393 ], [ -37.96329, -6.05321 ], [ -37.96221, -6.05115 ], [ -37.96209, -6.04976 ], [ -37.96226, -6.04883 ], [ -37.96226, -6.0473 ], [ -37.96176, -6.04625 ], [ -37.95948, -6.04379 ], [ -37.95907, -6.04317 ], [ -37.95871, -6.04145 ], [ -37.95768, -6.04029 ], [ -37.95696, -6.03976 ], [ -37.95634, -6.03869 ], [ -37.95621, -6.03634 ], [ -37.95547, -6.03334 ], [ -37.95526, -6.0304 ], [ -37.95442, -6.02955 ], [ -37.95251, -6.02847 ], [ -37.95064, -6.02705 ], [ -37.95014, -6.0243 ], [ -37.94984, -6.02351 ], [ -37.94898, -6.02234 ], [ -37.94759, -6.02154 ], [ -37.94617, -6.02028 ], [ -37.94467, -6.01689 ], [ -37.94381, -6.01542 ], [ -37.94325, -6.01349 ], [ -37.94308, -6.01143 ], [ -37.94321, -6.00983 ], [ -37.9414, -6.01008 ], [ -37.94027, -6.01043 ], [ -37.93962, -6.01098 ], [ -37.93884, -6.01203 ], [ -37.93732, -6.01299 ], [ -37.93667, -6.01359 ], [ -37.93642, -6.0145 ], [ -37.9354, -6.01557 ], [ -37.93488, -6.0172 ], [ -37.93393, -6.00427 ], [ -37.93315, -6.00497 ], [ -37.93087, -6.00597 ], [ -37.92669, -6.00746 ], [ -37.91586, -6.00724 ], [ -37.90948, -6.00749 ], [ -37.90875, -6.00791 ], [ -37.90237, -6.00794 ], [ -37.90183, -6.00763 ], [ -37.90139, -6.00766 ], [ -37.89715, -6.00792 ], [ -37.89674, -6.00822 ], [ -37.87068, -6.02724 ], [ -37.8694, -6.02781 ], [ -37.86507, -6.02928 ], [ -37.86155, -6.03089 ], [ -37.86051, -6.03212 ], [ -37.84827, -6.0523 ], [ -37.84582, -6.05691 ], [ -37.83238, -6.08221 ], [ -37.84127, -6.08834 ], [ -37.86396, -6.10398 ], [ -37.86588, -6.10694 ], [ -37.86578, -6.10766 ], [ -37.86501, -6.10874 ], [ -37.85866, -6.11373 ], [ -37.85785, -6.11516 ], [ -37.85825, -6.11772 ], [ -37.85769, -6.11883 ], [ -37.85834, -6.12007 ], [ -37.85814, -6.12061 ], [ -37.85697, -6.12193 ], [ -37.85738, -6.12268 ], [ -37.85768, -6.12322 ], [ -37.85869, -6.12364 ], [ -37.86072, -6.12365 ], [ -37.86148, -6.12345 ], [ -37.86239, -6.12365 ], [ -37.86265, -6.12429 ], [ -37.86264, -6.12616 ], [ -37.86289, -6.12658 ], [ -37.86477, -6.12639 ], [ -37.86741, -6.12684 ], [ -37.86898, -6.12623 ], [ -37.87244, -6.12421 ], [ -37.87528, -6.12153 ], [ -37.87665, -6.12045 ], [ -37.87833, -6.11966 ], [ -37.8794, -6.11972 ], [ -37.88021, -6.12041 ], [ -37.88046, -6.12349 ], [ -37.87994, -6.12561 ], [ -37.8773, -6.12797 ], [ -37.87694, -6.12883 ], [ -37.87714, -6.13179 ], [ -37.87678, -6.13238 ], [ -37.87526, -6.13223 ], [ -37.87278, -6.1323 ], [ -37.8711, -6.13313 ], [ -37.87029, -6.13377 ], [ -37.87018, -6.13486 ], [ -37.87104, -6.13639 ], [ -37.87109, -6.13737 ], [ -37.8715, -6.13784 ], [ -37.87312, -6.13839 ], [ -37.87317, -6.13913 ], [ -37.8727, -6.13966 ], [ -37.87002, -6.13976 ], [ -37.86966, -6.14011 ], [ -37.87042, -6.14082 ], [ -37.87134, -6.14112 ], [ -37.87245, -6.14186 ], [ -37.8726, -6.14231 ], [ -37.87225, -6.14285 ], [ -37.87042, -6.14393 ], [ -37.87006, -6.14464 ], [ -37.87016, -6.14558 ], [ -37.87046, -6.14622 ], [ -37.87143, -6.14677 ], [ -37.87523, -6.14705 ], [ -37.87604, -6.14858 ], [ -37.877, -6.14946 ], [ -37.87802, -6.15011 ], [ -37.8808, -6.15069 ], [ -37.88095, -6.15502 ], [ -37.88312, -6.15695 ], [ -37.88388, -6.15816 ], [ -37.88469, -6.16156 ], [ -37.8856, -6.16348 ], [ -37.8862, -6.16418 ], [ -37.88904, -6.1662 ], [ -37.8895, -6.16687 ], [ -37.89097, -6.16793 ], [ -37.89407, -6.16977 ], [ -37.89619, -6.1718 ], [ -37.89572, -6.17259 ], [ -37.89408, -6.17318 ], [ -37.89408, -6.17371 ], [ -37.89708, -6.17528 ], [ -37.8987, -6.17664 ], [ -37.89985, -6.17679 ], [ -37.90399, -6.17568 ], [ -37.90691, -6.17555 ], [ -37.90739, -6.17456 ], [ -37.90705, -6.17374 ], [ -37.90529, -6.17175 ], [ -37.90279, -6.16852 ], [ -37.90231, -6.16838 ], [ -37.90136, -6.16944 ], [ -37.90061, -6.16996 ], [ -37.89966, -6.16963 ], [ -37.89912, -6.16768 ], [ -37.89845, -6.16682 ], [ -37.89641, -6.16537 ], [ -37.89391, -6.16246 ], [ -37.89397, -6.1618 ], [ -37.89445, -6.16101 ], [ -37.89513, -6.16035 ], [ -37.89527, -6.15906 ], [ -37.89466, -6.15781 ], [ -37.89384, -6.15702 ], [ -37.89378, -6.15603 ], [ -37.89446, -6.15405 ], [ -37.89521, -6.15339 ], [ -37.8965, -6.15326 ], [ -37.89732, -6.15353 ], [ -37.89847, -6.15343 ], [ -37.90031, -6.15211 ], [ -37.90126, -6.15205 ], [ -37.90214, -6.15258 ], [ -37.90714, -6.16072 ], [ -37.90972, -6.16338 ], [ -37.91163, -6.16438 ], [ -37.91407, -6.16504 ], [ -37.91481, -6.16485 ], [ -37.91461, -6.16389 ], [ -37.91373, -6.16296 ], [ -37.91278, -6.16243 ], [ -37.91163, -6.16151 ], [ -37.90987, -6.16065 ], [ -37.90864, -6.15959 ], [ -37.90817, -6.15879 ], [ -37.90817, -6.15807 ], [ -37.90872, -6.15771 ], [ -37.91021, -6.15797 ], [ -37.91089, -6.15764 ], [ -37.91109, -6.15692 ], [ -37.9111, -6.15501 ], [ -37.91076, -6.15349 ], [ -37.91083, -6.1519 ], [ -37.91165, -6.15082 ], [ -37.9124, -6.15075 ], [ -37.91294, -6.15095 ], [ -37.91389, -6.15221 ], [ -37.91409, -6.1534 ], [ -37.91415, -6.15564 ], [ -37.91456, -6.1563 ], [ -37.9151, -6.15643 ], [ -37.91558, -6.15623 ], [ -37.91579, -6.15396 ], [ -37.91545, -6.15099 ], [ -37.91478, -6.15013 ], [ -37.91227, -6.14881 ], [ -37.91084, -6.14877 ], [ -37.91009, -6.14936 ], [ -37.90936, -6.14942 ], [ -37.90867, -6.14896 ], [ -37.90799, -6.14896 ], [ -37.90642, -6.14949 ], [ -37.90452, -6.14975 ], [ -37.90289, -6.14955 ], [ -37.90228, -6.14905 ], [ -37.90263, -6.14813 ], [ -37.90507, -6.14628 ], [ -37.90738, -6.1455 ], [ -37.90738, -6.14497 ], [ -37.90603, -6.14371 ], [ -37.90528, -6.14331 ], [ -37.90535, -6.14269 ], [ -37.90603, -6.14236 ], [ -37.9078, -6.1423 ], [ -37.90868, -6.14184 ], [ -37.90936, -6.14098 ], [ -37.90997, -6.14059 ], [ -37.91072, -6.14059 ], [ -37.9112, -6.14118 ], [ -37.9114, -6.14204 ], [ -37.91139, -6.14323 ], [ -37.91194, -6.14458 ], [ -37.91288, -6.14511 ], [ -37.9139, -6.14485 ], [ -37.91445, -6.14432 ], [ -37.91629, -6.14175 ], [ -37.91785, -6.14209 ], [ -37.91968, -6.14318 ] ] ] } },
{ "type": "Feature", "properties": { "CD_MUN": "2402808", "NM_MUN": "Coronel Ezequiel", "CD_RGI": "240004", "NM_RGI": "Santa Cruz", "CD_RGINT": "2401", "NM_RGINT": "Natal", "CD_UF": "24", "NM_UF": "Rio Grande do Norte", "SIGLA_UF": "RN", "CD_REGIA": "2", "NM_REGIA": "Nordeste", "SIGLA_RG": "NE", "CD_CONCU": null, "NM_CONCU": null, "AREA_KM2": 185.748 }, "geometry": { "type": "Polygon", "coordinates": [ [ [ -36.19625, -6.40536 ], [ -36.22021, -6.4029 ], [ -36.2212, -6.4028 ], [ -36.24392, -6.39113 ], [ -36.26583, -6.37987 ], [ -36.29634, -6.37041 ], [ -36.29562, -6.36862 ], [ -36.29284, -6.36481 ], [ -36.28155, -6.3546 ], [ -36.27848, -6.34936 ], [ -36.27713, -6.34463 ], [ -36.27675, -6.34043 ], [ -36.27875, -6.32704 ], [ -36.27914, -6.31763 ], [ -36.27263, -6.30717 ], [ -36.26894, -6.30838 ], [ -36.26658, -6.30822 ], [ -36.26466, -6.3077 ], [ -36.2633, -6.30641 ], [ -36.25881, -6.30573 ], [ -36.2559, -6.30331 ], [ -36.24621, -6.30212 ], [ -36.24372, -6.30367 ], [ -36.24186, -6.3043 ], [ -36.24014, -6.30601 ], [ -36.23998, -6.30732 ], [ -36.24068, -6.30897 ], [ -36.24052, -6.30993 ], [ -36.23976, -6.31078 ], [ -36.23652, -6.31197 ], [ -36.23416, -6.30946 ], [ -36.23073, -6.3103 ], [ -36.22931, -6.31012 ], [ -36.22535, -6.30677 ], [ -36.22414, -6.30574 ], [ -36.22313, -6.30531 ], [ -36.22078, -6.30581 ], [ -36.22015, -6.30621 ], [ -36.21913, -6.30832 ], [ -36.21373, -6.30827 ], [ -36.20715, -6.30234 ], [ -36.20554, -6.30135 ], [ -36.19989, -6.30086 ], [ -36.18898, -6.30263 ], [ -36.18772, -6.30206 ], [ -36.18567, -6.29953 ], [ -36.18162, -6.29791 ], [ -36.16217, -6.29926 ], [ -36.15376, -6.29984 ], [ -36.13944, -6.32976 ], [ -36.11263, -6.38572 ], [ -36.0961, -6.4202 ], [ -36.09648, -6.42026 ], [ -36.09857, -6.41992 ], [ -36.17734, -6.4073 ], [ -36.19625, -6.40536 ] ] ] } },
{ "type": "Feature", "properties": { "CD_MUN": "2411106", "NM_MUN": "Ruy Barbosa", "CD_RGI": "240006", "NM_RGI": "São Paulo do Potengi", "CD_RGINT": "2401", "NM_RGINT": "Natal", "CD_UF": "24", "NM_UF": "Rio Grande do Norte", "SIGLA_UF": "RN", "CD_REGIA": "2", "NM_REGIA": "Nordeste", "SIGLA_RG": "NE", "CD_CONCU": null, "NM_CONCU": null, "AREA_KM2": 125.809 }, "geometry": { "type": "Polygon", "coordinates": [ [ [ -35.87262, -5.90105 ], [ -35.87296, -5.90119 ], [ -35.87358, -5.90187 ], [ -35.87371, -5.90395 ], [ -35.87401, -5.90451 ], [ -35.87457, -5.9049 ], [ -35.87531, -5.90504 ], [ -35.87592, -5.90483 ], [ -35.87687, -5.90496 ], [ -35.87767, -5.90541 ], [ -35.87824, -5.90601 ], [ -35.87929, -5.90651 ], [ -35.88235, -5.90655 ], [ -35.88327, -5.9068 ], [ -35.88536, -5.909 ], [ -35.88699, -5.90927 ], [ -35.8898, -5.9082 ], [ -35.89174, -5.907 ], [ -35.893, -5.90686 ], [ -35.89303, -5.90589 ], [ -35.89261, -5.90521 ], [ -35.89096, -5.90396 ], [ -35.89049, -5.90322 ], [ -35.89055, -5.90244 ], [ -35.8911, -5.9019 ], [ -35.89167, -5.90175 ], [ -35.89224, -5.90183 ], [ -35.89353, -5.90289 ], [ -35.89475, -5.90308 ], [ -35.89563, -5.90233 ], [ -35.89684, -5.90189 ], [ -35.89671, -5.90122 ], [ -35.89572, -5.9002 ], [ -35.89556, -5.89959 ], [ -35.89578, -5.8989 ], [ -35.89631, -5.89855 ], [ -35.89699, -5.89864 ], [ -35.89729, -5.89891 ], [ -35.89805, -5.90037 ], [ -35.89917, -5.9006 ], [ -35.90188, -5.89914 ], [ -35.90213, -5.89873 ], [ -35.90166, -5.89686 ], [ -35.90177, -5.89638 ], [ -35.90254, -5.89614 ], [ -35.90462, -5.89651 ], [ -35.90613, -5.89709 ], [ -35.90673, -5.89749 ], [ -35.90693, -5.89782 ], [ -35.90622, -5.89893 ], [ -35.90604, -5.89951 ], [ -35.90618, -5.90013 ], [ -35.90651, -5.90067 ], [ -35.9071, -5.90113 ], [ -35.91258, -5.9028 ], [ -35.9131, -5.90273 ], [ -35.91329, -5.9025 ], [ -35.91333, -5.90203 ], [ -35.91223, -5.9 ], [ -35.91115, -5.89683 ], [ -35.91095, -5.8956 ], [ -35.91113, -5.89482 ], [ -35.91186, -5.89448 ], [ -35.91283, -5.89443 ], [ -35.91416, -5.89404 ], [ -35.91541, -5.8934 ], [ -35.91623, -5.89326 ], [ -35.91675, -5.89346 ], [ -35.91704, -5.89389 ], [ -35.91696, -5.89539 ], [ -35.91662, -5.89647 ], [ -35.91699, -5.89678 ], [ -35.92229, -5.89887 ], [ -35.92167, -5.89972 ], [ -35.92046, -5.90249 ], [ -35.92008, -5.90499 ], [ -35.91924, -5.90857 ], [ -35.944, -5.90478 ], [ -35.94435, -5.90472 ], [ -35.96668, -5.9013 ], [ -35.98351, -5.87787 ], [ -36.01393, -5.83523 ], [ -36.01169, -5.83366 ], [ -36.01116, -5.83231 ], [ -36.00931, -5.82985 ], [ -36.009, -5.82788 ], [ -36.00752, -5.82486 ], [ -36.00593, -5.82267 ], [ -36.00385, -5.82064 ], [ -36.0012, -5.81688 ], [ -36.00007, -5.81584 ], [ -35.9972, -5.81321 ], [ -35.99569, -5.81252 ], [ -35.99526, -5.81139 ], [ -35.99381, -5.80958 ], [ -35.99168, -5.80825 ], [ -35.98901, -5.80774 ], [ -35.98549, -5.80672 ], [ -35.98303, -5.80542 ], [ -35.98105, -5.80369 ], [ -35.97734, -5.79776 ], [ -35.97562, -5.79466 ], [ -35.97164, -5.79763 ], [ -35.96779, -5.79998 ], [ -35.96712, -5.80045 ], [ -35.96416, -5.80249 ], [ -35.9606, -5.80411 ], [ -35.95836, -5.80464 ], [ -35.95549, -5.80497 ], [ -35.94776, -5.80516 ], [ -35.94649, -5.80569 ], [ -35.94575, -5.80745 ], [ -35.94624, -5.81019 ], [ -35.94551, -5.81206 ], [ -35.94371, -5.81362 ], [ -35.94147, -5.81426 ], [ -35.9396, -5.81401 ], [ -35.93853, -5.81246 ], [ -35.93596, -5.80999 ], [ -35.93329, -5.80855 ], [ -35.93014, -5.80779 ], [ -35.92567, -5.8075 ], [ -35.92538, -5.80435 ], [ -35.92552, -5.80025 ], [ -35.8511, -5.91333 ], [ -35.85357, -5.91244 ], [ -35.85577, -5.9119 ], [ -35.85706, -5.91159 ], [ -35.85901, -5.91144 ], [ -35.85991, -5.9115 ], [ -35.86059, -5.91174 ], [ -35.86152, -5.91162 ], [ -35.86859, -5.90637 ], [ -35.87113, -5.90247 ], [ -35.87233, -5.90118 ], [ -35.87261, -5.90106 ], [ -35.87262, -5.90105 ] ] ] } },
{ "type": "Feature", "properties": { "CD_MUN": "2414209", "NM_MUN": "Tibau do Sul", "CD_RGI": "240003", "NM_RGI": "Canguaretama", "CD_RGINT": "2401", "NM_RGINT": "Natal", "CD_UF": "24", "NM_UF": "Rio Grande do Norte", "SIGLA_UF": "RN", "CD_REGIA": "2", "NM_REGIA": "Nordeste", "SIGLA_RG": "NE", "CD_CONCU": null, "NM_CONCU": null, "AREA_KM2": 102.68 }, "geometry": { "type": "Polygon", "coordinates": [ [ [ -35.07812, -6.21122 ], [ -35.07809, -6.2113 ], [ -35.07696, -6.21338 ], [ -35.07621, -6.21467 ], [ -35.07529, -6.21626 ], [ -35.07449, -6.21762 ], [ -35.07381, -6.21878 ], [ -35.073, -6.21977 ], [ -35.07236, -6.22068 ], [ -35.07129, -6.22171 ], [ -35.07044, -6.22222 ], [ -35.06971, -6.22248 ], [ -35.06968, -6.22249 ], [ -35.06917, -6.22255 ], [ -35.06875, -6.22236 ], [ -35.06838, -6.22198 ], [ -35.06792, -6.22153 ], [ -35.06734, -6.22128 ], [ -35.06702, -6.2211 ], [ -35.06682, -6.22098 ], [ -35.06636, -6.22096 ], [ -35.06614, -6.22104 ], [ -35.06588, -6.22116 ], [ -35.06579, -6.22133 ], [ -35.06558, -6.22183 ], [ -35.06524, -6.22238 ], [ -35.06477, -6.22309 ], [ -35.06405, -6.22393 ], [ -35.06333, -6.22471 ], [ -35.06224, -6.22579 ], [ -35.06117, -6.22658 ], [ -35.06015, -6.22718 ], [ -35.05956, -6.22733 ], [ -35.05919, -6.22742 ], [ -35.05867, -6.22743 ], [ -35.05841, -6.22733 ], [ -35.05822, -6.22725 ], [ -35.05792, -6.227 ], [ -35.05757, -6.22655 ], [ -35.05744, -6.22625 ], [ -35.05733, -6.22611 ], [ -35.05725, -6.22581 ], [ -35.05703, -6.22552 ], [ -35.057, -6.22548 ], [ -35.05639, -6.22527 ], [ -35.05593, -6.22527 ], [ -35.05555, -6.22543 ], [ -35.05522, -6.2258 ], [ -35.05501, -6.22606 ], [ -35.05461, -6.22631 ], [ -35.05436, -6.22639 ], [ -35.05399, -6.2261 ], [ -35.05377, -6.22595 ], [ -35.05332, -6.2259 ], [ -35.05286, -6.22594 ], [ -35.05229, -6.22615 ], [ -35.05135, -6.22628 ], [ -35.0508, -6.22632 ], [ -35.05027, -6.22606 ], [ -35.04966, -6.22579 ], [ -35.04911, -6.22559 ], [ -35.04838, -6.22552 ], [ -35.04781, -6.22565 ], [ -35.0471, -6.22582 ], [ -35.04578, -6.22581 ], [ -35.0449, -6.22576 ], [ -35.04355, -6.22608 ], [ -35.04264, -6.22631 ], [ -35.04217, -6.22656 ], [ -35.04188, -6.22701 ], [ -35.04157, -6.22848 ], [ -35.04156, -6.2286 ], [ -35.04145, -6.22939 ], [ -35.04124, -6.23076 ], [ -35.04103, -6.23146 ], [ -35.04096, -6.2317 ], [ -35.04096, -6.2317 ], [ -35.04069, -6.23234 ], [ -35.04011, -6.23276 ], [ -35.03939, -6.23299 ], [ -35.03888, -6.23339 ], [ -35.03806, -6.23373 ], [ -35.03772, -6.23377 ], [ -35.03722, -6.23397 ], [ -35.03659, -6.23461 ], [ -35.03598, -6.2354 ], [ -35.03587, -6.23575 ], [ -35.03582, -6.23624 ], [ -35.03599, -6.23725 ], [ -35.03615, -6.2385 ], [ -35.03632, -6.24027 ], [ -35.03639, -6.24137 ], [ -35.03641, -6.24157 ], [ -35.03648, -6.24221 ], [ -35.03663, -6.24271 ], [ -35.03666, -6.24441 ], [ -35.03682, -6.24543 ], [ -35.03696, -6.24635 ], [ -35.03688, -6.24809 ], [ -35.03678, -6.24988 ], [ -35.03693, -6.25185 ], [ -35.03695, -6.25215 ], [ -35.03701, -6.25366 ], [ -35.03732, -6.25543 ], [ -35.03734, -6.25677 ], [ -35.03744, -6.25788 ], [ -35.03747, -6.25902 ], [ -35.0375, -6.25995 ], [ -35.03748, -6.26075 ], [ -35.03747, -6.26138 ], [ -35.03761, -6.26284 ], [ -35.03774, -6.26389 ], [ -35.03767, -6.26504 ], [ -35.03767, -6.26629 ], [ -35.03767, -6.2664 ], [ -35.03765, -6.26734 ], [ -35.03745, -6.26845 ], [ -35.03717, -6.26985 ], [ -35.03668, -6.27101 ], [ -35.03633, -6.27146 ], [ -35.03624, -6.27157 ], [ -35.03593, -6.27192 ], [ -35.03565, -6.27215 ], [ -35.0352, -6.27256 ], [ -35.03445, -6.27307 ], [ -35.03358, -6.2739 ], [ -35.03321, -6.27451 ], [ -35.03309, -6.27506 ], [ -35.03305, -6.27565 ], [ -35.03328, -6.27622 ], [ -35.03356, -6.27672 ], [ -35.03375, -6.2774 ], [ -35.03374, -6.27765 ], [ -35.03374, -6.27797 ], [ -35.03362, -6.27864 ], [ -35.03357, -6.27943 ], [ -35.03344, -6.27994 ], [ -35.03349, -6.28009 ], [ -35.03363, -6.28031 ], [ -35.03386, -6.28062 ], [ -35.03415, -6.28092 ], [ -35.03431, -6.28136 ], [ -35.03447, -6.28208 ], [ -35.03446, -6.28256 ], [ -35.03435, -6.28286 ], [ -35.03405, -6.28299 ], [ -35.03385, -6.28314 ], [ -35.03371, -6.28355 ], [ -35.0337, -6.2842 ], [ -35.03358, -6.28499 ], [ -35.0335, -6.28573 ], [ -35.03339, -6.2864 ], [ -35.03431, -6.28637 ], [ -35.03492, -6.28619 ], [ -35.03495, -6.28618 ], [ -35.03533, -6.2862 ], [ -35.03571, -6.28621 ], [ -35.03805, -6.2852 ], [ -35.03854, -6.28515 ], [ -35.04142, -6.28489 ], [ -35.04429, -6.28385 ], [ -35.04513, -6.2836 ], [ -35.04742, -6.28238 ], [ -35.0506, -6.28111 ], [ -35.05309, -6.28058 ], [ -35.05974, -6.27991 ], [ -35.06167, -6.27909 ], [ -35.06365, -6.27728 ], [ -35.06445, -6.27616 ], [ -35.06652, -6.27449 ], [ -35.07044, -6.27262 ], [ -35.07047, -6.2726 ], [ -35.07116, -6.27177 ], [ -35.07259, -6.26857 ], [ -35.07345, -6.26762 ], [ -35.07471, -6.26647 ], [ -35.07561, -6.26593 ], [ -35.07668, -6.26583 ], [ -35.07767, -6.26596 ], [ -35.07899, -6.2665 ], [ -35.08189, -6.26703 ], [ -35.08439, -6.26717 ], [ -35.08744, -6.26801 ], [ -35.08825, -6.2686 ], [ -35.09012, -6.26897 ], [ -35.09146, -6.2691 ], [ -35.09402, -6.26905 ], [ -35.09519, -6.26886 ], [ -35.0967, -6.26906 ], [ -35.09889, -6.26905 ], [ -35.1039, -6.27031 ], [ -35.10602, -6.27206 ], [ -35.10674, -6.27331 ], [ -35.1074, -6.27576 ], [ -35.10848, -6.27647 ], [ -35.10996, -6.27683 ], [ -35.1109, -6.27682 ], [ -35.11185, -6.27713 ], [ -35.1127, -6.27767 ], [ -35.11417, -6.27881 ], [ -35.11543, -6.2811 ], [ -35.11676, -6.28175 ], [ -35.12352, -6.28453 ], [ -35.12852, -6.28532 ], [ -35.13129, -6.28642 ], [ -35.13559, -6.29085 ], [ -35.13573, -6.29099 ], [ -35.13966, -6.29502 ], [ -35.14381, -6.29727 ], [ -35.14525, -6.29903 ], [ -35.14636, -6.29868 ], [ -35.14713, -6.29749 ], [ -35.14753, -6.29573 ], [ -35.14829, -6.29354 ], [ -35.14828, -6.2923 ], [ -35.14738, -6.28861 ], [ -35.14712, -6.28577 ], [ -35.14732, -6.27918 ], [ -35.14829, -6.27457 ], [ -35.14871, -6.27336 ], [ -35.15127, -6.27013 ], [ -35.15179, -6.26926 ], [ -35.15185, -6.26881 ], [ -35.15456, -6.26773 ], [ -35.15495, -6.26758 ], [ -35.15543, -6.26767 ], [ -35.15536, -6.26707 ], [ -35.15497, -6.26368 ], [ -35.15495, -6.2635 ], [ -35.15499, -6.26155 ], [ -35.156, -6.25667 ], [ -35.15525, -6.24606 ], [ -35.1546, -6.24368 ], [ -35.15344, -6.24115 ], [ -35.15333, -6.24091 ], [ -35.15313, -6.24048 ], [ -35.15316, -6.23761 ], [ -35.15314, -6.23735 ], [ -35.15313, -6.23728 ], [ -35.15284, -6.23399 ], [ -35.15283, -6.23392 ], [ -35.15283, -6.23388 ], [ -35.1528, -6.2336 ], [ -35.15271, -6.23261 ], [ -35.15302, -6.23 ], [ -35.15305, -6.22699 ], [ -35.15174, -6.22352 ], [ -35.15056, -6.22184 ], [ -35.14977, -6.22072 ], [ -35.14994, -6.21811 ], [ -35.12807, -6.20067 ], [ -35.11079, -6.18695 ], [ -35.10711, -6.18816 ], [ -35.10487, -6.18862 ], [ -35.10236, -6.1888 ], [ -35.09971, -6.1885 ], [ -35.09791, -6.18761 ], [ -35.09777, -6.18746 ], [ -35.09404, -6.18367 ], [ -35.09389, -6.18345 ], [ -35.0929, -6.18437 ], [ -35.09121, -6.18344 ], [ -35.09093, -6.1827 ], [ -35.09095, -6.18198 ], [ -35.09059, -6.18034 ], [ -35.09052, -6.18003 ], [ -35.09038, -6.18019 ], [ -35.09006, -6.18048 ], [ -35.08994, -6.18096 ], [ -35.08981, -6.18125 ], [ -35.08961, -6.18147 ], [ -35.08926, -6.18175 ], [ -35.08905, -6.18203 ], [ -35.08885, -6.18247 ], [ -35.08828, -6.18379 ], [ -35.08803, -6.18432 ], [ -35.08763, -6.185 ], [ -35.08728, -6.18525 ], [ -35.08691, -6.18545 ], [ -35.08629, -6.18603 ], [ -35.08565, -6.18668 ], [ -35.08545, -6.18686 ], [ -35.08526, -6.18698 ], [ -35.08503, -6.1871 ], [ -35.08487, -6.18715 ], [ -35.08473, -6.18718 ], [ -35.08472, -6.18718 ], [ -35.08462, -6.18717 ], [ -35.08461, -6.18716 ], [ -35.08456, -6.18715 ], [ -35.08453, -6.18714 ], [ -35.08444, -6.18708 ], [ -35.0844, -6.18704 ], [ -35.08432, -6.18698 ], [ -35.08421, -6.18695 ], [ -35.08412, -6.18701 ], [ -35.08408, -6.18707 ], [ -35.08407, -6.18713 ], [ -35.08408, -6.18717 ], [ -35.0841, -6.18722 ], [ -35.08411, -6.18726 ], [ -35.08412, -6.18731 ], [ -35.08411, -6.18737 ], [ -35.08387, -6.18764 ], [ -35.08336, -6.18812 ], [ -35.08295, -6.18839 ], [ -35.08267, -6.18881 ], [ -35.08262, -6.18985 ], [ -35.0821, -6.19435 ], [ -35.08193, -6.19631 ], [ -35.08109, -6.20049 ], [ -35.08002, -6.20502 ], [ -35.07927, -6.20776 ], [ -35.07867, -6.20959 ], [ -35.07812, -6.21122 ] ] ] } },
{ "type": "Feature", "properties": { "CD_MUN": "2406106", "NM_MUN": "Jucurutu", "CD_RGI": "240007", "NM_RGI": "Caicó", "CD_RGINT": "2402", "NM_RGINT": "Caicó", "CD_UF": "24", "NM_UF": "Rio Grande do Norte", "SIGLA_UF": "RN", "CD_REGIA": "2", "NM_REGIA": "Nordeste", "SIGLA_RG": "NE", "CD_CONCU": null, "NM_CONCU": null, "AREA_KM2": 933.73 }, "geometry": { "type": "Polygon", "coordinates": [ [ [ -36.96477, -5.92469 ], [ -36.95907, -5.92827 ], [ -36.95139, -5.92969 ], [ -36.95051, -5.93042 ], [ -36.95033, -5.93161 ], [ -36.95102, -5.93405 ], [ -36.95081, -5.9351 ], [ -36.94736, -5.93702 ], [ -36.9461, -5.93988 ], [ -36.94463, -5.94653 ], [ -36.94426, -5.94724 ], [ -36.94292, -5.94735 ], [ -36.94207, -5.94789 ], [ -36.93976, -5.95171 ], [ -36.93925, -5.95327 ], [ -36.93951, -5.9546 ], [ -36.94114, -5.9571 ], [ -36.9413, -5.95829 ], [ -36.93973, -5.96268 ], [ -36.9366, -5.96835 ], [ -36.93508, -5.96897 ], [ -36.93298, -5.96789 ], [ -36.93193, -5.96822 ], [ -36.92973, -5.97063 ], [ -36.92767, -5.97174 ], [ -36.92662, -5.97179 ], [ -36.92589, -5.97149 ], [ -36.92379, -5.96853 ], [ -36.91894, -5.96569 ], [ -36.91795, -5.96538 ], [ -36.91483, -5.96562 ], [ -36.91404, -5.96599 ], [ -36.91372, -5.96684 ], [ -36.91477, -5.96994 ], [ -36.91438, -5.97105 ], [ -36.91244, -5.97248 ], [ -36.91114, -5.97306 ], [ -36.91058, -5.97317 ], [ -36.90813, -5.97365 ], [ -36.90677, -5.97546 ], [ -36.90468, -5.97576 ], [ -36.90342, -5.97563 ], [ -36.90258, -5.97441 ], [ -36.90136, -5.97403 ], [ -36.89373, -5.97496 ], [ -36.89266, -5.97694 ], [ -36.89225, -5.97715 ], [ -36.88863, -5.97662 ], [ -36.88857, -5.97417 ], [ -36.88784, -5.97366 ], [ -36.88512, -5.97495 ], [ -36.88273, -5.97415 ], [ -36.88178, -5.97423 ], [ -36.88145, -5.97654 ], [ -36.87992, -5.97771 ], [ -36.87701, -5.976 ], [ -36.87311, -5.97642 ], [ -36.87223, -5.97581 ], [ -36.87045, -5.97316 ], [ -36.86949, -5.97269 ], [ -36.86848, -5.97355 ], [ -36.86827, -5.97845 ], [ -36.8679, -5.97966 ], [ -36.86629, -5.98025 ], [ -36.86608, -5.98233 ], [ -36.86519, -5.98244 ], [ -36.86381, -5.98149 ], [ -36.86163, -5.98155 ], [ -36.86085, -5.98395 ], [ -36.85915, -5.98414 ], [ -36.85871, -5.98456 ], [ -36.85875, -5.98716 ], [ -36.85715, -5.98945 ], [ -36.85799, -5.99063 ], [ -36.85628, -5.99291 ], [ -36.85639, -5.99376 ], [ -36.85742, -5.99422 ], [ -36.85726, -5.99472 ], [ -36.85508, -5.99538 ], [ -36.85451, -5.99623 ], [ -36.85419, -5.99922 ], [ -36.85308, -6.00079 ], [ -36.85261, -6.00288 ], [ -36.85047, -6.00615 ], [ -36.84896, -6.01033 ], [ -36.84906, -6.01163 ], [ -36.85028, -6.01423 ], [ -36.85091, -6.0169 ], [ -36.85465, -6.02527 ], [ -36.85451, -6.02751 ], [ -36.85315, -6.03018 ], [ -36.84788, -6.03465 ], [ -36.84806, -6.03621 ], [ -36.8489, -6.03783 ], [ -36.85539, -6.04428 ], [ -36.85872, -6.0458 ], [ -36.86779, -6.04848 ], [ -36.87011, -6.05113 ], [ -36.87142, -6.05364 ], [ -36.86974, -6.06096 ], [ -36.87509, -6.06332 ], [ -36.88531, -6.07114 ], [ -36.89217, -6.07887 ], [ -36.89873, -6.08577 ], [ -36.89935, -6.08592 ], [ -36.91181, -6.08188 ], [ -36.92116, -6.08205 ], [ -36.92557, -6.08378 ], [ -36.93135, -6.08731 ], [ -36.93378, -6.08879 ], [ -36.93393, -6.08888 ], [ -36.93405, -6.08896 ], [ -36.93308, -6.09332 ], [ -36.92446, -6.13199 ], [ -36.91227, -6.13379 ], [ -36.90186, -6.13428 ], [ -36.90051, -6.13566 ], [ -36.89847, -6.14142 ], [ -36.8942, -6.14529 ], [ -36.89314, -6.16149 ], [ -36.89215, -6.17662 ], [ -36.89695, -6.17985 ], [ -36.90058, -6.18072 ], [ -36.90187, -6.18158 ], [ -36.90432, -6.18481 ], [ -36.91148, -6.18634 ], [ -36.91449, -6.18292 ], [ -36.91813, -6.18165 ], [ -36.92168, -6.18146 ], [ -36.92551, -6.18211 ], [ -36.92914, -6.18426 ], [ -36.93458, -6.18835 ], [ -36.93973, -6.18431 ], [ -36.94604, -6.18433 ], [ -36.94861, -6.18541 ], [ -36.95732, -6.19076 ], [ -36.95909, -6.19119 ], [ -36.9681, -6.19072 ], [ -36.97106, -6.1913 ], [ -36.97367, -6.19251 ], [ -36.97722, -6.1972 ], [ -36.97999, -6.20178 ], [ -36.98165, -6.20341 ], [ -36.98466, -6.2052 ], [ -36.98753, -6.20941 ], [ -36.99082, -6.21302 ], [ -37.00312, -6.22169 ], [ -37.01663, -6.22282 ], [ -37.03336, -6.22649 ], [ -37.04513, -6.22404 ], [ -37.04572, -6.22392 ], [ -37.06294, -6.21822 ], [ -37.07008, -6.23748 ], [ -37.07177, -6.23653 ], [ -37.07397, -6.23849 ], [ -37.0757, -6.23813 ], [ -37.07923, -6.23866 ], [ -37.08091, -6.24065 ], [ -37.08163, -6.24064 ], [ -37.08263, -6.23839 ], [ -37.08478, -6.23685 ], [ -37.08542, -6.23494 ], [ -37.08666, -6.23461 ], [ -37.09003, -6.2353 ], [ -37.09352, -6.23182 ], [ -37.09562, -6.23246 ], [ -37.09653, -6.23211 ], [ -37.09709, -6.23119 ], [ -37.09716, -6.22701 ], [ -37.0975, -6.22625 ], [ -37.09923, -6.22437 ], [ -37.10228, -6.2232 ], [ -37.104, -6.22091 ], [ -37.10439, -6.22001 ], [ -37.10448, -6.21942 ], [ -37.10377, -6.21736 ], [ -37.10418, -6.21575 ], [ -37.10594, -6.21484 ], [ -37.11075, -6.21584 ], [ -37.11215, -6.21563 ], [ -37.11311, -6.21544 ], [ -37.11447, -6.21412 ], [ -37.11563, -6.2139 ], [ -37.11612, -6.21344 ], [ -37.11657, -6.21149 ], [ -37.11613, -6.20753 ], [ -37.11657, -6.20619 ], [ -37.11841, -6.20743 ], [ -37.1213, -6.20748 ], [ -37.12329, -6.20599 ], [ -37.1244, -6.20645 ], [ -37.12499, -6.20815 ], [ -37.12635, -6.20922 ], [ -37.12733, -6.20865 ], [ -37.13047, -6.20928 ], [ -37.13166, -6.20877 ], [ -37.13195, -6.20843 ], [ -37.13209, -6.20765 ], [ -37.13171, -6.20544 ], [ -37.13389, -6.20313 ], [ -37.1342, -6.202 ], [ -37.13283, -6.20034 ], [ -37.13267, -6.19932 ], [ -37.13318, -6.19784 ], [ -37.1321, -6.19505 ], [ -37.12951, -6.19326 ], [ -37.1292, -6.19255 ], [ -37.13086, -6.19117 ], [ -37.13267, -6.18804 ], [ -37.13289, -6.18767 ], [ -37.13652, -6.18433 ], [ -37.13694, -6.18313 ], [ -37.13818, -6.18273 ], [ -37.13982, -6.18338 ], [ -37.1406, -6.18307 ], [ -37.14072, -6.18095 ], [ -37.13917, -6.17905 ], [ -37.1332, -6.17545 ], [ -37.13316, -6.17458 ], [ -37.13668, -6.17162 ], [ -37.13723, -6.17075 ], [ -37.13702, -6.16984 ], [ -37.13531, -6.1673 ], [ -37.12968, -6.16131 ], [ -37.12819, -6.15808 ], [ -37.12668, -6.15688 ], [ -37.13027, -6.15601 ], [ -37.13296, -6.15418 ], [ -37.14039, -6.15236 ], [ -37.14341, -6.15085 ], [ -37.14562, -6.1506 ], [ -37.15155, -6.15236 ], [ -37.15533, -6.15208 ], [ -37.15692, -6.15249 ], [ -37.15779, -6.15271 ], [ -37.16091, -6.15225 ], [ -37.16504, -6.15397 ], [ -37.16638, -6.15391 ], [ -37.16893, -6.15084 ], [ -37.17059, -6.15027 ], [ -37.1713, -6.14932 ], [ -37.1718, -6.14638 ], [ -37.17355, -6.14531 ], [ -37.17367, -6.14413 ], [ -37.1751, -6.14218 ], [ -37.17498, -6.13826 ], [ -37.17174, -6.13062 ], [ -37.17097, -6.12006 ], [ -37.17024, -6.11765 ], [ -37.16839, -6.11379 ], [ -37.16699, -6.11039 ], [ -37.16698, -6.11036 ], [ -37.16679, -6.10865 ], [ -37.16767, -6.10585 ], [ -37.17157, -6.1013 ], [ -37.17265, -6.09883 ], [ -37.17264, -6.09856 ], [ -37.17246, -6.09525 ], [ -37.17055, -6.08618 ], [ -37.17056, -6.08306 ], [ -37.17132, -6.07687 ], [ -37.17404, -6.06423 ], [ -37.17557, -6.05494 ], [ -37.17555, -6.05293 ], [ -37.17393, -6.04802 ], [ -37.16262, -6.02218 ], [ -37.16234, -6.02117 ], [ -37.15943, -6.01056 ], [ -37.15901, -6.00903 ], [ -37.15467, -5.99319 ], [ -37.15458, -5.99289 ], [ -37.15457, -5.99285 ], [ -37.15449, -5.99255 ], [ -37.14794, -5.99086 ], [ -37.14329, -5.97921 ], [ -37.13117, -5.96809 ], [ -37.13189, -5.96336 ], [ -37.12869, -5.9564 ], [ -37.12216, -5.95487 ], [ -37.06692, -5.9846 ], [ -37.06688, -5.98449 ], [ -37.06225, -5.97064 ], [ -37.05283, -5.94256 ], [ -37.03558, -5.89107 ], [ -37.03547, -5.89074 ], [ -37.03072, -5.88848 ], [ -37.02651, -5.88479 ], [ -37.01976, -5.87681 ], [ -37.01536, -5.87085 ], [ -37.01449, -5.86519 ], [ -37.01173, -5.8584 ], [ -37.00966, -5.83712 ], [ -37.00622, -5.83149 ], [ -37.00211, -5.8271 ], [ -36.99004, -5.8172 ], [ -36.98514, -5.81538 ], [ -36.9774, -5.81362 ], [ -36.9668, -5.84098 ], [ -36.96603, -5.8463 ], [ -36.96051, -5.84988 ], [ -36.95971, -5.85291 ], [ -36.95889, -5.85385 ], [ -36.95671, -5.85391 ], [ -36.95502, -5.85556 ], [ -36.95457, -5.856 ], [ -36.9534, -5.85614 ], [ -36.95209, -5.85552 ], [ -36.95046, -5.8553 ], [ -36.95038, -5.85533 ], [ -36.94775, -5.85652 ], [ -36.94453, -5.85798 ], [ -36.94202, -5.85836 ], [ -36.94032, -5.86147 ], [ -36.93763, -5.86384 ], [ -36.9368, -5.86588 ], [ -36.93697, -5.86843 ], [ -36.93801, -5.8707 ], [ -36.94092, -5.87298 ], [ -36.94378, -5.87396 ], [ -36.95047, -5.87881 ], [ -36.95517, -5.88433 ], [ -36.95656, -5.88887 ], [ -36.95787, -5.89642 ], [ -36.95949, -5.89926 ], [ -36.96101, -5.90028 ], [ -36.96958, -5.90242 ], [ -36.97225, -5.90481 ], [ -36.97358, -5.90918 ], [ -36.9731, -5.91281 ], [ -36.96964, -5.91852 ], [ -36.96477, -5.92469 ] ] ] } },
{ "type": "Feature", "properties": { "CD_MUN": "2403707", "NM_MUN": "Felipe Guerra", "CD_RGI": "240009", "NM_RGI": "Mossoró", "CD_RGINT": "2403", "NM_RGINT": "Mossoró", "CD_UF": "24", "NM_UF": "Rio Grande do Norte", "SIGLA_UF": "RN", "CD_REGIA": "2", "NM_REGIA": "Nordeste", "SIGLA_RG": "NE", "CD_CONCU": null, "NM_CONCU": null, "AREA_KM2": 292.177 }, "geometry": { "type": "Polygon", "coordinates": [ [ [ -37.57856, -5.5716 ], [ -37.57864, -5.57201 ], [ -37.57864, -5.57201 ], [ -37.57871, -5.57236 ], [ -37.58389, -5.57568 ], [ -37.65824, -5.6233 ], [ -37.67298, -5.63274 ], [ -37.67337, -5.63299 ], [ -37.67333, -5.63321 ], [ -37.6738, -5.63332 ], [ -37.67392, -5.63334 ], [ -37.67421, -5.63353 ], [ -37.67435, -5.63348 ], [ -37.67444, -5.63368 ], [ -37.6745, -5.63378 ], [ -37.67456, -5.63393 ], [ -37.67458, -5.63405 ], [ -37.67462, -5.63413 ], [ -37.67496, -5.63411 ], [ -37.67504, -5.63406 ], [ -37.67537, -5.63427 ], [ -37.67616, -5.63478 ], [ -37.6762, -5.63476 ], [ -37.69952, -5.61991 ], [ -37.70165, -5.61855 ], [ -37.70267, -5.6179 ], [ -37.71842, -5.60787 ], [ -37.73388, -5.59704 ], [ -37.76106, -5.57801 ], [ -37.76144, -5.57774 ], [ -37.71162, -5.50929 ], [ -37.69168, -5.48189 ], [ -37.65566, -5.43239 ], [ -37.64364, -5.41588 ], [ -37.6431, -5.41639 ], [ -37.56239, -5.4923 ], [ -37.57046, -5.53188 ], [ -37.57856, -5.5716 ] ] ] } },
{ "type": "Feature", "properties": { "CD_MUN": "2403756", "NM_MUN": "Fernando Pedroza", "CD_RGI": "240011", "NM_RGI": "Açu", "CD_RGINT": "2403", "NM_RGINT": "Mossoró", "CD_UF": "24", "NM_UF": "Rio Grande do Norte", "SIGLA_UF": "RN", "CD_REGIA": "2", "NM_REGIA": "Nordeste", "SIGLA_RG": "NE", "CD_CONCU": null, "NM_CONCU": null, "AREA_KM2": 322.628 }, "geometry": { "type": "Polygon", "coordinates": [ [ [ -36.53846, -5.7022 ], [ -36.539, -5.70178 ], [ -36.5382, -5.69851 ], [ -36.53739, -5.69789 ], [ -36.53552, -5.69645 ], [ -36.53474, -5.6952 ], [ -36.5341, -5.69401 ], [ -36.53249, -5.69097 ], [ -36.52333, -5.69107 ], [ -36.52384, -5.69963 ], [ -36.52023, -5.69939 ], [ -36.51117, -5.69932 ], [ -36.501, -5.69872 ], [ -36.49407, -5.6982 ], [ -36.48902, -5.69727 ], [ -36.48731, -5.6972 ], [ -36.4855, -5.69731 ], [ -36.48513, -5.69758 ], [ -36.48348, -5.70118 ], [ -36.48297, -5.70194 ], [ -36.48247, -5.70239 ], [ -36.48127, -5.70295 ], [ -36.4792, -5.70368 ], [ -36.47783, -5.7037 ], [ -36.47656, -5.70348 ], [ -36.47072, -5.70184 ], [ -36.46399, -5.70134 ], [ -36.46131, -5.70129 ], [ -36.45801, -5.70091 ], [ -36.44603, -5.69867 ], [ -36.44421, -5.69858 ], [ -36.43571, -5.70128 ], [ -36.42502, -5.70512 ], [ -36.42317, -5.70555 ], [ -36.41209, -5.70561 ], [ -36.40516, -5.70583 ], [ -36.40251, -5.70552 ], [ -36.39913, -5.70483 ], [ -36.39639, -5.70521 ], [ -36.3949, -5.70589 ], [ -36.39382, -5.70617 ], [ -36.39242, -5.70627 ], [ -36.39056, -5.70623 ], [ -36.38623, -5.70553 ], [ -36.38482, -5.70559 ], [ -36.3826, -5.70612 ], [ -36.37845, -5.70661 ], [ -36.37518, -5.70764 ], [ -36.37433, -5.7081 ], [ -36.37081, -5.70902 ], [ -36.36686, -5.70827 ], [ -36.36444, -5.7073 ], [ -36.36351, -5.70729 ], [ -36.36188, -5.70793 ], [ -36.3611, -5.70876 ], [ -36.36035, -5.71005 ], [ -36.3587, -5.71444 ], [ -36.35739, -5.71656 ], [ -36.35656, -5.7173 ], [ -36.35478, -5.71784 ], [ -36.35142, -5.71825 ], [ -36.34915, -5.71813 ], [ -36.34642, -5.71733 ], [ -36.34494, -5.71713 ], [ -36.34099, -5.71716 ], [ -36.34006, -5.71733 ], [ -36.33684, -5.71878 ], [ -36.3345, -5.71898 ], [ -36.33241, -5.71881 ], [ -36.32972, -5.72035 ], [ -36.32809, -5.72099 ], [ -36.32568, -5.72145 ], [ -36.3227, -5.72124 ], [ -36.31974, -5.72 ], [ -36.3191, -5.71992 ], [ -36.31814, -5.71995 ], [ -36.31572, -5.72051 ], [ -36.31469, -5.72045 ], [ -36.31317, -5.72003 ], [ -36.31097, -5.71879 ], [ -36.31031, -5.71803 ], [ -36.30909, -5.71434 ], [ -36.30792, -5.71261 ], [ -36.30761, -5.71159 ], [ -36.30771, -5.70966 ], [ -36.30751, -5.70882 ], [ -36.30697, -5.70804 ], [ -36.30623, -5.70745 ], [ -36.30057, -5.70678 ], [ -36.29774, -5.70612 ], [ -36.29357, -5.70633 ], [ -36.29214, -5.70587 ], [ -36.29085, -5.70595 ], [ -36.28955, -5.70678 ], [ -36.28716, -5.70939 ], [ -36.286, -5.7109 ], [ -36.28299, -5.71257 ], [ -36.27957, -5.71407 ], [ -36.27888, -5.71416 ], [ -36.27688, -5.71349 ], [ -36.27613, -5.71284 ], [ -36.27522, -5.71103 ], [ -36.27459, -5.71022 ], [ -36.27355, -5.70929 ], [ -36.28475, -5.85929 ], [ -36.35636, -5.84904 ], [ -36.38922, -5.79538 ], [ -36.43305, -5.78098 ], [ -36.50917, -5.75594 ], [ -36.51613, -5.76049 ], [ -36.52203, -5.76389 ], [ -36.52519, -5.7653 ], [ -36.55039, -5.76937 ], [ -36.56485, -5.75721 ], [ -36.56793, -5.75759 ], [ -36.53846, -5.7022 ] ] ] } },
{ "type": "Feature", "properties": { "CD_MUN": "2406155", "NM_MUN": "Jundiá", "CD_RGI": "240001", "NM_RGI": "Natal", "CD_RGINT": "2401", "NM_RGINT": "Natal", "CD_UF": "24", "NM_UF": "Rio Grande do Norte", "SIGLA_UF": "RN", "CD_REGIA": "2", "NM_REGIA": "Nordeste", "SIGLA_RG": "NE", "CD_CONCU": null, "NM_CONCU": null, "AREA_KM2": 44.641 }, "geometry": { "type": "Polygon", "coordinates": [ [ [ -35.35759, -6.27458 ], [ -35.35748, -6.27422 ], [ -35.35312, -6.2457 ], [ -35.34993, -6.22488 ], [ -35.34946, -6.22313 ], [ -35.34837, -6.22106 ], [ -35.3479, -6.21956 ], [ -35.3477, -6.21817 ], [ -35.34697, -6.21677 ], [ -35.34677, -6.21591 ], [ -35.34541, -6.21184 ], [ -35.34513, -6.20879 ], [ -35.34562, -6.20727 ], [ -35.34527, -6.20615 ], [ -35.34519, -6.20588 ], [ -35.34519, -6.20588 ], [ -35.34508, -6.20541 ], [ -35.34499, -6.20454 ], [ -35.34495, -6.20412 ], [ -35.34492, -6.20374 ], [ -35.34492, -6.20373 ], [ -35.34513, -6.20365 ], [ -35.34513, -6.20358 ], [ -35.34511, -6.20281 ], [ -35.34573, -6.19841 ], [ -35.34579, -6.19711 ], [ -35.34543, -6.19532 ], [ -35.34528, -6.19508 ], [ -35.34434, -6.19347 ], [ -35.34174, -6.19031 ], [ -35.33937, -6.18545 ], [ -35.31896, -6.19096 ], [ -35.31922, -6.19121 ], [ -35.31942, -6.19169 ], [ -35.32013, -6.19272 ], [ -35.32044, -6.19406 ], [ -35.32085, -6.19499 ], [ -35.32105, -6.19617 ], [ -35.32104, -6.19687 ], [ -35.32055, -6.198 ], [ -35.32066, -6.19845 ], [ -35.32259, -6.20248 ], [ -35.32315, -6.20405 ], [ -35.32421, -6.20553 ], [ -35.32458, -6.20639 ], [ -35.32436, -6.20807 ], [ -35.32472, -6.20916 ], [ -35.32477, -6.20965 ], [ -35.32461, -6.21059 ], [ -35.32597, -6.22826 ], [ -35.32444, -6.23277 ], [ -35.32402, -6.23399 ], [ -35.32358, -6.2565 ], [ -35.32347, -6.2577 ], [ -35.32347, -6.25834 ], [ -35.32387, -6.25954 ], [ -35.32388, -6.26003 ], [ -35.32308, -6.26147 ], [ -35.32311, -6.26199 ], [ -35.3233, -6.26281 ], [ -35.32361, -6.26342 ], [ -35.3236, -6.26662 ], [ -35.32316, -6.26912 ], [ -35.32324, -6.27113 ], [ -35.32334, -6.2716 ], [ -35.32335, -6.27164 ], [ -35.33252, -6.31114 ], [ -35.33313, -6.31379 ], [ -35.33378, -6.31375 ], [ -35.3343, -6.31382 ], [ -35.33721, -6.31488 ], [ -35.34006, -6.31498 ], [ -35.34221, -6.31526 ], [ -35.34551, -6.31522 ], [ -35.34726, -6.31465 ], [ -35.34893, -6.31451 ], [ -35.35211, -6.31267 ], [ -35.35553, -6.30995 ], [ -35.35667, -6.30955 ], [ -35.35863, -6.30811 ], [ -35.35969, -6.30787 ], [ -35.36067, -6.30794 ], [ -35.36425, -6.30428 ], [ -35.36677, -6.30133 ], [ -35.36746, -6.29988 ], [ -35.36739, -6.29872 ], [ -35.36697, -6.29855 ], [ -35.36637, -6.2989 ], [ -35.36535, -6.29887 ], [ -35.36497, -6.29859 ], [ -35.36494, -6.29816 ], [ -35.36608, -6.29659 ], [ -35.36604, -6.29611 ], [ -35.36587, -6.29574 ], [ -35.36618, -6.29517 ], [ -35.36627, -6.29474 ], [ -35.36624, -6.29428 ], [ -35.36546, -6.29247 ], [ -35.36582, -6.29141 ], [ -35.36579, -6.29098 ], [ -35.36431, -6.28948 ], [ -35.36397, -6.28934 ], [ -35.3636, -6.28934 ], [ -35.36308, -6.28878 ], [ -35.36262, -6.28849 ], [ -35.36251, -6.28815 ], [ -35.36259, -6.28778 ], [ -35.36282, -6.28758 ], [ -35.36313, -6.28701 ], [ -35.36313, -6.28644 ], [ -35.36272, -6.28459 ], [ -35.36289, -6.28334 ], [ -35.36285, -6.28285 ], [ -35.36265, -6.28254 ], [ -35.3622, -6.28232 ], [ -35.36225, -6.28098 ], [ -35.36221, -6.28091 ], [ -35.36196, -6.28044 ], [ -35.36116, -6.2797 ], [ -35.36099, -6.27933 ], [ -35.36101, -6.27853 ], [ -35.3607, -6.27836 ], [ -35.36044, -6.27754 ], [ -35.3601, -6.27697 ], [ -35.35952, -6.27643 ], [ -35.3589, -6.27612 ], [ -35.35775, -6.27508 ], [ -35.35759, -6.27458 ] ] ] } },
{ "type": "Feature", "properties": { "CD_MUN": "2409209", "NM_MUN": "Passagem", "CD_RGI": "240002", "NM_RGI": "Santo Antônio - Passa e Fica - Nova Cruz", "CD_RGINT": "2401", "NM_RGINT": "Natal", "CD_UF": "24", "NM_UF": "Rio Grande do Norte", "SIGLA_UF": "RN", "CD_REGIA": "2", "NM_REGIA": "Nordeste", "SIGLA_RG": "NE", "CD_CONCU": null, "NM_CONCU": null, "AREA_KM2": 41.215 }, "geometry": { "type": "Polygon", "coordinates": [ [ [ -35.40515, -6.26353 ], [ -35.40435, -6.26125 ], [ -35.40444, -6.26008 ], [ -35.40399, -6.25845 ], [ -35.40194, -6.25514 ], [ -35.40149, -6.25415 ], [ -35.40109, -6.25244 ], [ -35.40113, -6.25091 ], [ -35.40167, -6.24848 ], [ -35.40166, -6.24622 ], [ -35.40138, -6.24545 ], [ -35.40136, -6.24539 ], [ -35.40113, -6.24541 ], [ -35.39487, -6.24605 ], [ -35.35813, -6.24981 ], [ -35.3696, -6.2774 ], [ -35.38848, -6.32285 ], [ -35.39009, -6.32244 ], [ -35.39364, -6.32202 ], [ -35.40304, -6.32046 ], [ -35.4129, -6.3197 ], [ -35.42535, -6.31936 ], [ -35.42555, -6.28058 ], [ -35.42263, -6.27557 ], [ -35.42262, -6.27556 ], [ -35.42206, -6.27514 ], [ -35.42102, -6.27438 ], [ -35.42038, -6.27373 ], [ -35.42094, -6.27323 ], [ -35.41735, -6.27154 ], [ -35.41507, -6.26977 ], [ -35.41195, -6.26862 ], [ -35.4108, -6.26773 ], [ -35.40986, -6.26635 ], [ -35.40897, -6.26561 ], [ -35.40827, -6.2651 ], [ -35.40589, -6.26407 ], [ -35.40515, -6.26353 ] ] ] } },
{ "type": "Feature", "properties": { "CD_MUN": "2407906", "NM_MUN": "Monte das Gameleiras", "CD_RGI": "240002", "NM_RGI": "Santo Antônio - Passa e Fica - Nova Cruz", "CD_RGINT": "2401", "NM_RGINT": "Natal", "CD_UF": "24", "NM_UF": "Rio Grande do Norte", "SIGLA_UF": "RN", "CD_REGIA": "2", "NM_REGIA": "Nordeste", "SIGLA_RG": "NE", "CD_CONCU": null, "NM_CONCU": null, "AREA_KM2": 71.946 }, "geometry": { "type": "Polygon", "coordinates": [ [ [ -35.78934, -6.4783 ], [ -35.79005, -6.47792 ], [ -35.8387, -6.45258 ], [ -35.84608, -6.45241 ], [ -35.8481, -6.45166 ], [ -35.8495, -6.44772 ], [ -35.84996, -6.44071 ], [ -35.84727, -6.43987 ], [ -35.84727, -6.43913 ], [ -35.84803, -6.43806 ], [ -35.85457, -6.43452 ], [ -35.84806, -6.41335 ], [ -35.84781, -6.41253 ], [ -35.84479, -6.40271 ], [ -35.84574, -6.40079 ], [ -35.84743, -6.39949 ], [ -35.84773, -6.39385 ], [ -35.84676, -6.38812 ], [ -35.84499, -6.3843 ], [ -35.84344, -6.37777 ], [ -35.7914, -6.39999 ], [ -35.77345, -6.40764 ], [ -35.76468, -6.41861 ], [ -35.76486, -6.42041 ], [ -35.76497, -6.42156 ], [ -35.76632, -6.43524 ], [ -35.76644, -6.43641 ], [ -35.76648, -6.44306 ], [ -35.76648, -6.44371 ], [ -35.77298, -6.45083 ], [ -35.77623, -6.45099 ], [ -35.77574, -6.45241 ], [ -35.77622, -6.45575 ], [ -35.77469, -6.45818 ], [ -35.77437, -6.46141 ], [ -35.77463, -6.46795 ], [ -35.7758, -6.47144 ], [ -35.77581, -6.47267 ], [ -35.77479, -6.47514 ], [ -35.77332, -6.48284 ], [ -35.77993, -6.48328 ], [ -35.78934, -6.4783 ] ] ] } },
{ "type": "Feature", "properties": { "CD_MUN": "2410702", "NM_MUN": "Riacho da Cruz", "CD_RGI": "240010", "NM_RGI": "Pau dos Ferros", "CD_RGINT": "2403", "NM_RGINT": "Mossoró", "CD_UF": "24", "NM_UF": "Rio Grande do Norte", "SIGLA_UF": "RN", "CD_REGIA": "2", "NM_REGIA": "Nordeste", "SIGLA_RG": "NE", "CD_CONCU": null, "NM_CONCU": null, "AREA_KM2": 127.223 }, "geometry": { "type": "Polygon", "coordinates": [ [ [ -37.9168, -5.85491 ], [ -37.91544, -5.88151 ], [ -37.91495, -5.88337 ], [ -37.91447, -5.88428 ], [ -37.91349, -5.8847 ], [ -37.91332, -5.8853 ], [ -37.91344, -5.88595 ], [ -37.91407, -5.88655 ], [ -37.91453, -5.88735 ], [ -37.91494, -5.8886 ], [ -37.91582, -5.88908 ], [ -37.91563, -5.89138 ], [ -37.91675, -5.89234 ], [ -37.9167, -5.89301 ], [ -37.91609, -5.89362 ], [ -37.91602, -5.89473 ], [ -37.91704, -5.89576 ], [ -37.91712, -5.89647 ], [ -37.91625, -5.89728 ], [ -37.91419, -5.8984 ], [ -37.91285, -5.89954 ], [ -37.91254, -5.90065 ], [ -37.91312, -5.90123 ], [ -37.9136, -5.9024 ], [ -37.91315, -5.90353 ], [ -37.91244, -5.91044 ], [ -37.9127, -5.91373 ], [ -37.91202, -5.91406 ], [ -37.91032, -5.91687 ], [ -37.90788, -5.91783 ], [ -37.90639, -5.92202 ], [ -37.90349, -5.92431 ], [ -37.90118, -5.92719 ], [ -37.89918, -5.92724 ], [ -37.89742, -5.9279 ], [ -37.89737, -5.92919 ], [ -37.90005, -5.93128 ], [ -37.90017, -5.9318 ], [ -37.89963, -5.93422 ], [ -37.89819, -5.93632 ], [ -37.89803, -5.93792 ], [ -37.89684, -5.9398 ], [ -37.89608, -5.94102 ], [ -37.90098, -5.94469 ], [ -37.92119, -5.9598 ], [ -37.95359, -5.95586 ], [ -37.97048, -5.95656 ], [ -37.97135, -5.95851 ], [ -37.9725, -5.95995 ], [ -37.97425, -5.96134 ], [ -37.97592, -5.9615 ], [ -37.97777, -5.96145 ], [ -37.97993, -5.96106 ], [ -37.98032, -5.96113 ], [ -37.98186, -5.96238 ], [ -37.98231, -5.96294 ], [ -37.98279, -5.96397 ], [ -37.98294, -5.96611 ], [ -37.98374, -5.96744 ], [ -37.98355, -5.96782 ], [ -37.98281, -5.96849 ], [ -37.98319, -5.97018 ], [ -37.98313, -5.97111 ], [ -37.98274, -5.97155 ], [ -37.98274, -5.97199 ], [ -37.98335, -5.97298 ], [ -37.98556, -5.97559 ], [ -37.98768, -5.97712 ], [ -37.9898, -5.97825 ], [ -37.99153, -5.97875 ], [ -37.9932, -5.97876 ], [ -37.99417, -5.97795 ], [ -37.9952, -5.97604 ], [ -37.99508, -5.97217 ], [ -37.99527, -5.9713 ], [ -37.99611, -5.97105 ], [ -37.99823, -5.97124 ], [ -37.99835, -5.97227 ], [ -37.99874, -5.97265 ], [ -38.00022, -5.97271 ], [ -38.00504, -5.97216 ], [ -38.00619, -5.97185 ], [ -38.00684, -5.9706 ], [ -38.00723, -5.96589 ], [ -38.00756, -5.96395 ], [ -38.00872, -5.9632 ], [ -38.01013, -5.96289 ], [ -38.01141, -5.96321 ], [ -38.01334, -5.96411 ], [ -38.01398, -5.96505 ], [ -38.01385, -5.96661 ], [ -38.01301, -5.9683 ], [ -38.01121, -5.97092 ], [ -38.00915, -5.9731 ], [ -38.00644, -5.97475 ], [ -38.00529, -5.97481 ], [ -38.00458, -5.97512 ], [ -38.0042, -5.97575 ], [ -38.00445, -5.97743 ], [ -38.00432, -5.97825 ], [ -38.00387, -5.97937 ], [ -38.00206, -5.98221 ], [ -38.00224, -5.98284 ], [ -38.00226, -5.9829 ], [ -38.00322, -5.98327 ], [ -38.00553, -5.98184 ], [ -38.00676, -5.98034 ], [ -38.00734, -5.97991 ], [ -38.00798, -5.98013 ], [ -38.00811, -5.98075 ], [ -38.00753, -5.98162 ], [ -38.00785, -5.98206 ], [ -38.00855, -5.98206 ], [ -38.00898, -5.98171 ], [ -38.01029, -5.98063 ], [ -38.01113, -5.98057 ], [ -38.01138, -5.98082 ], [ -38.01099, -5.983 ], [ -38.01119, -5.98341 ], [ -38.01221, -5.98316 ], [ -38.01395, -5.98242 ], [ -38.01549, -5.98136 ], [ -38.01601, -5.98011 ], [ -38.01531, -5.97605 ], [ -38.01564, -5.97558 ], [ -38.01634, -5.97552 ], [ -38.02251, -5.98773 ], [ -38.0234, -5.98903 ], [ -38.02629, -5.99105 ], [ -38.0449, -5.93566 ], [ -38.04118, -5.93449 ], [ -38.04069, -5.93461 ], [ -38.038, -5.93669 ], [ -38.03718, -5.93688 ], [ -38.0358, -5.93682 ], [ -38.03476, -5.9363 ], [ -38.03298, -5.93455 ], [ -38.03147, -5.93268 ], [ -38.03103, -5.93176 ], [ -38.03136, -5.93018 ], [ -38.03254, -5.92833 ], [ -38.03285, -5.92645 ], [ -38.03272, -5.92582 ], [ -38.0322, -5.92506 ], [ -38.03062, -5.92342 ], [ -38.02998, -5.92309 ], [ -38.02227, -5.92259 ], [ -38.01953, -5.92198 ], [ -38.01779, -5.92099 ], [ -38.01352, -5.9179 ], [ -38.00934, -5.91558 ], [ -38.00783, -5.91393 ], [ -38.00671, -5.9119 ], [ -38.00377, -5.90858 ], [ -38.00272, -5.90658 ], [ -38.00226, -5.90471 ], [ -38.00086, -5.90278 ], [ -37.99956, -5.90196 ], [ -37.99982, -5.90149 ], [ -37.99379, -5.89602 ], [ -37.99155, -5.89437 ], [ -37.9902, -5.89313 ], [ -37.98882, -5.89153 ], [ -37.9883, -5.89058 ], [ -37.98799, -5.88931 ], [ -37.9877, -5.88651 ], [ -37.98735, -5.88553 ], [ -37.98681, -5.88496 ], [ -37.98618, -5.88463 ], [ -37.98356, -5.88436 ], [ -37.98213, -5.88442 ], [ -37.98075, -5.884 ], [ -37.9782, -5.8824 ], [ -37.97648, -5.88157 ], [ -37.97256, -5.87829 ], [ -37.96489, -5.87545 ], [ -37.9603, -5.87267 ], [ -37.95931, -5.87222 ], [ -37.9569, -5.87044 ], [ -37.951, -5.8635 ], [ -37.95026, -5.86248 ], [ -37.94858, -5.86099 ], [ -37.94539, -5.86062 ], [ -37.94234, -5.85887 ], [ -37.9384, -5.85696 ], [ -37.93694, -5.85668 ], [ -37.93521, -5.85673 ], [ -37.93312, -5.8571 ], [ -37.93175, -5.85686 ], [ -37.93019, -5.85622 ], [ -37.92913, -5.85552 ], [ -37.92794, -5.85445 ], [ -37.92709, -5.85397 ], [ -37.92516, -5.85327 ], [ -37.91991, -5.85312 ], [ -37.91711, -5.8527 ], [ -37.91691, -5.85267 ], [ -37.9168, -5.85491 ] ] ] } },
{ "type": "Feature", "properties": { "CD_MUN": "2402402", "NM_MUN": "Carnaúba dos Dantas", "CD_RGI": "240008", "NM_RGI": "Currais Novos", "CD_RGINT": "2402", "NM_RGINT": "Caicó", "CD_UF": "24", "NM_UF": "Rio Grande do Norte", "SIGLA_UF": "RN", "CD_REGIA": "2", "NM_REGIA": "Nordeste", "SIGLA_RG": "NE", "CD_CONCU": null, "NM_CONCU": null, "AREA_KM2": 246.308 }, "geometry": { "type": "Polygon", "coordinates": [ [ [ -36.5673, -6.5995 ], [ -36.56732, -6.59949 ], [ -36.56827, -6.59892 ], [ -36.56965, -6.59873 ], [ -36.56984, -6.5974 ], [ -36.57549, -6.59793 ], [ -36.58751, -6.5848 ], [ -36.61214, -6.58509 ], [ -36.61667, -6.58704 ], [ -36.62403, -6.59217 ], [ -36.62671, -6.5928 ], [ -36.62872, -6.59229 ], [ -36.63114, -6.59083 ], [ -36.63641, -6.5924 ], [ -36.63683, -6.59233 ], [ -36.63797, -6.59214 ], [ -36.6393, -6.59133 ], [ -36.63966, -6.59088 ], [ -36.64039, -6.58992 ], [ -36.64723, -6.58502 ], [ -36.64744, -6.58506 ], [ -36.65156, -6.58581 ], [ -36.67975, -6.57935 ], [ -36.67532, -6.57697 ], [ -36.66561, -6.56357 ], [ -36.65843, -6.5546 ], [ -36.65108, -6.53913 ], [ -36.6481, -6.53287 ], [ -36.64261, -6.53503 ], [ -36.63657, -6.52806 ], [ -36.63314, -6.5275 ], [ -36.63092, -6.52634 ], [ -36.62948, -6.52262 ], [ -36.62697, -6.51959 ], [ -36.62318, -6.51671 ], [ -36.62307, -6.51556 ], [ -36.62434, -6.51427 ], [ -36.6258, -6.51126 ], [ -36.61169, -6.49864 ], [ -36.59709, -6.48833 ], [ -36.59459, -6.48546 ], [ -36.59017, -6.48547 ], [ -36.58707, -6.48416 ], [ -36.58535, -6.48204 ], [ -36.58132, -6.47432 ], [ -36.57978, -6.47291 ], [ -36.57843, -6.47304 ], [ -36.57317, -6.4765 ], [ -36.56785, -6.47807 ], [ -36.56052, -6.47959 ], [ -36.55935, -6.47824 ], [ -36.55862, -6.47818 ], [ -36.55607, -6.48131 ], [ -36.55357, -6.48195 ], [ -36.55145, -6.48408 ], [ -36.5505, -6.48403 ], [ -36.54991, -6.48298 ], [ -36.54904, -6.4829 ], [ -36.54623, -6.48364 ], [ -36.54567, -6.48415 ], [ -36.54325, -6.48276 ], [ -36.54123, -6.48297 ], [ -36.53671, -6.48117 ], [ -36.52821, -6.47928 ], [ -36.52665, -6.48447 ], [ -36.52718, -6.4915 ], [ -36.52731, -6.49324 ], [ -36.52585, -6.50116 ], [ -36.52269, -6.50211 ], [ -36.51927, -6.50255 ], [ -36.51647, -6.50291 ], [ -36.51123, -6.50607 ], [ -36.50043, -6.51351 ], [ -36.49655, -6.51504 ], [ -36.48859, -6.51643 ], [ -36.48263, -6.51954 ], [ -36.48153, -6.52063 ], [ -36.48096, -6.52308 ], [ -36.48123, -6.53278 ], [ -36.48075, -6.53533 ], [ -36.47927, -6.53987 ], [ -36.47811, -6.54199 ], [ -36.47562, -6.54493 ], [ -36.47154, -6.54835 ], [ -36.46919, -6.5491 ], [ -36.4627, -6.55025 ], [ -36.46226, -6.55033 ], [ -36.4545, -6.55171 ], [ -36.44917, -6.55391 ], [ -36.44597, -6.5562 ], [ -36.44439, -6.55832 ], [ -36.44339, -6.56068 ], [ -36.44223, -6.56471 ], [ -36.44123, -6.57376 ], [ -36.4407, -6.58698 ], [ -36.44107, -6.59104 ], [ -36.44145, -6.5951 ], [ -36.44115, -6.60002 ], [ -36.43923, -6.61271 ], [ -36.43586, -6.62588 ], [ -36.43628, -6.62822 ], [ -36.43822, -6.62928 ], [ -36.44302, -6.62743 ], [ -36.44428, -6.62628 ], [ -36.44935, -6.6242 ], [ -36.45316, -6.62604 ], [ -36.45399, -6.6266 ], [ -36.45829, -6.63397 ], [ -36.45915, -6.63447 ], [ -36.46052, -6.63439 ], [ -36.46294, -6.63245 ], [ -36.4664, -6.62845 ], [ -36.46876, -6.6243 ], [ -36.47171, -6.61655 ], [ -36.47348, -6.61441 ], [ -36.47713, -6.61258 ], [ -36.48313, -6.6114 ], [ -36.485, -6.6108 ], [ -36.48929, -6.60786 ], [ -36.49377, -6.60355 ], [ -36.49844, -6.60296 ], [ -36.50202, -6.60148 ], [ -36.50567, -6.59704 ], [ -36.50796, -6.59545 ], [ -36.51166, -6.59441 ], [ -36.51381, -6.59439 ], [ -36.51877, -6.59569 ], [ -36.52191, -6.59709 ], [ -36.52454, -6.59965 ], [ -36.52448, -6.60109 ], [ -36.52301, -6.60282 ], [ -36.52124, -6.60698 ], [ -36.52074, -6.6106 ], [ -36.52704, -6.6088 ], [ -36.52835, -6.60792 ], [ -36.53245, -6.60706 ], [ -36.53499, -6.60773 ], [ -36.53728, -6.60715 ], [ -36.5414, -6.60753 ], [ -36.54595, -6.60706 ], [ -36.55003, -6.60802 ], [ -36.55113, -6.60758 ], [ -36.5521, -6.60509 ], [ -36.55535, -6.60439 ], [ -36.55721, -6.60025 ], [ -36.56122, -6.5989 ], [ -36.56231, -6.59785 ], [ -36.56369, -6.59811 ], [ -36.56489, -6.59929 ], [ -36.56654, -6.59996 ], [ -36.5673, -6.5995 ] ] ] } },
{ "type": "Feature", "properties": { "CD_MUN": "2401107", "NM_MUN": "Areia Branca", "CD_RGI": "240009", "NM_RGI": "Mossoró", "CD_RGINT": "2403", "NM_RGINT": "Mossoró", "CD_UF": "24", "NM_UF": "Rio Grande do Norte", "SIGLA_UF": "RN", "CD_REGIA": "2", "NM_REGIA": "Nordeste", "SIGLA_RG": "NE", "CD_CONCU": null, "NM_CONCU": null, "AREA_KM2": 342.749 }, "geometry": { "type": "MultiPolygon", "coordinates": [ [ [ [ -37.15277, -5.07479 ], [ -37.15248, -5.07294 ], [ -37.15193, -5.07109 ], [ -37.14994, -5.069 ], [ -37.14971, -5.06875 ], [ -37.14918, -5.06773 ], [ -37.14851, -5.06554 ], [ -37.14806, -5.06112 ], [ -37.14869, -5.06039 ], [ -37.15039, -5.05918 ], [ -37.1517, -5.05719 ], [ -37.15205, -5.05569 ], [ -37.1527, -5.05441 ], [ -37.15281, -5.05421 ], [ -37.15295, -5.05394 ], [ -37.15325, -5.0504 ], [ -37.15311, -5.0484 ], [ -37.15219, -5.04704 ], [ -37.15019, -5.04485 ], [ -37.14865, -5.04382 ], [ -37.1485, -5.04373 ], [ -37.14686, -5.04299 ], [ -37.14333, -5.04255 ], [ -37.14226, -5.04152 ], [ -37.14178, -5.04069 ], [ -37.14128, -5.03808 ], [ -37.14091, -5.03805 ], [ -37.14065, -5.03803 ], [ -37.1393, -5.03759 ], [ -37.13921, -5.03755 ], [ -37.13819, -5.037 ], [ -37.13659, -5.03535 ], [ -37.13489, -5.03329 ], [ -37.13445, -5.0325 ], [ -37.13335, -5.03167 ], [ -37.13176, -5.03049 ], [ -37.13148, -5.02977 ], [ -37.13139, -5.02837 ], [ -37.13132, -5.02718 ], [ -37.13091, -5.02578 ], [ -37.13091, -5.02527 ], [ -37.13103, -5.02493 ], [ -37.1317, -5.02465 ], [ -37.132, -5.02435 ], [ -37.13132, -5.02195 ], [ -37.13137, -5.02132 ], [ -37.13245, -5.01947 ], [ -37.13267, -5.0183 ], [ -37.13224, -5.01174 ], [ -37.13342, -5.00924 ], [ -37.13665, -5.00505 ], [ -37.13499, -5.00364 ], [ -37.13231, -5.00038 ], [ -37.13165, -4.99858 ], [ -37.13105, -4.99458 ], [ -37.13119, -4.99243 ], [ -37.13209, -4.99063 ], [ -37.13371, -4.98907 ], [ -37.13669, -4.98711 ], [ -37.14144, -4.98492 ], [ -37.14533, -4.98251 ], [ -37.14691, -4.98028 ], [ -37.14743, -4.97796 ], [ -37.14734, -4.97517 ], [ -37.14652, -4.97183 ], [ -37.14454, -4.96699 ], [ -37.14335, -4.96508 ], [ -37.14112, -4.96151 ], [ -37.13858, -4.95743 ], [ -37.13827, -4.95694 ], [ -37.13731, -4.9535 ], [ -37.13732, -4.95282 ], [ -37.13732, -4.9509 ], [ -37.13736, -4.95075 ], [ -37.13769, -4.9497 ], [ -37.13797, -4.94876 ], [ -37.13856, -4.94795 ], [ -37.1374, -4.94726 ], [ -37.13844, -4.94554 ], [ -37.13943, -4.94453 ], [ -37.1401, -4.94384 ], [ -37.14093, -4.94326 ], [ -37.14195, -4.94259 ], [ -37.14254, -4.94219 ], [ -37.14293, -4.94198 ], [ -37.14342, -4.94185 ], [ -37.14399, -4.94176 ], [ -37.14478, -4.94164 ], [ -37.14493, -4.94149 ], [ -37.14501, -4.94132 ], [ -37.14504, -4.94082 ], [ -37.14504, -4.94031 ], [ -37.14503, -4.93945 ], [ -37.14491, -4.939 ], [ -37.14482, -4.93863 ], [ -37.14473, -4.93828 ], [ -37.1447, -4.93786 ], [ -37.14471, -4.93759 ], [ -37.14476, -4.93716 ], [ -37.14444, -4.93674 ], [ -37.14388, -4.9363 ], [ -37.14381, -4.93627 ], [ -37.14264, -4.93573 ], [ -37.14167, -4.93565 ], [ -37.14068, -4.93574 ], [ -37.13753, -4.93589 ], [ -37.13421, -4.93611 ], [ -37.13122, -4.93635 ], [ -37.13047, -4.93637 ], [ -37.12985, -4.9364 ], [ -37.12866, -4.93634 ], [ -37.12728, -4.9362 ], [ -37.12589, -4.93565 ], [ -37.12589, -4.93565 ], [ -37.12451, -4.93514 ], [ -37.12341, -4.93461 ], [ -37.12208, -4.93392 ], [ -37.12086, -4.93308 ], [ -37.12012, -4.93263 ], [ -37.11951, -4.93214 ], [ -37.11919, -4.93165 ], [ -37.11911, -4.93152 ], [ -37.11875, -4.93097 ], [ -37.11844, -4.93065 ], [ -37.11798, -4.9303 ], [ -37.11772, -4.93008 ], [ -37.11761, -4.93 ], [ -37.11719, -4.92962 ], [ -37.11708, -4.9295 ], [ -37.11701, -4.92932 ], [ -37.11701, -4.92919 ], [ -37.11701, -4.92918 ], [ -37.11704, -4.92902 ], [ -37.11708, -4.92884 ], [ -37.11699, -4.92849 ], [ -37.11666, -4.92773 ], [ -37.11662, -4.92749 ], [ -37.11636, -4.927 ], [ -37.11578, -4.92646 ], [ -37.11521, -4.92611 ], [ -37.11479, -4.92594 ], [ -37.1142, -4.9258 ], [ -37.11369, -4.92565 ], [ -37.11338, -4.92557 ], [ -37.11288, -4.92544 ], [ -37.11261, -4.92543 ], [ -37.11238, -4.92544 ], [ -37.11228, -4.92539 ], [ -37.11218, -4.92532 ], [ -37.11185, -4.92515 ], [ -37.11139, -4.92498 ], [ -37.11102, -4.92492 ], [ -37.11087, -4.92489 ], [ -37.11061, -4.92484 ], [ -37.11022, -4.92471 ], [ -37.10988, -4.92453 ], [ -37.10966, -4.9244 ], [ -37.10944, -4.92419 ], [ -37.10919, -4.92385 ], [ -37.10904, -4.92355 ], [ -37.10879, -4.92322 ], [ -37.10852, -4.92298 ], [ -37.10817, -4.92276 ], [ -37.10777, -4.92261 ], [ -37.10752, -4.92255 ], [ -37.10713, -4.92242 ], [ -37.10686, -4.92234 ], [ -37.10656, -4.92232 ], [ -37.10625, -4.9223 ], [ -37.10566, -4.92228 ], [ -37.10526, -4.92225 ], [ -37.10487, -4.92229 ], [ -37.10449, -4.92232 ], [ -37.10423, -4.92234 ], [ -37.10389, -4.92238 ], [ -37.10354, -4.92245 ], [ -37.10312, -4.92253 ], [ -37.10285, -4.92264 ], [ -37.10223, -4.92285 ], [ -37.1018, -4.92295 ], [ -37.10138, -4.92307 ], [ -37.10067, -4.92322 ], [ -37.10007, -4.9234 ], [ -37.09976, -4.92349 ], [ -37.09919, -4.92366 ], [ -37.0989, -4.92377 ], [ -37.09867, -4.92386 ], [ -37.09848, -4.9239 ], [ -37.09836, -4.92392 ], [ -37.0982, -4.92396 ], [ -37.09797, -4.92406 ], [ -37.09782, -4.92413 ], [ -37.09765, -4.92426 ], [ -37.09743, -4.9244 ], [ -37.0973, -4.9245 ], [ -37.09701, -4.92464 ], [ -37.09684, -4.92466 ], [ -37.09661, -4.92468 ], [ -37.09641, -4.92469 ], [ -37.09612, -4.92464 ], [ -37.0958, -4.92461 ], [ -37.09554, -4.92465 ], [ -37.09498, -4.92483 ], [ -37.09457, -4.92502 ], [ -37.09395, -4.92538 ], [ -37.09368, -4.92554 ], [ -37.09329, -4.92579 ], [ -37.09297, -4.92606 ], [ -37.09273, -4.92634 ], [ -37.09248, -4.92654 ], [ -37.09203, -4.92681 ], [ -37.0916, -4.92695 ], [ -37.09112, -4.92712 ], [ -37.09055, -4.9273 ], [ -37.08994, -4.92751 ], [ -37.08917, -4.92777 ], [ -37.08873, -4.92799 ], [ -37.08787, -4.9284 ], [ -37.08699, -4.92871 ], [ -37.08624, -4.92894 ], [ -37.08576, -4.92909 ], [ -37.0849, -4.92928 ], [ -37.08397, -4.92942 ], [ -37.08344, -4.92949 ], [ -37.08321, -4.92946 ], [ -37.08309, -4.92937 ], [ -37.083, -4.92922 ], [ -37.083, -4.92911 ], [ -37.08294, -4.92897 ], [ -37.08286, -4.92892 ], [ -37.08268, -4.92892 ], [ -37.08249, -4.92895 ], [ -37.08214, -4.92906 ], [ -37.08087, -4.92974 ], [ -37.08006, -4.93031 ], [ -37.079, -4.93098 ], [ -37.07787, -4.9317 ], [ -37.07718, -4.9322 ], [ -37.07552, -4.93333 ], [ -37.07438, -4.93412 ], [ -37.07315, -4.93507 ], [ -37.07159, -4.93614 ], [ -37.06952, -4.93748 ], [ -37.06751, -4.93879 ], [ -37.06474, -4.94064 ], [ -37.06205, -4.94232 ], [ -37.06147, -4.94265 ], [ -37.05867, -4.94428 ], [ -37.05616, -4.94561 ], [ -37.05397, -4.94659 ], [ -37.05219, -4.94726 ], [ -37.05038, -4.94791 ], [ -37.04734, -4.94893 ], [ -37.04489, -4.94959 ], [ -37.04272, -4.95002 ], [ -37.04056, -4.95019 ], [ -37.03902, -4.95012 ], [ -37.03726, -4.94987 ], [ -37.03515, -4.94937 ], [ -37.03333, -4.94874 ], [ -37.03192, -4.94798 ], [ -37.02985, -4.94683 ], [ -37.02802, -4.94559 ], [ -37.02663, -4.94449 ], [ -37.0258, -4.94385 ], [ -37.02501, -4.94324 ], [ -37.02388, -4.94241 ], [ -37.0231, -4.94202 ], [ -37.02198, -4.94155 ], [ -37.02095, -4.94122 ], [ -37.01913, -4.94056 ], [ -37.01858, -4.94036 ], [ -37.01813, -4.94016 ], [ -37.0175, -4.93979 ], [ -37.01721, -4.93949 ], [ -37.01668, -4.93898 ], [ -37.01592, -4.93838 ], [ -37.01509, -4.93792 ], [ -37.01435, -4.93772 ], [ -37.01318, -4.93751 ], [ -37.01241, -4.93742 ], [ -37.01182, -4.93736 ], [ -37.01113, -4.93716 ], [ -37.0101, -4.93671 ], [ -37.00933, -4.93636 ], [ -37.00875, -4.93602 ], [ -37.00811, -4.93555 ], [ -37.00774, -4.93516 ], [ -37.0063, -4.93382 ], [ -37.00525, -4.9325 ], [ -37.00447, -4.93089 ], [ -37.00377, -4.92981 ], [ -37.00331, -4.92938 ], [ -37.00288, -4.92913 ], [ -37.0025, -4.92894 ], [ -37.00187, -4.92866 ], [ -37.00116, -4.9285 ], [ -37.00054, -4.92846 ], [ -36.99904, -4.92869 ], [ -36.99555, -4.92952 ], [ -36.99268, -4.93015 ], [ -36.98923, -4.93101 ], [ -36.98724, -4.93145 ], [ -36.98561, -4.93171 ], [ -36.98413, -4.93188 ], [ -36.98296, -4.93195 ], [ -36.98169, -4.9319 ], [ -36.98039, -4.93179 ], [ -36.97894, -4.93162 ], [ -36.97794, -4.93139 ], [ -36.97683, -4.93105 ], [ -36.97517, -4.93037 ], [ -36.97422, -4.92987 ], [ -36.97251, -4.9288 ], [ -36.97131, -4.92803 ], [ -36.97022, -4.92724 ], [ -36.96918, -4.92652 ], [ -36.9684, -4.92589 ], [ -36.96802, -4.92548 ], [ -36.96753, -4.92494 ], [ -36.967, -4.92418 ], [ -36.96581, -4.92251 ], [ -36.9648, -4.92098 ], [ -36.96458, -4.92064 ], [ -36.96412, -4.91993 ], [ -36.96405, -4.91983 ], [ -36.9639, -4.91955 ], [ -36.96376, -4.91934 ], [ -36.96363, -4.91917 ], [ -36.96348, -4.919 ], [ -36.96338, -4.91894 ], [ -36.96322, -4.91887 ], [ -36.96318, -4.91886 ], [ -36.96306, -4.91885 ], [ -36.96283, -4.91884 ], [ -36.96269, -4.91887 ], [ -36.9626, -4.91891 ], [ -36.96245, -4.91896 ], [ -36.96234, -4.91897 ], [ -36.9622, -4.91898 ], [ -36.96199, -4.91896 ], [ -36.96176, -4.91886 ], [ -36.9615, -4.91878 ], [ -36.96133, -4.9187 ], [ -36.96118, -4.91862 ], [ -36.96109, -4.91854 ], [ -36.96089, -4.91844 ], [ -36.96074, -4.91843 ], [ -36.96053, -4.91843 ], [ -36.96034, -4.91848 ], [ -36.95997, -4.91863 ], [ -36.95969, -4.91881 ], [ -36.95947, -4.91894 ], [ -36.95929, -4.91907 ], [ -36.95906, -4.91925 ], [ -36.95881, -4.91945 ], [ -36.95849, -4.91971 ], [ -36.95829, -4.91988 ], [ -36.95814, -4.91998 ], [ -36.95689, -4.92082 ], [ -36.95557, -4.9218 ], [ -36.95379, -4.92305 ], [ -36.94828, -4.92715 ], [ -36.94235, -4.93185 ], [ -36.93389, -4.93783 ], [ -36.92532, -4.9432 ], [ -36.92139, -4.94535 ], [ -36.91883, -4.94652 ], [ -36.91456, -4.94817 ], [ -36.91011, -4.94981 ], [ -36.90725, -4.95053 ], [ -36.90638, -4.95075 ], [ -36.90251, -4.95151 ], [ -36.9009, -4.95171 ], [ -36.90029, -4.95161 ], [ -36.89983, -4.95149 ], [ -36.89932, -4.95142 ], [ -36.89891, -4.95141 ], [ -36.89841, -4.95144 ], [ -36.89784, -4.95162 ], [ -36.89723, -4.95185 ], [ -36.89621, -4.95208 ], [ -36.89559, -4.95221 ], [ -36.89466, -4.95234 ], [ -36.8936, -4.95239 ], [ -36.89123, -4.95249 ], [ -36.88991, -4.95245 ], [ -36.88915, -4.95241 ], [ -36.88853, -4.95238 ], [ -36.88815, -4.95231 ], [ -36.88775, -4.95214 ], [ -36.88647, -4.95149 ], [ -36.88572, -4.95103 ], [ -36.8853, -4.95071 ], [ -36.88468, -4.95022 ], [ -36.88428, -4.94992 ], [ -36.88404, -4.94975 ], [ -36.88342, -4.9495 ], [ -36.88318, -4.9495 ], [ -36.88275, -4.9496 ], [ -36.88252, -4.94971 ], [ -36.88216, -4.94991 ], [ -36.88162, -4.95013 ], [ -36.88116, -4.95028 ], [ -36.88044, -4.95041 ], [ -36.87985, -4.95051 ], [ -36.87942, -4.95052 ], [ -36.87937, -4.95052 ], [ -36.87901, -4.95054 ], [ -36.87892, -4.95055 ], [ -36.87851, -4.95059 ], [ -36.87815, -4.9507 ], [ -36.87792, -4.95086 ], [ -36.87773, -4.95105 ], [ -36.87764, -4.95127 ], [ -36.87751, -4.95155 ], [ -36.87744, -4.95184 ], [ -36.8773, -4.95207 ], [ -36.87674, -4.95278 ], [ -36.87613, -4.95348 ], [ -36.87557, -4.95407 ], [ -36.87483, -4.95479 ], [ -36.87471, -4.95488 ], [ -36.87372, -4.9556 ], [ -36.87249, -4.95643 ], [ -36.87134, -4.95672 ], [ -36.87083, -4.9569 ], [ -36.87028, -4.95739 ], [ -36.87003, -4.95759 ], [ -36.86979, -4.95776 ], [ -36.86931, -4.95785 ], [ -36.8689, -4.95793 ], [ -36.86832, -4.95796 ], [ -36.86831, -4.95796 ], [ -36.86787, -4.95798 ], [ -36.86748, -4.95798 ], [ -36.86714, -4.95811 ], [ -36.86659, -4.95862 ], [ -36.86603, -4.95923 ], [ -36.86551, -4.96014 ], [ -36.86542, -4.96045 ], [ -36.86535, -4.96069 ], [ -36.86497, -4.96155 ], [ -36.86445, -4.96225 ], [ -36.86315, -4.96356 ], [ -36.86237, -4.96431 ], [ -36.86202, -4.96469 ], [ -36.86133, -4.96544 ], [ -36.86089, -4.96616 ], [ -36.86047, -4.9667 ], [ -36.85989, -4.96718 ], [ -36.85941, -4.96778 ], [ -36.85897, -4.96831 ], [ -36.8585, -4.96862 ], [ -36.8582, -4.96892 ], [ -36.85789, -4.96928 ], [ -36.85769, -4.96969 ], [ -36.85731, -4.97024 ], [ -36.85693, -4.97081 ], [ -36.85567, -4.97232 ], [ -36.85778, -4.97352 ], [ -36.8609, -4.973 ], [ -36.86301, -4.97452 ], [ -36.86628, -4.9736 ], [ -36.86955, -4.97214 ], [ -36.87356, -4.97177 ], [ -36.877, -4.9732 ], [ -36.87999, -4.97498 ], [ -36.88087, -4.97502 ], [ -36.88184, -4.97568 ], [ -36.8832, -4.97596 ], [ -36.8841, -4.97647 ], [ -36.885, -4.9765 ], [ -36.88581, -4.97599 ], [ -36.88667, -4.97596 ], [ -36.88952, -4.97652 ], [ -36.89628, -4.97682 ], [ -36.89919, -4.97729 ], [ -36.90136, -4.97898 ], [ -36.90665, -4.98389 ], [ -36.90784, -4.98858 ], [ -36.90805, -4.98919 ], [ -36.90826, -4.98979 ], [ -36.91222, -4.98952 ], [ -36.9131, -4.98946 ], [ -36.96595, -4.98589 ], [ -36.96579, -5.02187 ], [ -37.01142, -5.02195 ], [ -37.01132, -5.04241 ], [ -37.02861, -5.04246 ], [ -37.02843, -5.05969 ], [ -37.04742, -5.05976 ], [ -37.04779, -5.05976 ], [ -37.05094, -5.05977 ], [ -37.0508, -5.09659 ], [ -37.11173, -5.09678 ], [ -37.11153, -5.11374 ], [ -37.11141, -5.12465 ], [ -37.11805, -5.12187 ], [ -37.12125, -5.11944 ], [ -37.12554, -5.11533 ], [ -37.13054, -5.11116 ], [ -37.13392, -5.10792 ], [ -37.13741, -5.10535 ], [ -37.1376, -5.10458 ], [ -37.14095, -5.10118 ], [ -37.14137, -5.09973 ], [ -37.14292, -5.09755 ], [ -37.14332, -5.09609 ], [ -37.14361, -5.09376 ], [ -37.14471, -5.09012 ], [ -37.14539, -5.08934 ], [ -37.14744, -5.08556 ], [ -37.14831, -5.08308 ], [ -37.15028, -5.08071 ], [ -37.15174, -5.07828 ], [ -37.15281, -5.07649 ], [ -37.15277, -5.07479 ] ] ], [ [ [ -37.04575, -4.81668 ], [ -37.04483, -4.81636 ], [ -37.04412, -4.81854 ], [ -37.04501, -4.81881 ], [ -37.04575, -4.81668 ] ] ] ] } },
{ "type": "Feature", "properties": { "CD_MUN": "2404200", "NM_MUN": "Goianinha", "CD_RGI": "240003", "NM_RGI": "Canguaretama", "CD_RGINT": "2401", "NM_RGINT": "Natal", "CD_UF": "24", "NM_UF": "Rio Grande do Norte", "SIGLA_UF": "RN", "CD_REGIA": "2", "NM_REGIA": "Nordeste", "SIGLA_RG": "NE", "CD_CONCU": null, "NM_CONCU": null, "AREA_KM2": 192.279 }, "geometry": { "type": "Polygon", "coordinates": [ [ [ -35.26669, -6.32429 ], [ -35.26674, -6.31957 ], [ -35.26816, -6.3133 ], [ -35.26831, -6.31234 ], [ -35.26955, -6.30473 ], [ -35.27146, -6.29295 ], [ -35.28568, -6.20532 ], [ -35.23105, -6.24234 ], [ -35.22895, -6.24286 ], [ -35.22806, -6.24287 ], [ -35.22551, -6.2424 ], [ -35.22436, -6.24097 ], [ -35.22041, -6.23876 ], [ -35.21955, -6.2376 ], [ -35.2184, -6.23705 ], [ -35.2179, -6.23701 ], [ -35.21667, -6.2369 ], [ -35.21552, -6.23659 ], [ -35.21134, -6.23376 ], [ -35.21115, -6.23363 ], [ -35.21083, -6.23342 ], [ -35.2096, -6.23306 ], [ -35.20845, -6.23227 ], [ -35.20712, -6.2294 ], [ -35.20529, -6.22627 ], [ -35.20373, -6.22446 ], [ -35.20316, -6.22311 ], [ -35.20242, -6.22267 ], [ -35.20088, -6.2225 ], [ -35.19946, -6.22255 ], [ -35.19919, -6.22224 ], [ -35.19887, -6.22122 ], [ -35.19859, -6.21976 ], [ -35.19817, -6.21915 ], [ -35.1977, -6.21895 ], [ -35.19692, -6.21913 ], [ -35.19688, -6.21988 ], [ -35.19665, -6.22046 ], [ -35.19629, -6.22064 ], [ -35.19547, -6.22042 ], [ -35.19465, -6.22047 ], [ -35.19347, -6.22105 ], [ -35.19292, -6.22114 ], [ -35.19201, -6.2207 ], [ -35.19141, -6.2196 ], [ -35.19026, -6.21619 ], [ -35.18955, -6.21511 ], [ -35.18868, -6.21445 ], [ -35.18782, -6.21441 ], [ -35.18695, -6.21499 ], [ -35.18637, -6.21725 ], [ -35.18583, -6.21769 ], [ -35.18391, -6.21682 ], [ -35.18102, -6.21716 ], [ -35.18043, -6.2169 ], [ -35.18002, -6.21641 ], [ -35.17565, -6.21674 ], [ -35.17483, -6.21632 ], [ -35.17206, -6.21488 ], [ -35.17065, -6.21453 ], [ -35.16956, -6.21453 ], [ -35.1652, -6.21729 ], [ -35.16227, -6.21883 ], [ -35.16071, -6.21809 ], [ -35.15943, -6.21721 ], [ -35.15729, -6.21633 ], [ -35.15579, -6.21651 ], [ -35.15272, -6.21836 ], [ -35.15117, -6.21846 ], [ -35.14994, -6.21811 ], [ -35.14977, -6.22072 ], [ -35.15056, -6.22184 ], [ -35.15174, -6.22352 ], [ -35.15305, -6.22699 ], [ -35.15302, -6.23 ], [ -35.15271, -6.23261 ], [ -35.1528, -6.2336 ], [ -35.15283, -6.23388 ], [ -35.15283, -6.23392 ], [ -35.15284, -6.23399 ], [ -35.15313, -6.23728 ], [ -35.15314, -6.23735 ], [ -35.15316, -6.23761 ], [ -35.15313, -6.24048 ], [ -35.15333, -6.24091 ], [ -35.15344, -6.24115 ], [ -35.1546, -6.24368 ], [ -35.15525, -6.24606 ], [ -35.156, -6.25667 ], [ -35.15499, -6.26155 ], [ -35.15495, -6.2635 ], [ -35.15497, -6.26368 ], [ -35.15536, -6.26707 ], [ -35.15543, -6.26767 ], [ -35.15495, -6.26758 ], [ -35.15456, -6.26773 ], [ -35.15185, -6.26881 ], [ -35.15179, -6.26926 ], [ -35.15127, -6.27013 ], [ -35.14871, -6.27336 ], [ -35.14829, -6.27457 ], [ -35.14732, -6.27918 ], [ -35.14712, -6.28577 ], [ -35.14738, -6.28861 ], [ -35.14828, -6.2923 ], [ -35.14829, -6.29354 ], [ -35.14753, -6.29573 ], [ -35.14713, -6.29749 ], [ -35.14636, -6.29868 ], [ -35.14525, -6.29903 ], [ -35.14612, -6.3002 ], [ -35.14696, -6.30253 ], [ -35.14548, -6.31689 ], [ -35.14716, -6.31746 ], [ -35.15008, -6.31531 ], [ -35.1518, -6.31389 ], [ -35.15494, -6.31306 ], [ -35.15596, -6.31315 ], [ -35.16509, -6.31864 ], [ -35.16645, -6.3201 ], [ -35.16744, -6.322 ], [ -35.16531, -6.32735 ], [ -35.16283, -6.33613 ], [ -35.16308, -6.3423 ], [ -35.16611, -6.34793 ], [ -35.16647, -6.35205 ], [ -35.16739, -6.354 ], [ -35.16997, -6.35532 ], [ -35.17489, -6.35649 ], [ -35.17668, -6.35692 ], [ -35.17806, -6.35725 ], [ -35.18641, -6.35722 ], [ -35.1883, -6.3583 ], [ -35.19372, -6.35806 ], [ -35.19867, -6.35929 ], [ -35.19955, -6.35918 ], [ -35.20253, -6.35884 ], [ -35.20738, -6.35768 ], [ -35.21039, -6.35793 ], [ -35.21203, -6.35806 ], [ -35.22168, -6.35752 ], [ -35.22534, -6.3564 ], [ -35.22693, -6.3557 ], [ -35.22927, -6.35316 ], [ -35.23168, -6.35207 ], [ -35.23487, -6.34952 ], [ -35.23605, -6.34928 ], [ -35.24544, -6.35471 ], [ -35.24796, -6.35618 ], [ -35.27221, -6.37021 ], [ -35.26669, -6.32429 ] ] ] } },
{ "type": "Feature", "properties": { "CD_MUN": "2412500", "NM_MUN": "São Miguel", "CD_RGI": "240010", "NM_RGI": "Pau dos Ferros", "CD_RGINT": "2403", "NM_RGINT": "Mossoró", "CD_UF": "24", "NM_UF": "Rio Grande do Norte", "SIGLA_UF": "RN", "CD_REGIA": "2", "NM_REGIA": "Nordeste", "SIGLA_RG": "NE", "CD_CONCU": null, "NM_CONCU": null, "AREA_KM2": 166.233 }, "geometry": { "type": "Polygon", "coordinates": [ [ [ -38.41772, -6.21857 ], [ -38.41803, -6.21884 ], [ -38.42782, -6.23278 ], [ -38.42981, -6.23561 ], [ -38.4304, -6.23645 ], [ -38.43377, -6.23366 ], [ -38.43486, -6.23152 ], [ -38.43688, -6.23009 ], [ -38.44849, -6.22185 ], [ -38.45083, -6.22437 ], [ -38.45513, -6.22729 ], [ -38.45618, -6.22915 ], [ -38.45655, -6.2298 ], [ -38.45755, -6.23037 ], [ -38.46233, -6.23142 ], [ -38.46566, -6.24273 ], [ -38.46615, -6.24442 ], [ -38.46994, -6.25271 ], [ -38.48153, -6.25202 ], [ -38.48819, -6.28312 ], [ -38.48136, -6.3044 ], [ -38.49228, -6.2953 ], [ -38.54178, -6.2863 ], [ -38.54254, -6.28616 ], [ -38.57038, -6.29295 ], [ -38.57103, -6.29113 ], [ -38.57151, -6.28444 ], [ -38.57308, -6.28384 ], [ -38.576, -6.28353 ], [ -38.57603, -6.28352 ], [ -38.57713, -6.2816 ], [ -38.57871, -6.28031 ], [ -38.57955, -6.27963 ], [ -38.57909, -6.27908 ], [ -38.57622, -6.27835 ], [ -38.57532, -6.27775 ], [ -38.57266, -6.27412 ], [ -38.56972, -6.27154 ], [ -38.56615, -6.26923 ], [ -38.56501, -6.26849 ], [ -38.56291, -6.26796 ], [ -38.55979, -6.26716 ], [ -38.55442, -6.2634 ], [ -38.5548, -6.26155 ], [ -38.55428, -6.25975 ], [ -38.55347, -6.25922 ], [ -38.5519, -6.25921 ], [ -38.55015, -6.25732 ], [ -38.54855, -6.2507 ], [ -38.54585, -6.24543 ], [ -38.54466, -6.24559 ], [ -38.54464, -6.24561 ], [ -38.54293, -6.24671 ], [ -38.54292, -6.24671 ], [ -38.54087, -6.24618 ], [ -38.53847, -6.2469 ], [ -38.53576, -6.24539 ], [ -38.53248, -6.24236 ], [ -38.53229, -6.24218 ], [ -38.5316, -6.24154 ], [ -38.52897, -6.23987 ], [ -38.52835, -6.23918 ], [ -38.5282, -6.23673 ], [ -38.52471, -6.23287 ], [ -38.52344, -6.22832 ], [ -38.51971, -6.22304 ], [ -38.51971, -6.22304 ], [ -38.52929, -6.21374 ], [ -38.52913, -6.21072 ], [ -38.52784, -6.20811 ], [ -38.52828, -6.20426 ], [ -38.52809, -6.2029 ], [ -38.52796, -6.20187 ], [ -38.52588, -6.1994 ], [ -38.5259, -6.19824 ], [ -38.52592, -6.19685 ], [ -38.5272, -6.19338 ], [ -38.52192, -6.19226 ], [ -38.51854, -6.19086 ], [ -38.51278, -6.19203 ], [ -38.51233, -6.19212 ], [ -38.5089, -6.19157 ], [ -38.50309, -6.19215 ], [ -38.50299, -6.19208 ], [ -38.50133, -6.19095 ], [ -38.50184, -6.18804 ], [ -38.50196, -6.18382 ], [ -38.50076, -6.17968 ], [ -38.49743, -6.1764 ], [ -38.49356, -6.17506 ], [ -38.49227, -6.17339 ], [ -38.49114, -6.17064 ], [ -38.49109, -6.17051 ], [ -38.49071, -6.16959 ], [ -38.48707, -6.16516 ], [ -38.47812, -6.15938 ], [ -38.47549, -6.15704 ], [ -38.47364, -6.1538 ], [ -38.47293, -6.15198 ], [ -38.47207, -6.14973 ], [ -38.47207, -6.14875 ], [ -38.47276, -6.14754 ], [ -38.47276, -6.14754 ], [ -38.4753, -6.1466 ], [ -38.47533, -6.14659 ], [ -38.47596, -6.14599 ], [ -38.47642, -6.14441 ], [ -38.47463, -6.14332 ], [ -38.47393, -6.14158 ], [ -38.47407, -6.14143 ], [ -38.47439, -6.14109 ], [ -38.47342, -6.13836 ], [ -38.47342, -6.136 ], [ -38.47265, -6.13478 ], [ -38.47147, -6.13433 ], [ -38.4705, -6.13286 ], [ -38.46998, -6.1297 ], [ -38.46845, -6.12723 ], [ -38.46598, -6.12144 ], [ -38.45866, -6.12886 ], [ -38.44685, -6.14084 ], [ -38.44312, -6.14532 ], [ -38.44112, -6.14773 ], [ -38.43277, -6.15777 ], [ -38.42421, -6.16806 ], [ -38.41456, -6.16831 ], [ -38.41465, -6.17564 ], [ -38.41422, -6.17659 ], [ -38.41226, -6.17757 ], [ -38.40977, -6.17715 ], [ -38.4088, -6.17787 ], [ -38.40776, -6.17697 ], [ -38.40634, -6.17574 ], [ -38.40349, -6.17511 ], [ -38.40134, -6.17332 ], [ -38.39964, -6.17312 ], [ -38.39762, -6.17395 ], [ -38.39647, -6.17379 ], [ -38.3949, -6.1715 ], [ -38.39344, -6.17037 ], [ -38.39281, -6.16815 ], [ -38.39109, -6.16482 ], [ -38.38969, -6.16335 ], [ -38.38884, -6.16303 ], [ -38.38702, -6.16362 ], [ -38.3838, -6.16633 ], [ -38.38113, -6.1666 ], [ -38.38029, -6.16746 ], [ -38.37949, -6.16967 ], [ -38.37863, -6.17039 ], [ -38.37779, -6.17015 ], [ -38.37657, -6.1689 ], [ -38.37477, -6.16814 ], [ -38.37428, -6.16772 ], [ -38.37401, -6.16719 ], [ -38.37424, -6.16391 ], [ -38.37235, -6.15927 ], [ -38.37077, -6.15746 ], [ -38.36599, -6.15393 ], [ -38.36184, -6.14805 ], [ -38.3612, -6.14506 ], [ -38.35969, -6.14037 ], [ -38.35837, -6.13777 ], [ -38.35611, -6.13408 ], [ -38.35168, -6.1285 ], [ -38.34906, -6.12345 ], [ -38.34905, -6.12354 ], [ -38.34904, -6.124 ], [ -38.349, -6.12532 ], [ -38.35385, -6.145 ], [ -38.35553, -6.1485 ], [ -38.36735, -6.16344 ], [ -38.36542, -6.17108 ], [ -38.36496, -6.1729 ], [ -38.41772, -6.21857 ] ] ] } },
{ "type": "Feature", "properties": { "CD_MUN": "2413805", "NM_MUN": "Taboleiro Grande", "CD_RGI": "240010", "NM_RGI": "Pau dos Ferros", "CD_RGINT": "2403", "NM_RGINT": "Mossoró", "CD_UF": "24", "NM_UF": "Rio Grande do Norte", "SIGLA_UF": "RN", "CD_REGIA": "2", "NM_REGIA": "Nordeste", "SIGLA_RG": "NE", "CD_CONCU": null, "NM_CONCU": null, "AREA_KM2": 124.093 }, "geometry": { "type": "Polygon", "coordinates": [ [ [ -37.95931, -5.87222 ], [ -37.9603, -5.87267 ], [ -37.96489, -5.87545 ], [ -37.97256, -5.87829 ], [ -37.97648, -5.88157 ], [ -37.9782, -5.8824 ], [ -37.98075, -5.884 ], [ -37.98213, -5.88442 ], [ -37.98356, -5.88436 ], [ -37.98618, -5.88463 ], [ -37.98681, -5.88496 ], [ -37.98735, -5.88553 ], [ -37.9877, -5.88651 ], [ -37.98799, -5.88931 ], [ -37.9883, -5.89058 ], [ -37.98882, -5.89153 ], [ -37.9902, -5.89313 ], [ -37.99155, -5.89437 ], [ -37.99379, -5.89602 ], [ -37.99982, -5.90149 ], [ -37.99956, -5.90196 ], [ -38.00086, -5.90278 ], [ -38.00226, -5.90471 ], [ -38.00272, -5.90658 ], [ -38.00377, -5.90858 ], [ -38.00671, -5.9119 ], [ -38.00783, -5.91393 ], [ -38.00934, -5.91558 ], [ -38.01352, -5.9179 ], [ -38.01779, -5.92099 ], [ -38.01953, -5.92198 ], [ -38.02227, -5.92259 ], [ -38.02998, -5.92309 ], [ -38.03062, -5.92342 ], [ -38.0322, -5.92506 ], [ -38.03272, -5.92582 ], [ -38.03285, -5.92645 ], [ -38.03254, -5.92833 ], [ -38.03136, -5.93018 ], [ -38.03103, -5.93176 ], [ -38.03147, -5.93268 ], [ -38.03298, -5.93455 ], [ -38.03476, -5.9363 ], [ -38.0358, -5.93682 ], [ -38.03718, -5.93688 ], [ -38.038, -5.93669 ], [ -38.04069, -5.93461 ], [ -38.04118, -5.93449 ], [ -38.0449, -5.93566 ], [ -38.02629, -5.99105 ], [ -38.02828, -5.99229 ], [ -38.02837, -5.99235 ], [ -38.02725, -5.99429 ], [ -38.02739, -5.9954 ], [ -38.02961, -5.99652 ], [ -38.03155, -5.99708 ], [ -38.03571, -5.99715 ], [ -38.03682, -5.99771 ], [ -38.03751, -5.99924 ], [ -38.03737, -6.00035 ], [ -38.03528, -6.00369 ], [ -38.04028, -6.00252 ], [ -38.04125, -6.00252 ], [ -38.04333, -6.0052 ], [ -38.04346, -6.00822 ], [ -38.0497, -6.00677 ], [ -38.05083, -6.00593 ], [ -38.05359, -6.00462 ], [ -38.05789, -6.00602 ], [ -38.06014, -6.00614 ], [ -38.06191, -6.00492 ], [ -38.06178, -6.00325 ], [ -38.06081, -6.00026 ], [ -38.05929, -5.99886 ], [ -38.05929, -5.99775 ], [ -38.06026, -5.99748 ], [ -38.06151, -5.99748 ], [ -38.06262, -5.99692 ], [ -38.06415, -5.99714 ], [ -38.06456, -5.99797 ], [ -38.06428, -5.99978 ], [ -38.06705, -6.00381 ], [ -38.06746, -6.00465 ], [ -38.06718, -6.00791 ], [ -38.06898, -6.00917 ], [ -38.07037, -6.00945 ], [ -38.07176, -6.00945 ], [ -38.07328, -6.01015 ], [ -38.07702, -6.01273 ], [ -38.07841, -6.01453 ], [ -38.08673, -6.01497 ], [ -38.08809, -6.01224 ], [ -38.09071, -6.00697 ], [ -38.09145, -6.0055 ], [ -38.09146, -6.00547 ], [ -38.09183, -6.00473 ], [ -38.11453, -5.95915 ], [ -38.11485, -5.95567 ], [ -38.11547, -5.95462 ], [ -38.11769, -5.95442 ], [ -38.11801, -5.95246 ], [ -38.11789, -5.95174 ], [ -38.11597, -5.95016 ], [ -38.11612, -5.9493 ], [ -38.11844, -5.94796 ], [ -38.11896, -5.9468 ], [ -38.1201, -5.94605 ], [ -38.12154, -5.94583 ], [ -38.12027, -5.94357 ], [ -38.11978, -5.94318 ], [ -38.11621, -5.94225 ], [ -38.11443, -5.94119 ], [ -38.11158, -5.93613 ], [ -38.10745, -5.9326 ], [ -38.10205, -5.92333 ], [ -38.09862, -5.92043 ], [ -38.08997, -5.91522 ], [ -38.0804, -5.91052 ], [ -38.0741, -5.90922 ], [ -38.06037, -5.90378 ], [ -38.05731, -5.90184 ], [ -38.05109, -5.89668 ], [ -38.03952, -5.88448 ], [ -38.00429, -5.85686 ], [ -37.951, -5.8635 ], [ -37.9569, -5.87044 ], [ -37.95931, -5.87222 ] ] ] } },
{ "type": "Feature", "properties": { "CD_MUN": "2412559", "NM_MUN": "São Miguel do Gostoso", "CD_RGI": "240001", "NM_RGI": "Natal", "CD_RGINT": "2401", "NM_RGINT": "Natal", "CD_UF": "24", "NM_UF": "Rio Grande do Norte", "SIGLA_UF": "RN", "CD_REGIA": "2", "NM_REGIA": "Nordeste", "SIGLA_RG": "NE", "CD_CONCU": null, "NM_CONCU": null, "AREA_KM2": 431.445 }, "geometry": { "type": "Polygon", "coordinates": [ [ [ -35.64418, -5.11805 ], [ -35.6431, -5.1184 ], [ -35.64184, -5.11873 ], [ -35.64041, -5.11916 ], [ -35.63898, -5.11953 ], [ -35.63862, -5.1196 ], [ -35.63757, -5.11979 ], [ -35.63608, -5.12003 ], [ -35.63485, -5.12017 ], [ -35.63419, -5.12021 ], [ -35.63381, -5.12026 ], [ -35.63352, -5.12031 ], [ -35.63278, -5.12038 ], [ -35.63187, -5.12046 ], [ -35.63149, -5.12045 ], [ -35.63106, -5.12041 ], [ -35.63077, -5.12036 ], [ -35.63048, -5.12031 ], [ -35.63017, -5.12026 ], [ -35.62961, -5.12007 ], [ -35.62932, -5.11994 ], [ -35.62897, -5.11977 ], [ -35.62863, -5.11967 ], [ -35.62832, -5.11949 ], [ -35.62817, -5.11934 ], [ -35.62812, -5.11924 ], [ -35.62809, -5.11908 ], [ -35.62808, -5.11894 ], [ -35.62807, -5.11881 ], [ -35.62808, -5.11862 ], [ -35.62809, -5.11851 ], [ -35.62809, -5.11842 ], [ -35.62811, -5.1183 ], [ -35.62811, -5.11819 ], [ -35.62812, -5.11808 ], [ -35.62807, -5.11804 ], [ -35.62802, -5.11804 ], [ -35.62798, -5.11806 ], [ -35.62791, -5.11814 ], [ -35.62784, -5.11828 ], [ -35.62779, -5.11842 ], [ -35.62771, -5.11859 ], [ -35.62763, -5.11876 ], [ -35.62751, -5.11896 ], [ -35.62741, -5.11909 ], [ -35.62717, -5.11922 ], [ -35.6269, -5.11928 ], [ -35.62643, -5.11936 ], [ -35.62611, -5.11943 ], [ -35.62575, -5.11944 ], [ -35.62527, -5.11944 ], [ -35.62469, -5.11938 ], [ -35.62399, -5.11931 ], [ -35.62342, -5.11921 ], [ -35.62284, -5.11902 ], [ -35.62232, -5.11886 ], [ -35.62202, -5.11871 ], [ -35.62173, -5.11854 ], [ -35.62136, -5.11831 ], [ -35.62098, -5.11802 ], [ -35.62059, -5.11773 ], [ -35.62002, -5.11729 ], [ -35.61946, -5.11681 ], [ -35.61916, -5.11652 ], [ -35.61908, -5.11638 ], [ -35.61903, -5.11624 ], [ -35.61902, -5.11612 ], [ -35.61901, -5.11587 ], [ -35.61899, -5.11576 ], [ -35.61895, -5.11563 ], [ -35.61888, -5.11546 ], [ -35.61883, -5.11533 ], [ -35.61878, -5.11511 ], [ -35.61867, -5.11476 ], [ -35.61849, -5.11449 ], [ -35.6183, -5.11419 ], [ -35.61815, -5.11398 ], [ -35.61796, -5.11385 ], [ -35.61776, -5.11378 ], [ -35.61755, -5.11379 ], [ -35.61735, -5.11385 ], [ -35.61706, -5.11398 ], [ -35.61755, -5.11665 ], [ -35.61884, -5.12564 ], [ -35.61934, -5.12901 ], [ -35.62961, -5.19908 ], [ -35.6297, -5.19918 ], [ -35.62998, -5.19949 ], [ -35.63863, -5.20919 ], [ -35.65301, -5.2253 ], [ -35.68289, -5.27735 ], [ -35.69605, -5.27135 ], [ -35.70541, -5.29406 ], [ -35.75644, -5.29365 ], [ -35.76193, -5.2936 ], [ -35.83189, -5.30608 ], [ -35.84022, -5.23459 ], [ -35.84005, -5.23407 ], [ -35.83972, -5.23311 ], [ -35.83972, -5.23311 ], [ -35.83967, -5.23308 ], [ -35.83863, -5.23001 ], [ -35.83832, -5.22945 ], [ -35.83768, -5.22727 ], [ -35.83754, -5.22682 ], [ -35.83712, -5.22558 ], [ -35.83698, -5.22516 ], [ -35.83524, -5.22006 ], [ -35.83527, -5.22002 ], [ -35.83273, -5.21257 ], [ -35.83186, -5.21002 ], [ -35.82848, -5.19905 ], [ -35.80552, -5.12467 ], [ -35.79092, -5.0774 ], [ -35.79084, -5.07739 ], [ -35.78981, -5.07702 ], [ -35.78894, -5.07663 ], [ -35.78783, -5.07599 ], [ -35.78763, -5.07583 ], [ -35.78742, -5.07566 ], [ -35.78711, -5.07527 ], [ -35.78656, -5.07506 ], [ -35.78594, -5.07499 ], [ -35.78524, -5.07501 ], [ -35.7846, -5.07521 ], [ -35.78387, -5.07547 ], [ -35.78319, -5.07587 ], [ -35.7824, -5.07624 ], [ -35.78118, -5.07685 ], [ -35.78063, -5.07705 ], [ -35.78, -5.07729 ], [ -35.77935, -5.07768 ], [ -35.77897, -5.07814 ], [ -35.77811, -5.07901 ], [ -35.77706, -5.07987 ], [ -35.77592, -5.08058 ], [ -35.77522, -5.08088 ], [ -35.77393, -5.08114 ], [ -35.77331, -5.08117 ], [ -35.77239, -5.08143 ], [ -35.77093, -5.08179 ], [ -35.76924, -5.08239 ], [ -35.76835, -5.08278 ], [ -35.76753, -5.08329 ], [ -35.7669, -5.08379 ], [ -35.76672, -5.08394 ], [ -35.76578, -5.08456 ], [ -35.76448, -5.08543 ], [ -35.76304, -5.08631 ], [ -35.76176, -5.08697 ], [ -35.76032, -5.08784 ], [ -35.75938, -5.08849 ], [ -35.75909, -5.08864 ], [ -35.75883, -5.08877 ], [ -35.75862, -5.0888 ], [ -35.75816, -5.08887 ], [ -35.75726, -5.08908 ], [ -35.7561, -5.08928 ], [ -35.75507, -5.08945 ], [ -35.75404, -5.08958 ], [ -35.75367, -5.08958 ], [ -35.75285, -5.08959 ], [ -35.75182, -5.08949 ], [ -35.75148, -5.08945 ], [ -35.75059, -5.08933 ], [ -35.7496, -5.08941 ], [ -35.7488, -5.08951 ], [ -35.7481, -5.08981 ], [ -35.74732, -5.09017 ], [ -35.74659, -5.09063 ], [ -35.74655, -5.09066 ], [ -35.746, -5.09104 ], [ -35.74534, -5.09146 ], [ -35.74408, -5.09199 ], [ -35.74342, -5.09223 ], [ -35.74225, -5.0926 ], [ -35.74217, -5.09262 ], [ -35.74168, -5.09279 ], [ -35.74112, -5.09291 ], [ -35.74108, -5.09292 ], [ -35.74037, -5.09305 ], [ -35.73947, -5.09322 ], [ -35.73887, -5.09325 ], [ -35.73809, -5.09327 ], [ -35.73782, -5.09328 ], [ -35.73727, -5.09318 ], [ -35.73713, -5.09316 ], [ -35.73665, -5.09302 ], [ -35.73618, -5.09297 ], [ -35.73548, -5.09307 ], [ -35.73505, -5.09322 ], [ -35.73455, -5.09348 ], [ -35.73436, -5.09359 ], [ -35.73412, -5.09374 ], [ -35.73369, -5.09407 ], [ -35.73289, -5.09467 ], [ -35.73171, -5.0955 ], [ -35.73114, -5.09584 ], [ -35.73049, -5.09617 ], [ -35.72971, -5.09645 ], [ -35.72952, -5.09651 ], [ -35.72849, -5.09678 ], [ -35.72703, -5.0971 ], [ -35.72568, -5.0973 ], [ -35.72485, -5.09743 ], [ -35.72384, -5.09737 ], [ -35.72308, -5.09731 ], [ -35.72233, -5.09723 ], [ -35.72179, -5.09714 ], [ -35.72152, -5.097 ], [ -35.7214, -5.09684 ], [ -35.72119, -5.09661 ], [ -35.72091, -5.09648 ], [ -35.72057, -5.0965 ], [ -35.72026, -5.09654 ], [ -35.71968, -5.09668 ], [ -35.71929, -5.09679 ], [ -35.71866, -5.09702 ], [ -35.71849, -5.09709 ], [ -35.71797, -5.09733 ], [ -35.71754, -5.09766 ], [ -35.71713, -5.09809 ], [ -35.71661, -5.09855 ], [ -35.71555, -5.09932 ], [ -35.71497, -5.09998 ], [ -35.71471, -5.10029 ], [ -35.71441, -5.1006 ], [ -35.71373, -5.1011 ], [ -35.71262, -5.10181 ], [ -35.71106, -5.10257 ], [ -35.71021, -5.10296 ], [ -35.70956, -5.10326 ], [ -35.70783, -5.10383 ], [ -35.70685, -5.104 ], [ -35.70623, -5.10408 ], [ -35.70579, -5.10401 ], [ -35.70552, -5.10394 ], [ -35.70518, -5.10385 ], [ -35.70473, -5.10397 ], [ -35.70437, -5.10402 ], [ -35.70373, -5.1041 ], [ -35.7027, -5.10422 ], [ -35.7022, -5.10423 ], [ -35.70152, -5.10419 ], [ -35.70062, -5.10396 ], [ -35.70002, -5.10374 ], [ -35.6996, -5.10341 ], [ -35.69949, -5.10309 ], [ -35.69951, -5.10272 ], [ -35.69964, -5.10233 ], [ -35.6997, -5.10192 ], [ -35.69969, -5.10168 ], [ -35.69949, -5.10151 ], [ -35.69919, -5.10132 ], [ -35.69867, -5.10128 ], [ -35.69818, -5.10138 ], [ -35.69743, -5.10155 ], [ -35.69692, -5.10177 ], [ -35.69523, -5.10243 ], [ -35.69375, -5.10312 ], [ -35.69208, -5.10385 ], [ -35.69107, -5.10415 ], [ -35.69027, -5.10437 ], [ -35.68892, -5.1049 ], [ -35.68762, -5.10555 ], [ -35.6854, -5.10643 ], [ -35.68304, -5.10725 ], [ -35.68111, -5.10786 ], [ -35.67876, -5.10859 ], [ -35.67598, -5.10942 ], [ -35.67481, -5.10974 ], [ -35.67322, -5.11009 ], [ -35.67232, -5.1103 ], [ -35.67111, -5.1105 ], [ -35.66995, -5.11065 ], [ -35.66913, -5.11076 ], [ -35.66829, -5.11086 ], [ -35.66734, -5.11092 ], [ -35.6666, -5.11098 ], [ -35.66577, -5.11097 ], [ -35.66536, -5.11094 ], [ -35.66491, -5.11093 ], [ -35.66467, -5.11095 ], [ -35.66436, -5.11105 ], [ -35.66417, -5.11118 ], [ -35.66398, -5.11133 ], [ -35.66378, -5.11147 ], [ -35.66304, -5.11199 ], [ -35.66245, -5.11232 ], [ -35.6619, -5.11258 ], [ -35.66133, -5.11284 ], [ -35.66075, -5.11305 ], [ -35.66029, -5.11322 ], [ -35.65997, -5.11332 ], [ -35.65846, -5.1136 ], [ -35.65793, -5.11372 ], [ -35.65763, -5.11377 ], [ -35.6573, -5.11381 ], [ -35.65701, -5.11385 ], [ -35.65663, -5.11401 ], [ -35.65553, -5.1145 ], [ -35.65308, -5.11529 ], [ -35.65065, -5.11611 ], [ -35.64841, -5.11675 ], [ -35.64624, -5.11739 ], [ -35.64615, -5.11742 ], [ -35.64507, -5.11777 ], [ -35.64474, -5.11788 ], [ -35.64418, -5.11805 ] ] ] } },
{ "type": "Feature", "properties": { "CD_MUN": "2411205", "NM_MUN": "Santa Cruz", "CD_RGI": "240004", "NM_RGI": "Santa Cruz", "CD_RGINT": "2401", "NM_RGINT": "Natal", "CD_UF": "24", "NM_UF": "Rio Grande do Norte", "SIGLA_UF": "RN", "CD_REGIA": "2", "NM_REGIA": "Nordeste", "SIGLA_RG": "NE", "CD_CONCU": null, "NM_CONCU": null, "AREA_KM2": 624.356 }, "geometry": { "type": "Polygon", "coordinates": [ [ [ -36.03382, -6.29932 ], [ -36.03509, -6.29941 ], [ -36.03702, -6.30147 ], [ -36.03867, -6.30156 ], [ -36.03975, -6.3026 ], [ -36.04194, -6.3034 ], [ -36.04279, -6.30261 ], [ -36.04385, -6.30042 ], [ -36.04663, -6.30018 ], [ -36.04722, -6.3009 ], [ -36.04552, -6.30318 ], [ -36.04547, -6.30445 ], [ -36.04681, -6.30588 ], [ -36.04892, -6.30707 ], [ -36.05132, -6.30661 ], [ -36.05266, -6.30678 ], [ -36.05493, -6.30893 ], [ -36.05611, -6.30862 ], [ -36.05641, -6.30721 ], [ -36.0581, -6.30624 ], [ -36.05929, -6.30579 ], [ -36.06156, -6.30612 ], [ -36.06397, -6.30447 ], [ -36.06599, -6.30504 ], [ -36.06735, -6.30355 ], [ -36.06866, -6.3026 ], [ -36.07068, -6.30237 ], [ -36.07211, -6.3031 ], [ -36.07362, -6.30461 ], [ -36.0748, -6.30492 ], [ -36.07627, -6.30361 ], [ -36.07729, -6.30353 ], [ -36.07847, -6.30417 ], [ -36.07993, -6.30583 ], [ -36.08233, -6.30609 ], [ -36.08285, -6.30702 ], [ -36.1199, -6.3239 ], [ -36.11993, -6.32392 ], [ -36.12186, -6.32575 ], [ -36.12426, -6.32736 ], [ -36.12508, -6.32761 ], [ -36.12601, -6.32727 ], [ -36.1262, -6.325 ], [ -36.12675, -6.32419 ], [ -36.1291, -6.32309 ], [ -36.12984, -6.32342 ], [ -36.1329, -6.32653 ], [ -36.13944, -6.32976 ], [ -36.15376, -6.29984 ], [ -36.15354, -6.29981 ], [ -36.14857, -6.27737 ], [ -36.14096, -6.24305 ], [ -36.14064, -6.24159 ], [ -36.13376, -6.21057 ], [ -36.07786, -6.19615 ], [ -36.07667, -6.16847 ], [ -36.07704, -6.16269 ], [ -36.07983, -6.11987 ], [ -36.08035, -6.10201 ], [ -36.07187, -6.10043 ], [ -36.06928, -6.09861 ], [ -36.06774, -6.09697 ], [ -36.06583, -6.09379 ], [ -36.06257, -6.09024 ], [ -36.06098, -6.08906 ], [ -36.04972, -6.08536 ], [ -36.04881, -6.08472 ], [ -36.04752, -6.08273 ], [ -36.04516, -6.08003 ], [ -36.04427, -6.07951 ], [ -36.04363, -6.07896 ], [ -36.04237, -6.0779 ], [ -36.04126, -6.07661 ], [ -36.03989, -6.07544 ], [ -36.0359, -6.0726 ], [ -36.03457, -6.07135 ], [ -36.03183, -6.06939 ], [ -36.02954, -6.06939 ], [ -36.02841, -6.06939 ], [ -36.02742, -6.07027 ], [ -36.02578, -6.07253 ], [ -36.02474, -6.07365 ], [ -36.02273, -6.07507 ], [ -36.01933, -6.07663 ], [ -36.01838, -6.07741 ], [ -36.01679, -6.07928 ], [ -36.01378, -6.08228 ], [ -36.0071, -6.08774 ], [ -36.00572, -6.08868 ], [ -36.00472, -6.08867 ], [ -36.00098, -6.08666 ], [ -35.99952, -6.08631 ], [ -35.99802, -6.08658 ], [ -35.99607, -6.08812 ], [ -35.99389, -6.09181 ], [ -35.99154, -6.09427 ], [ -35.99061, -6.09573 ], [ -35.98955, -6.09666 ], [ -35.98719, -6.09759 ], [ -35.98646, -6.09828 ], [ -35.98644, -6.10118 ], [ -35.98656, -6.1014 ], [ -35.98759, -6.10325 ], [ -35.98761, -6.10716 ], [ -35.98621, -6.11114 ], [ -35.9845, -6.11246 ], [ -35.98297, -6.11461 ], [ -35.98094, -6.12427 ], [ -35.98124, -6.12756 ], [ -35.98283, -6.13444 ], [ -35.98534, -6.13856 ], [ -35.987, -6.14292 ], [ -35.98688, -6.14422 ], [ -35.98656, -6.14522 ], [ -35.9853, -6.14662 ], [ -35.9847, -6.14729 ], [ -35.98233, -6.14875 ], [ -35.98156, -6.14838 ], [ -35.98041, -6.14694 ], [ -35.97984, -6.14656 ], [ -35.9787, -6.14771 ], [ -35.97618, -6.14887 ], [ -35.97435, -6.14888 ], [ -35.97232, -6.14951 ], [ -35.97144, -6.14962 ], [ -35.97076, -6.14928 ], [ -35.97035, -6.14822 ], [ -35.96973, -6.14753 ], [ -35.96908, -6.14731 ], [ -35.9668, -6.14816 ], [ -35.96533, -6.14901 ], [ -35.96443, -6.14809 ], [ -35.96333, -6.14756 ], [ -35.96227, -6.14788 ], [ -35.9617, -6.14857 ], [ -35.96242, -6.15239 ], [ -35.96217, -6.15278 ], [ -35.96019, -6.15312 ], [ -35.96001, -6.15329 ], [ -35.95941, -6.15387 ], [ -35.95958, -6.15501 ], [ -35.96088, -6.15562 ], [ -35.96244, -6.15576 ], [ -35.96402, -6.1556 ], [ -35.96623, -6.15618 ], [ -35.96729, -6.15665 ], [ -35.96771, -6.15742 ], [ -35.96819, -6.15961 ], [ -35.96787, -6.16538 ], [ -35.96755, -6.16684 ], [ -35.96802, -6.17059 ], [ -35.9677, -6.17143 ], [ -35.96689, -6.17182 ], [ -35.9646, -6.1716 ], [ -35.9586, -6.17018 ], [ -35.95367, -6.17059 ], [ -35.94926, -6.17015 ], [ -35.94279, -6.16674 ], [ -35.94055, -6.16592 ], [ -35.93908, -6.16569 ], [ -35.93735, -6.16577 ], [ -35.93151, -6.16827 ], [ -35.93061, -6.16813 ], [ -35.92952, -6.16545 ], [ -35.92837, -6.16441 ], [ -35.9275, -6.16407 ], [ -35.92533, -6.16401 ], [ -35.91821, -6.16279 ], [ -35.91753, -6.16267 ], [ -35.91116, -6.18987 ], [ -35.89391, -6.2634 ], [ -35.88697, -6.29296 ], [ -35.88022, -6.32168 ], [ -35.87055, -6.36278 ], [ -35.87492, -6.36098 ], [ -35.87829, -6.36017 ], [ -35.88239, -6.35664 ], [ -35.8838, -6.35597 ], [ -35.88636, -6.35583 ], [ -35.888, -6.35521 ], [ -35.89215, -6.35289 ], [ -35.89297, -6.35259 ], [ -35.89945, -6.35217 ], [ -35.90027, -6.35222 ], [ -35.90294, -6.35309 ], [ -35.90534, -6.35249 ], [ -35.9072, -6.35261 ], [ -35.90876, -6.35544 ], [ -35.90927, -6.358 ], [ -35.91009, -6.35867 ], [ -35.912, -6.35905 ], [ -35.91493, -6.35999 ], [ -35.91871, -6.36119 ], [ -35.9198, -6.36244 ], [ -35.92095, -6.36606 ], [ -35.92155, -6.36673 ], [ -35.92501, -6.36821 ], [ -35.92708, -6.37289 ], [ -35.92828, -6.37348 ], [ -35.93465, -6.3741 ], [ -35.93754, -6.37508 ], [ -35.94456, -6.3788 ], [ -35.94848, -6.38253 ], [ -35.95566, -6.38355 ], [ -35.95852, -6.38472 ], [ -35.96195, -6.38794 ], [ -35.96501, -6.3878 ], [ -35.96524, -6.42664 ], [ -35.96549, -6.47097 ], [ -35.96823, -6.46397 ], [ -35.98874, -6.4101 ], [ -35.99748, -6.39034 ], [ -36.01547, -6.34531 ], [ -36.03382, -6.29932 ] ] ] } },
{ "type": "Feature", "properties": { "CD_MUN": "2406601", "NM_MUN": "Lagoa Salgada", "CD_RGI": "240001", "NM_RGI": "Natal", "CD_RGINT": "2401", "NM_RGINT": "Natal", "CD_UF": "24", "NM_UF": "Rio Grande do Norte", "SIGLA_UF": "RN", "CD_REGIA": "2", "NM_REGIA": "Nordeste", "SIGLA_RG": "NE", "CD_CONCU": null, "NM_CONCU": null, "AREA_KM2": 79.128 }, "geometry": { "type": "Polygon", "coordinates": [ [ [ -35.4788, -6.11818 ], [ -35.47862, -6.11843 ], [ -35.47836, -6.11913 ], [ -35.47836, -6.11945 ], [ -35.47766, -6.11949 ], [ -35.47745, -6.11952 ], [ -35.47723, -6.11962 ], [ -35.47693, -6.11992 ], [ -35.47693, -6.11992 ], [ -35.47663, -6.12023 ], [ -35.47633, -6.12035 ], [ -35.47604, -6.12046 ], [ -35.47578, -6.12056 ], [ -35.4757, -6.12059 ], [ -35.47508, -6.12082 ], [ -35.47462, -6.12099 ], [ -35.47385, -6.12128 ], [ -35.47384, -6.12128 ], [ -35.47373, -6.12132 ], [ -35.47354, -6.12123 ], [ -35.47219, -6.12151 ], [ -35.47144, -6.12152 ], [ -35.4698, -6.12155 ], [ -35.4656, -6.12161 ], [ -35.46554, -6.12161 ], [ -35.46555, -6.12164 ], [ -35.45208, -6.13332 ], [ -35.45027, -6.13489 ], [ -35.44374, -6.14055 ], [ -35.44548, -6.14199 ], [ -35.44602, -6.14327 ], [ -35.44651, -6.14365 ], [ -35.44706, -6.14497 ], [ -35.4448, -6.14679 ], [ -35.44382, -6.14786 ], [ -35.44363, -6.14921 ], [ -35.44549, -6.15411 ], [ -35.44986, -6.15552 ], [ -35.45158, -6.15576 ], [ -35.45512, -6.15691 ], [ -35.45766, -6.15822 ], [ -35.46406, -6.1639 ], [ -35.46629, -6.16547 ], [ -35.46822, -6.16642 ], [ -35.46857, -6.16644 ], [ -35.46878, -6.16645 ], [ -35.46935, -6.16649 ], [ -35.4721, -6.16745 ], [ -35.47532, -6.16983 ], [ -35.47864, -6.1728 ], [ -35.48058, -6.174 ], [ -35.48442, -6.17601 ], [ -35.48585, -6.17648 ], [ -35.49218, -6.17708 ], [ -35.49374, -6.17749 ], [ -35.49821, -6.17954 ], [ -35.49979, -6.18006 ], [ -35.50111, -6.18095 ], [ -35.50254, -6.18242 ], [ -35.50331, -6.18271 ], [ -35.50487, -6.18363 ], [ -35.50646, -6.18563 ], [ -35.50752, -6.18737 ], [ -35.50844, -6.18835 ], [ -35.50874, -6.18868 ], [ -35.51075, -6.19026 ], [ -35.51229, -6.1912 ], [ -35.51545, -6.19188 ], [ -35.51836, -6.1933 ], [ -35.52704, -6.20131 ], [ -35.52804, -6.20141 ], [ -35.545, -6.20081 ], [ -35.55042, -6.1999 ], [ -35.53581, -6.14351 ], [ -35.5356, -6.1427 ], [ -35.53555, -6.14251 ], [ -35.53551, -6.14234 ], [ -35.53543, -6.14203 ], [ -35.53595, -6.14194 ], [ -35.53619, -6.14165 ], [ -35.5365, -6.13993 ], [ -35.53661, -6.13785 ], [ -35.53598, -6.13464 ], [ -35.53468, -6.13114 ], [ -35.53437, -6.12925 ], [ -35.53529, -6.12543 ], [ -35.53593, -6.12389 ], [ -35.53657, -6.12288 ], [ -35.53865, -6.12161 ], [ -35.53938, -6.12097 ], [ -35.53996, -6.11998 ], [ -35.53969, -6.1183 ], [ -35.54101, -6.11239 ], [ -35.54146, -6.10266 ], [ -35.54156, -6.10046 ], [ -35.54156, -6.10046 ], [ -35.54156, -6.10036 ], [ -35.54171, -6.09708 ], [ -35.5386, -6.09486 ], [ -35.53649, -6.0937 ], [ -35.53172, -6.09164 ], [ -35.53112, -6.09198 ], [ -35.52652, -6.09054 ], [ -35.52648, -6.09057 ], [ -35.52518, -6.09171 ], [ -35.52286, -6.09324 ], [ -35.52183, -6.09425 ], [ -35.52145, -6.09508 ], [ -35.52089, -6.09577 ], [ -35.51856, -6.0966 ], [ -35.51769, -6.0973 ], [ -35.51584, -6.09939 ], [ -35.51433, -6.10047 ], [ -35.51358, -6.10212 ], [ -35.51308, -6.10275 ], [ -35.51066, -6.10308 ], [ -35.50947, -6.10359 ], [ -35.50821, -6.10448 ], [ -35.50574, -6.10739 ], [ -35.50022, -6.11215 ], [ -35.49515, -6.11242 ], [ -35.48987, -6.11352 ], [ -35.48549, -6.11872 ], [ -35.48406, -6.1155 ], [ -35.48323, -6.11444 ], [ -35.47716, -6.11604 ], [ -35.47719, -6.11659 ], [ -35.47888, -6.11738 ], [ -35.47957, -6.11769 ], [ -35.47912, -6.1178 ], [ -35.47881, -6.11816 ], [ -35.4788, -6.11817 ], [ -35.4788, -6.11818 ] ] ] } },
{ "type": "Feature", "properties": { "CD_MUN": "2405306", "NM_MUN": "Januário Cicco", "CD_RGI": "240002", "NM_RGI": "Santo Antônio - Passa e Fica - Nova Cruz", "CD_RGINT": "2401", "NM_RGINT": "Natal", "CD_UF": "24", "NM_UF": "Rio Grande do Norte", "SIGLA_UF": "RN", "CD_REGIA": "2", "NM_REGIA": "Nordeste", "SIGLA_RG": "NE", "CD_CONCU": null, "NM_CONCU": null, "AREA_KM2": 167.042 }, "geometry": { "type": "Polygon", "coordinates": [ [ [ -35.53969, -6.1183 ], [ -35.53996, -6.11998 ], [ -35.53938, -6.12097 ], [ -35.53865, -6.12161 ], [ -35.53657, -6.12288 ], [ -35.53593, -6.12389 ], [ -35.53529, -6.12543 ], [ -35.53437, -6.12925 ], [ -35.53468, -6.13114 ], [ -35.53598, -6.13464 ], [ -35.53661, -6.13785 ], [ -35.5365, -6.13993 ], [ -35.53619, -6.14165 ], [ -35.53595, -6.14194 ], [ -35.53543, -6.14203 ], [ -35.53551, -6.14234 ], [ -35.53555, -6.14251 ], [ -35.5356, -6.1427 ], [ -35.53581, -6.14351 ], [ -35.55042, -6.1999 ], [ -35.5552, -6.19919 ], [ -35.55962, -6.19822 ], [ -35.56057, -6.20154 ], [ -35.56772, -6.20574 ], [ -35.57662, -6.20893 ], [ -35.57917, -6.20899 ], [ -35.58491, -6.21015 ], [ -35.58808, -6.21105 ], [ -35.59193, -6.21163 ], [ -35.59305, -6.20973 ], [ -35.59385, -6.20915 ], [ -35.59605, -6.2091 ], [ -35.59666, -6.2089 ], [ -35.59737, -6.20826 ], [ -35.59825, -6.20811 ], [ -35.5991, -6.20819 ], [ -35.60073, -6.208 ], [ -35.60339, -6.20844 ], [ -35.60392, -6.20832 ], [ -35.6044, -6.2078 ], [ -35.60553, -6.20502 ], [ -35.60614, -6.20464 ], [ -35.60674, -6.2045 ], [ -35.60683, -6.20448 ], [ -35.6071, -6.20442 ], [ -35.60796, -6.20383 ], [ -35.60882, -6.20269 ], [ -35.60964, -6.20222 ], [ -35.60992, -6.2017 ], [ -35.61037, -6.20132 ], [ -35.61087, -6.20035 ], [ -35.61095, -6.19983 ], [ -35.61165, -6.19924 ], [ -35.61176, -6.19895 ], [ -35.61176, -6.19877 ], [ -35.61136, -6.19848 ], [ -35.61143, -6.19798 ], [ -35.6119, -6.19797 ], [ -35.61208, -6.19765 ], [ -35.6128, -6.19768 ], [ -35.61357, -6.19744 ], [ -35.6147, -6.19809 ], [ -35.61556, -6.19754 ], [ -35.61603, -6.19754 ], [ -35.61675, -6.19836 ], [ -35.61736, -6.19843 ], [ -35.61773, -6.19933 ], [ -35.6183, -6.19962 ], [ -35.62026, -6.20319 ], [ -35.62181, -6.20522 ], [ -35.62226, -6.20544 ], [ -35.62275, -6.20544 ], [ -35.62411, -6.20468 ], [ -35.6244, -6.20413 ], [ -35.62421, -6.20268 ], [ -35.62432, -6.20243 ], [ -35.62471, -6.20228 ], [ -35.62623, -6.20285 ], [ -35.62706, -6.20347 ], [ -35.62851, -6.2061 ], [ -35.62984, -6.20768 ], [ -35.63247, -6.20944 ], [ -35.63291, -6.20948 ], [ -35.63412, -6.20875 ], [ -35.63625, -6.21011 ], [ -35.63726, -6.21052 ], [ -35.63935, -6.2108 ], [ -35.64021, -6.21173 ], [ -35.64068, -6.21252 ], [ -35.64191, -6.21359 ], [ -35.64404, -6.215 ], [ -35.64452, -6.21567 ], [ -35.64567, -6.21726 ], [ -35.64686, -6.21844 ], [ -35.64805, -6.21932 ], [ -35.64931, -6.21982 ], [ -35.65053, -6.22006 ], [ -35.65316, -6.2203 ], [ -35.65359, -6.22059 ], [ -35.65428, -6.22181 ], [ -35.65471, -6.222 ], [ -35.65525, -6.222 ], [ -35.65815, -6.2207 ], [ -35.6587, -6.22076 ], [ -35.65999, -6.22221 ], [ -35.66305, -6.19986 ], [ -35.66317, -6.199 ], [ -35.66332, -6.1979 ], [ -35.68932, -6.1959 ], [ -35.74065, -6.18268 ], [ -35.72138, -6.17314 ], [ -35.72021, -6.17643 ], [ -35.68219, -6.16817 ], [ -35.66263, -6.17439 ], [ -35.6538, -6.17719 ], [ -35.64896, -6.16896 ], [ -35.64042, -6.15445 ], [ -35.63862, -6.13772 ], [ -35.6386, -6.13753 ], [ -35.62518, -6.12654 ], [ -35.60509, -6.11008 ], [ -35.6029, -6.10829 ], [ -35.58887, -6.0968 ], [ -35.58759, -6.09493 ], [ -35.58517, -6.09234 ], [ -35.58264, -6.09007 ], [ -35.58069, -6.08895 ], [ -35.57997, -6.08829 ], [ -35.57925, -6.08762 ], [ -35.57922, -6.08758 ], [ -35.57756, -6.08554 ], [ -35.57551, -6.08254 ], [ -35.57358, -6.08039 ], [ -35.572, -6.07946 ], [ -35.57078, -6.07954 ], [ -35.55773, -6.04678 ], [ -35.55658, -6.04702 ], [ -35.55534, -6.04782 ], [ -35.55397, -6.04805 ], [ -35.55273, -6.04801 ], [ -35.55132, -6.04833 ], [ -35.54982, -6.04931 ], [ -35.54938, -6.04976 ], [ -35.54916, -6.04998 ], [ -35.54916, -6.04998 ], [ -35.5485, -6.05065 ], [ -35.54811, -6.05141 ], [ -35.54799, -6.05164 ], [ -35.54714, -6.0533 ], [ -35.54684, -6.05378 ], [ -35.54673, -6.05395 ], [ -35.54596, -6.055 ], [ -35.54596, -6.055 ], [ -35.54595, -6.05501 ], [ -35.54539, -6.05563 ], [ -35.54539, -6.05564 ], [ -35.54493, -6.05621 ], [ -35.54492, -6.05622 ], [ -35.54474, -6.05645 ], [ -35.54338, -6.05816 ], [ -35.54286, -6.05931 ], [ -35.54244, -6.06025 ], [ -35.54086, -6.06644 ], [ -35.53799, -6.07317 ], [ -35.53705, -6.07444 ], [ -35.53665, -6.07536 ], [ -35.53681, -6.07674 ], [ -35.53793, -6.08078 ], [ -35.53605, -6.08312 ], [ -35.53603, -6.08401 ], [ -35.53638, -6.08584 ], [ -35.53642, -6.08701 ], [ -35.53601, -6.08811 ], [ -35.53484, -6.08967 ], [ -35.5342, -6.09023 ], [ -35.53172, -6.09164 ], [ -35.53649, -6.0937 ], [ -35.5386, -6.09486 ], [ -35.54171, -6.09708 ], [ -35.54156, -6.10036 ], [ -35.54156, -6.10046 ], [ -35.54156, -6.10046 ], [ -35.54146, -6.10266 ], [ -35.54101, -6.11239 ], [ -35.53969, -6.1183 ] ] ] } },
{ "type": "Feature", "properties": { "CD_MUN": "2408409", "NM_MUN": "Olho d'Água do Borges", "CD_RGI": "240010", "NM_RGI": "Pau dos Ferros", "CD_RGINT": "2403", "NM_RGINT": "Mossoró", "CD_UF": "24", "NM_UF": "Rio Grande do Norte", "SIGLA_UF": "RN", "CD_REGIA": "2", "NM_REGIA": "Nordeste", "SIGLA_RG": "NE", "CD_CONCU": null, "NM_CONCU": null, "AREA_KM2": 136.393 }, "geometry": { "type": "Polygon", "coordinates": [ [ [ -37.70618, -6.04857 ], [ -37.70864, -6.04937 ], [ -37.70995, -6.04782 ], [ -37.71166, -6.04728 ], [ -37.71368, -6.04573 ], [ -37.71509, -6.04556 ], [ -37.71563, -6.04522 ], [ -37.7164, -6.04407 ], [ -37.7174, -6.04327 ], [ -37.7188, -6.04243 ], [ -37.72166, -6.04113 ], [ -37.72196, -6.04055 ], [ -37.72208, -6.03722 ], [ -37.72256, -6.03671 ], [ -37.72498, -6.03651 ], [ -37.72558, -6.03548 ], [ -37.72611, -6.03341 ], [ -37.727, -6.03284 ], [ -37.72854, -6.03296 ], [ -37.73184, -6.03519 ], [ -37.73285, -6.03249 ], [ -37.73335, -6.0325 ], [ -37.73414, -6.03312 ], [ -37.73468, -6.03328 ], [ -37.73494, -6.03302 ], [ -37.73553, -6.03142 ], [ -37.73575, -6.02986 ], [ -37.7357, -6.0287 ], [ -37.73544, -6.02813 ], [ -37.73469, -6.0275 ], [ -37.73427, -6.02683 ], [ -37.73528, -6.02543 ], [ -37.73598, -6.02476 ], [ -37.73987, -6.02329 ], [ -37.73998, -6.02272 ], [ -37.74089, -6.02132 ], [ -37.74094, -6.02081 ], [ -37.74073, -6.02008 ], [ -37.7394, -6.01775 ], [ -37.73942, -6.01731 ], [ -37.73973, -6.01671 ], [ -37.74075, -6.01317 ], [ -37.74267, -6.01201 ], [ -37.74382, -6.0116 ], [ -37.74507, -6.01153 ], [ -37.7471, -6.01025 ], [ -37.74747, -6.00994 ], [ -37.74788, -6.00836 ], [ -37.74858, -6.0087 ], [ -37.75246, -6.00775 ], [ -37.75412, -6.00772 ], [ -37.75639, -6.00627 ], [ -37.76009, -6.00638 ], [ -37.76372, -6.00521 ], [ -37.76655, -6.00374 ], [ -37.76879, -6.003 ], [ -37.76949, -6.00276 ], [ -37.77138, -6.00194 ], [ -37.77224, -6.00184 ], [ -37.77253, -6.00125 ], [ -37.77305, -6.00073 ], [ -37.77347, -5.99985 ], [ -37.77306, -5.9988 ], [ -37.7713, -5.99724 ], [ -37.76904, -5.9959 ], [ -37.76724, -5.99455 ], [ -37.76631, -5.99373 ], [ -37.76596, -5.99268 ], [ -37.76631, -5.99148 ], [ -37.76748, -5.98985 ], [ -37.76807, -5.98821 ], [ -37.7679, -5.98675 ], [ -37.76837, -5.98582 ], [ -37.7686, -5.98459 ], [ -37.76854, -5.98377 ], [ -37.769, -5.98295 ], [ -37.76995, -5.98124 ], [ -37.77142, -5.97488 ], [ -37.77061, -5.97216 ], [ -37.77085, -5.97146 ], [ -37.77172, -5.97 ], [ -37.77202, -5.96848 ], [ -37.77161, -5.96743 ], [ -37.77085, -5.96679 ], [ -37.76963, -5.96614 ], [ -37.76929, -5.96538 ], [ -37.76969, -5.96477 ], [ -37.7708, -5.96372 ], [ -37.77279, -5.9625 ], [ -37.77361, -5.96174 ], [ -37.77408, -5.96075 ], [ -37.7739, -5.96011 ], [ -37.77035, -5.95779 ], [ -37.77, -5.95697 ], [ -37.7703, -5.95604 ], [ -37.77048, -5.95393 ], [ -37.77025, -5.95312 ], [ -37.76931, -5.95253 ], [ -37.76663, -5.95209 ], [ -37.76611, -5.95144 ], [ -37.76611, -5.9494 ], [ -37.76571, -5.94817 ], [ -37.76361, -5.94665 ], [ -37.76035, -5.94556 ], [ -37.75862, -5.94216 ], [ -37.75669, -5.94012 ], [ -37.75436, -5.9391 ], [ -37.75436, -5.9391 ], [ -37.75435, -5.9391 ], [ -37.75245, -5.93845 ], [ -37.75121, -5.93803 ], [ -37.74982, -5.93785 ], [ -37.74901, -5.93788 ], [ -37.74827, -5.93795 ], [ -37.74723, -5.93814 ], [ -37.74652, -5.93815 ], [ -37.74614, -5.93809 ], [ -37.74519, -5.93772 ], [ -37.74357, -5.93672 ], [ -37.74291, -5.93598 ], [ -37.74283, -5.93511 ], [ -37.74226, -5.93407 ], [ -37.74141, -5.9339 ], [ -37.73992, -5.93379 ], [ -37.73866, -5.93292 ], [ -37.73835, -5.93246 ], [ -37.73767, -5.93042 ], [ -37.73669, -5.9291 ], [ -37.73592, -5.92853 ], [ -37.73458, -5.92842 ], [ -37.73358, -5.9291 ], [ -37.7319, -5.92889 ], [ -37.7297, -5.92793 ], [ -37.728, -5.92759 ], [ -37.7268, -5.92777 ], [ -37.72623, -5.92817 ], [ -37.72578, -5.92803 ], [ -37.7251, -5.92731 ], [ -37.72455, -5.92706 ], [ -37.72412, -5.92671 ], [ -37.72386, -5.92642 ], [ -37.72368, -5.92545 ], [ -37.72327, -5.92468 ], [ -37.72278, -5.92437 ], [ -37.72238, -5.92445 ], [ -37.72174, -5.9241 ], [ -37.72018, -5.92292 ], [ -37.71869, -5.92174 ], [ -37.71759, -5.92061 ], [ -37.71699, -5.92004 ], [ -37.71609, -5.91964 ], [ -37.71414, -5.91931 ], [ -37.71299, -5.91906 ], [ -37.64858, -5.94131 ], [ -37.65057, -5.95338 ], [ -37.65696, -5.99197 ], [ -37.67452, -6.01738 ], [ -37.67248, -6.04753 ], [ -37.67245, -6.04793 ], [ -37.67488, -6.04705 ], [ -37.67976, -6.04693 ], [ -37.68109, -6.04674 ], [ -37.68358, -6.04709 ], [ -37.6854, -6.04787 ], [ -37.68925, -6.04875 ], [ -37.69445, -6.04966 ], [ -37.69833, -6.0497 ], [ -37.7003, -6.05023 ], [ -37.70081, -6.05058 ], [ -37.70219, -6.04928 ], [ -37.70463, -6.04844 ], [ -37.70618, -6.04857 ] ] ] } },
{ "type": "Feature", "properties": { "CD_MUN": "2407104", "NM_MUN": "Macaíba", "CD_RGI": "240001", "NM_RGI": "Natal", "CD_RGINT": "2401", "NM_RGINT": "Natal", "CD_UF": "24", "NM_UF": "Rio Grande do Norte", "SIGLA_UF": "RN", "CD_REGIA": "2", "NM_REGIA": "Nordeste", "SIGLA_RG": "NE", "CD_CONCU": "2408102", "NM_CONCU": "Natal\/RN", "AREA_KM2": 510.092 }, "geometry": { "type": "Polygon", "coordinates": [ [ [ -35.32414, -5.83784 ], [ -35.32411, -5.83784 ], [ -35.32354, -5.83778 ], [ -35.30863, -5.83632 ], [ -35.3085, -5.83668 ], [ -35.30723, -5.83782 ], [ -35.30451, -5.83953 ], [ -35.30451, -5.83953 ], [ -35.30393, -5.83961 ], [ -35.30389, -5.83967 ], [ -35.30322, -5.83978 ], [ -35.30108, -5.8397 ], [ -35.29855, -5.83881 ], [ -35.29687, -5.83744 ], [ -35.29261, -5.83465 ], [ -35.29071, -5.83244 ], [ -35.28877, -5.83121 ], [ -35.28588, -5.83021 ], [ -35.28197, -5.82947 ], [ -35.28196, -5.83006 ], [ -35.28172, -5.83173 ], [ -35.28163, -5.83368 ], [ -35.28091, -5.83591 ], [ -35.28071, -5.83655 ], [ -35.28246, -5.83678 ], [ -35.28305, -5.838 ], [ -35.28282, -5.83959 ], [ -35.28246, -5.84206 ], [ -35.28256, -5.84385 ], [ -35.28264, -5.84481 ], [ -35.28269, -5.8455 ], [ -35.28267, -5.84598 ], [ -35.28262, -5.84704 ], [ -35.28258, -5.84822 ], [ -35.28257, -5.8485 ], [ -35.28257, -5.84851 ], [ -35.28253, -5.84952 ], [ -35.28253, -5.84952 ], [ -35.28253, -5.84958 ], [ -35.28241, -5.84982 ], [ -35.28452, -5.86637 ], [ -35.28605, -5.87834 ], [ -35.28623, -5.87971 ], [ -35.28665, -5.88324 ], [ -35.28696, -5.88574 ], [ -35.28708, -5.88663 ], [ -35.2892, -5.90349 ], [ -35.28974, -5.90782 ], [ -35.28989, -5.90906 ], [ -35.29059, -5.9091 ], [ -35.28941, -5.91109 ], [ -35.28973, -5.91117 ], [ -35.29014, -5.91133 ], [ -35.29031, -5.9114 ], [ -35.2909, -5.91163 ], [ -35.28961, -5.91355 ], [ -35.29051, -5.91396 ], [ -35.29103, -5.91416 ], [ -35.29023, -5.91626 ], [ -35.29083, -5.91651 ], [ -35.29142, -5.91675 ], [ -35.29059, -5.91888 ], [ -35.29116, -5.91911 ], [ -35.29147, -5.92149 ], [ -35.29135, -5.92169 ], [ -35.29124, -5.92185 ], [ -35.29092, -5.92237 ], [ -35.29171, -5.92284 ], [ -35.29172, -5.92284 ], [ -35.29144, -5.92331 ], [ -35.29143, -5.92332 ], [ -35.29114, -5.92376 ], [ -35.29197, -5.92425 ], [ -35.29186, -5.92442 ], [ -35.29184, -5.92446 ], [ -35.29188, -5.92485 ], [ -35.29225, -5.92779 ], [ -35.2927, -5.9313 ], [ -35.29303, -5.93393 ], [ -35.29336, -5.93656 ], [ -35.29359, -5.93837 ], [ -35.29426, -5.9437 ], [ -35.29474, -5.94752 ], [ -35.29483, -5.94824 ], [ -35.29488, -5.94864 ], [ -35.2949, -5.94885 ], [ -35.29505, -5.95 ], [ -35.29506, -5.95008 ], [ -35.29609, -5.95824 ], [ -35.29819, -5.95832 ], [ -35.30192, -5.9581 ], [ -35.30395, -5.95832 ], [ -35.30522, -5.95885 ], [ -35.30889, -5.96171 ], [ -35.31067, -5.96269 ], [ -35.31211, -5.96378 ], [ -35.31295, -5.96458 ], [ -35.31309, -5.96477 ], [ -35.31536, -5.9677 ], [ -35.31681, -5.96854 ], [ -35.31738, -5.96887 ], [ -35.31794, -5.9692 ], [ -35.32144, -5.9702 ], [ -35.32977, -5.97423 ], [ -35.33109, -5.97465 ], [ -35.33139, -5.97467 ], [ -35.33241, -5.97472 ], [ -35.33373, -5.97414 ], [ -35.3345, -5.9736 ], [ -35.33558, -5.9734 ], [ -35.33682, -5.97372 ], [ -35.33788, -5.97367 ], [ -35.33892, -5.97335 ], [ -35.34162, -5.97302 ], [ -35.34381, -5.97348 ], [ -35.34497, -5.97399 ], [ -35.34856, -5.97656 ], [ -35.3523, -5.9778 ], [ -35.35492, -5.97841 ], [ -35.35754, -5.97938 ], [ -35.35878, -5.98017 ], [ -35.35961, -5.98108 ], [ -35.36014, -5.98129 ], [ -35.36211, -5.98153 ], [ -35.36252, -5.9817 ], [ -35.36294, -5.98189 ], [ -35.36437, -5.9833 ], [ -35.3662, -5.98456 ], [ -35.37052, -5.98563 ], [ -35.37156, -5.98603 ], [ -35.37344, -5.98738 ], [ -35.40655, -6.00051 ], [ -35.41942, -6.00543 ], [ -35.42167, -6.00629 ], [ -35.42203, -6.00642 ], [ -35.42203, -6.00643 ], [ -35.42236, -6.00655 ], [ -35.45263, -6.01809 ], [ -35.53881, -6.05093 ], [ -35.54028, -6.0515 ], [ -35.54211, -6.05219 ], [ -35.54673, -6.05395 ], [ -35.54684, -6.05378 ], [ -35.54714, -6.0533 ], [ -35.54799, -6.05164 ], [ -35.54811, -6.05141 ], [ -35.5485, -6.05065 ], [ -35.54916, -6.04998 ], [ -35.54916, -6.04998 ], [ -35.54938, -6.04976 ], [ -35.54982, -6.04931 ], [ -35.55132, -6.04833 ], [ -35.55273, -6.04801 ], [ -35.55397, -6.04805 ], [ -35.55534, -6.04782 ], [ -35.55658, -6.04702 ], [ -35.55773, -6.04678 ], [ -35.54124, -6.00533 ], [ -35.53975, -6.00159 ], [ -35.53748, -5.99589 ], [ -35.5374, -5.99568 ], [ -35.54086, -5.98671 ], [ -35.54095, -5.98649 ], [ -35.54103, -5.98629 ], [ -35.54353, -5.9798 ], [ -35.54704, -5.97072 ], [ -35.55562, -5.9485 ], [ -35.55592, -5.9482 ], [ -35.57223, -5.93231 ], [ -35.56991, -5.9296 ], [ -35.55304, -5.90989 ], [ -35.52909, -5.88191 ], [ -35.52901, -5.88181 ], [ -35.49021, -5.83271 ], [ -35.48903, -5.83121 ], [ -35.48827, -5.83045 ], [ -35.4875, -5.82969 ], [ -35.48674, -5.83004 ], [ -35.48623, -5.82987 ], [ -35.48503, -5.82993 ], [ -35.48048, -5.83166 ], [ -35.47889, -5.83253 ], [ -35.47159, -5.83482 ], [ -35.47085, -5.83506 ], [ -35.46866, -5.83574 ], [ -35.46845, -5.83581 ], [ -35.46821, -5.83589 ], [ -35.46812, -5.83591 ], [ -35.46666, -5.83631 ], [ -35.46476, -5.83683 ], [ -35.46351, -5.83717 ], [ -35.46091, -5.83788 ], [ -35.45468, -5.83958 ], [ -35.45457, -5.83961 ], [ -35.45411, -5.83974 ], [ -35.43194, -5.84422 ], [ -35.43195, -5.84524 ], [ -35.42671, -5.84504 ], [ -35.40777, -5.84433 ], [ -35.38949, -5.84365 ], [ -35.38578, -5.84351 ], [ -35.37892, -5.84325 ], [ -35.37886, -5.84325 ], [ -35.37876, -5.84324 ], [ -35.37339, -5.84271 ], [ -35.36782, -5.84215 ], [ -35.36751, -5.84212 ], [ -35.36652, -5.84203 ], [ -35.36646, -5.84202 ], [ -35.3664, -5.84201 ], [ -35.36579, -5.84195 ], [ -35.36567, -5.84194 ], [ -35.36211, -5.84159 ], [ -35.36195, -5.84157 ], [ -35.36059, -5.84144 ], [ -35.36058, -5.84143 ], [ -35.36055, -5.84143 ], [ -35.36046, -5.84142 ], [ -35.3604, -5.84142 ], [ -35.36035, -5.84141 ], [ -35.35957, -5.84133 ], [ -35.35944, -5.84132 ], [ -35.35932, -5.84131 ], [ -35.35879, -5.84126 ], [ -35.35873, -5.84125 ], [ -35.35871, -5.84125 ], [ -35.35864, -5.84124 ], [ -35.35485, -5.84087 ], [ -35.35474, -5.84086 ], [ -35.35308, -5.84069 ], [ -35.35303, -5.84069 ], [ -35.35299, -5.84068 ], [ -35.34942, -5.84033 ], [ -35.34936, -5.84032 ], [ -35.34932, -5.84032 ], [ -35.34738, -5.84012 ], [ -35.34733, -5.84012 ], [ -35.34237, -5.83963 ], [ -35.34236, -5.83963 ], [ -35.34215, -5.83961 ], [ -35.33304, -5.83871 ], [ -35.32996, -5.83841 ], [ -35.32798, -5.83822 ], [ -35.32687, -5.83811 ], [ -35.32632, -5.83805 ], [ -35.32414, -5.83784 ] ] ] } },
{ "type": "Feature", "properties": { "CD_MUN": "2400703", "NM_MUN": "Alto do Rodrigues", "CD_RGI": "240011", "NM_RGI": "Açu", "CD_RGINT": "2403", "NM_RGINT": "Mossoró", "CD_UF": "24", "NM_UF": "Rio Grande do Norte", "SIGLA_UF": "RN", "CD_REGIA": "2", "NM_REGIA": "Nordeste", "SIGLA_RG": "NE", "CD_CONCU": null, "NM_CONCU": null, "AREA_KM2": 191.334 }, "geometry": { "type": "Polygon", "coordinates": [ [ [ -36.7079, -5.40115 ], [ -36.70876, -5.4011 ], [ -36.73474, -5.39932 ], [ -36.73474, -5.39932 ], [ -36.73475, -5.39932 ], [ -36.80853, -5.39425 ], [ -36.81157, -5.39404 ], [ -36.8118, -5.39403 ], [ -36.81398, -5.39388 ], [ -36.83799, -5.39223 ], [ -36.83853, -5.38706 ], [ -36.83972, -5.3853 ], [ -36.84225, -5.38062 ], [ -36.84247, -5.37816 ], [ -36.84202, -5.37449 ], [ -36.84078, -5.37206 ], [ -36.83637, -5.36869 ], [ -36.83393, -5.3676 ], [ -36.83256, -5.36732 ], [ -36.83175, -5.36727 ], [ -36.82998, -5.36762 ], [ -36.82759, -5.36833 ], [ -36.82565, -5.36868 ], [ -36.82059, -5.36843 ], [ -36.81832, -5.36949 ], [ -36.8169, -5.36974 ], [ -36.81417, -5.36913 ], [ -36.81259, -5.36815 ], [ -36.81173, -5.36635 ], [ -36.81173, -5.36596 ], [ -36.81273, -5.36265 ], [ -36.81356, -5.35985 ], [ -36.81356, -5.35908 ], [ -36.81224, -5.34748 ], [ -36.81195, -5.34649 ], [ -36.81094, -5.3445 ], [ -36.80761, -5.33934 ], [ -36.80408, -5.3347 ], [ -36.80349, -5.3342 ], [ -36.80048, -5.3316 ], [ -36.80061, -5.33049 ], [ -36.80035, -5.32946 ], [ -36.79833, -5.32868 ], [ -36.7956, -5.32721 ], [ -36.79252, -5.32454 ], [ -36.78971, -5.32178 ], [ -36.78923, -5.32041 ], [ -36.78923, -5.31887 ], [ -36.78906, -5.31783 ], [ -36.78844, -5.31716 ], [ -36.7829, -5.31286 ], [ -36.78036, -5.30976 ], [ -36.77769, -5.30297 ], [ -36.77832, -5.29963 ], [ -36.77833, -5.29808 ], [ -36.77759, -5.29499 ], [ -36.77636, -5.29233 ], [ -36.77531, -5.29078 ], [ -36.772, -5.28882 ], [ -36.76909, -5.2868 ], [ -36.76749, -5.28549 ], [ -36.76681, -5.2848 ], [ -36.76666, -5.28464 ], [ -36.76584, -5.2838 ], [ -36.76511, -5.28332 ], [ -36.76229, -5.28177 ], [ -36.76052, -5.28014 ], [ -36.75934, -5.27887 ], [ -36.75456, -5.27268 ], [ -36.71049, -5.32129 ], [ -36.71031, -5.3215 ], [ -36.66436, -5.37218 ], [ -36.55541, -5.39491 ], [ -36.53738, -5.4128 ], [ -36.61089, -5.40779 ], [ -36.7079, -5.40115 ] ] ] } },
{ "type": "Feature", "properties": { "CD_MUN": "2414308", "NM_MUN": "Timbaúba dos Batistas", "CD_RGI": "240007", "NM_RGI": "Caicó", "CD_RGINT": "2402", "NM_RGINT": "Caicó", "CD_UF": "24", "NM_UF": "Rio Grande do Norte", "SIGLA_UF": "RN", "CD_REGIA": "2", "NM_REGIA": "Nordeste", "SIGLA_RG": "NE", "CD_CONCU": null, "NM_CONCU": null, "AREA_KM2": 135.456 }, "geometry": { "type": "Polygon", "coordinates": [ [ [ -37.28881, -6.42873 ], [ -37.2609, -6.40432 ], [ -37.25744, -6.40622 ], [ -37.2549, -6.40788 ], [ -37.2502, -6.41138 ], [ -37.24691, -6.4135 ], [ -37.24326, -6.41524 ], [ -37.23728, -6.41776 ], [ -37.23572, -6.41877 ], [ -37.22834, -6.42474 ], [ -37.22227, -6.42925 ], [ -37.22049, -6.43032 ], [ -37.21323, -6.43336 ], [ -37.21255, -6.43351 ], [ -37.21144, -6.43335 ], [ -37.20869, -6.43232 ], [ -37.20695, -6.43234 ], [ -37.20302, -6.43358 ], [ -37.20133, -6.43449 ], [ -37.19854, -6.43645 ], [ -37.19783, -6.43667 ], [ -37.19677, -6.43663 ], [ -37.19447, -6.43549 ], [ -37.19301, -6.43582 ], [ -37.19137, -6.43658 ], [ -37.19007, -6.43752 ], [ -37.18847, -6.43901 ], [ -37.19073, -6.44094 ], [ -37.19347, -6.44489 ], [ -37.19533, -6.44676 ], [ -37.195, -6.45294 ], [ -37.19557, -6.45503 ], [ -37.19954, -6.46346 ], [ -37.20581, -6.46953 ], [ -37.20619, -6.4699 ], [ -37.2053, -6.47044 ], [ -37.20501, -6.47258 ], [ -37.20359, -6.47507 ], [ -37.20275, -6.47876 ], [ -37.20482, -6.48705 ], [ -37.20526, -6.49141 ], [ -37.20507, -6.49618 ], [ -37.20581, -6.49973 ], [ -37.20241, -6.50664 ], [ -37.20223, -6.50856 ], [ -37.19988, -6.51104 ], [ -37.19926, -6.51317 ], [ -37.19964, -6.51474 ], [ -37.2051, -6.52063 ], [ -37.21001, -6.52443 ], [ -37.21145, -6.52653 ], [ -37.21345, -6.52743 ], [ -37.21364, -6.5297 ], [ -37.21316, -6.53039 ], [ -37.21144, -6.53125 ], [ -37.21123, -6.53184 ], [ -37.2121, -6.54034 ], [ -37.21326, -6.5429 ], [ -37.21451, -6.54848 ], [ -37.21664, -6.55032 ], [ -37.2167, -6.55101 ], [ -37.21522, -6.55304 ], [ -37.21691, -6.5594 ], [ -37.2209, -6.56224 ], [ -37.2221, -6.56448 ], [ -37.22533, -6.56491 ], [ -37.22963, -6.56737 ], [ -37.23047, -6.56834 ], [ -37.23082, -6.56945 ], [ -37.25412, -6.54501 ], [ -37.25403, -6.54299 ], [ -37.2544, -6.5417 ], [ -37.25723, -6.53885 ], [ -37.25804, -6.5373 ], [ -37.2569, -6.53632 ], [ -37.25682, -6.53522 ], [ -37.25849, -6.53428 ], [ -37.25893, -6.53238 ], [ -37.26165, -6.52731 ], [ -37.26112, -6.52459 ], [ -37.26023, -6.52353 ], [ -37.30055, -6.47588 ], [ -37.30064, -6.47577 ], [ -37.31848, -6.45467 ], [ -37.28881, -6.42873 ] ] ] } },
{ "type": "Feature", "properties": { "CD_MUN": "2403806", "NM_MUN": "Florânia", "CD_RGI": "240008", "NM_RGI": "Currais Novos", "CD_RGINT": "2402", "NM_RGINT": "Caicó", "CD_UF": "24", "NM_UF": "Rio Grande do Norte", "SIGLA_UF": "RN", "CD_REGIA": "2", "NM_REGIA": "Nordeste", "SIGLA_RG": "NE", "CD_CONCU": null, "NM_CONCU": null, "AREA_KM2": 507.892 }, "geometry": { "type": "Polygon", "coordinates": [ [ [ -36.82178, -6.29175 ], [ -36.82174, -6.29169 ], [ -36.8215, -6.29138 ], [ -36.82124, -6.29007 ], [ -36.82216, -6.2889 ], [ -36.82399, -6.2893 ], [ -36.82537, -6.28924 ], [ -36.82629, -6.28715 ], [ -36.82787, -6.28467 ], [ -36.82997, -6.28415 ], [ -36.83123, -6.28587 ], [ -36.83269, -6.28636 ], [ -36.83451, -6.28571 ], [ -36.83538, -6.28399 ], [ -36.83572, -6.27899 ], [ -36.83672, -6.27722 ], [ -36.83789, -6.27688 ], [ -36.83844, -6.27556 ], [ -36.83681, -6.27223 ], [ -36.83681, -6.27106 ], [ -36.83768, -6.26981 ], [ -36.83982, -6.26842 ], [ -36.84095, -6.26783 ], [ -36.84354, -6.26649 ], [ -36.8449, -6.26798 ], [ -36.84585, -6.26764 ], [ -36.8465, -6.26678 ], [ -36.84737, -6.26458 ], [ -36.84863, -6.26467 ], [ -36.84933, -6.26534 ], [ -36.84907, -6.26647 ], [ -36.84872, -6.26694 ], [ -36.85032, -6.26872 ], [ -36.85027, -6.26941 ], [ -36.85087, -6.26976 ], [ -36.85172, -6.2694 ], [ -36.85232, -6.26879 ], [ -36.85267, -6.26797 ], [ -36.8532, -6.26525 ], [ -36.85411, -6.26435 ], [ -36.85556, -6.26386 ], [ -36.85642, -6.26403 ], [ -36.85728, -6.26481 ], [ -36.85849, -6.26452 ], [ -36.86005, -6.26387 ], [ -36.86096, -6.26288 ], [ -36.8619, -6.26045 ], [ -36.86218, -6.25899 ], [ -36.86251, -6.25824 ], [ -36.86333, -6.25803 ], [ -36.86415, -6.25881 ], [ -36.86536, -6.25925 ], [ -36.86644, -6.25839 ], [ -36.86748, -6.25818 ], [ -36.86849, -6.25764 ], [ -36.86923, -6.25661 ], [ -36.86885, -6.25436 ], [ -36.86899, -6.25336 ], [ -36.8699, -6.25237 ], [ -36.87178, -6.25132 ], [ -36.87329, -6.25189 ], [ -36.87458, -6.25276 ], [ -36.87536, -6.25272 ], [ -36.87532, -6.25155 ], [ -36.87595, -6.25101 ], [ -36.87664, -6.25097 ], [ -36.87815, -6.25042 ], [ -36.87905, -6.25081 ], [ -36.88009, -6.25081 ], [ -36.88074, -6.25043 ], [ -36.88104, -6.24969 ], [ -36.88172, -6.24885 ], [ -36.88341, -6.24795 ], [ -36.88403, -6.24774 ], [ -36.88479, -6.2477 ], [ -36.8863, -6.24654 ], [ -36.8881, -6.246 ], [ -36.88853, -6.24536 ], [ -36.88836, -6.24428 ], [ -36.88927, -6.24385 ], [ -36.88983, -6.24402 ], [ -36.89001, -6.24327 ], [ -36.88997, -6.2426 ], [ -36.89045, -6.24169 ], [ -36.89138, -6.24094 ], [ -36.89246, -6.24086 ], [ -36.89315, -6.24056 ], [ -36.89337, -6.23995 ], [ -36.89466, -6.23991 ], [ -36.89532, -6.2394 ], [ -36.89442, -6.23893 ], [ -36.90115, -6.23893 ], [ -36.92302, -6.23895 ], [ -36.92405, -6.23895 ], [ -36.92306, -6.23304 ], [ -36.92286, -6.2256 ], [ -36.9232, -6.22317 ], [ -36.92382, -6.22089 ], [ -36.92693, -6.21575 ], [ -36.93192, -6.2119 ], [ -36.9382, -6.20655 ], [ -36.94128, -6.20329 ], [ -36.95023, -6.1956 ], [ -36.95216, -6.19408 ], [ -36.95732, -6.19076 ], [ -36.94861, -6.18541 ], [ -36.94604, -6.18433 ], [ -36.93973, -6.18431 ], [ -36.93458, -6.18835 ], [ -36.92914, -6.18426 ], [ -36.92551, -6.18211 ], [ -36.92168, -6.18146 ], [ -36.91813, -6.18165 ], [ -36.91449, -6.18292 ], [ -36.91148, -6.18634 ], [ -36.90432, -6.18481 ], [ -36.90187, -6.18158 ], [ -36.90058, -6.18072 ], [ -36.89695, -6.17985 ], [ -36.89215, -6.17662 ], [ -36.89314, -6.16149 ], [ -36.8942, -6.14529 ], [ -36.89847, -6.14142 ], [ -36.90051, -6.13566 ], [ -36.90186, -6.13428 ], [ -36.91227, -6.13379 ], [ -36.92446, -6.13199 ], [ -36.93308, -6.09332 ], [ -36.93405, -6.08896 ], [ -36.93393, -6.08888 ], [ -36.93378, -6.08879 ], [ -36.93135, -6.08731 ], [ -36.92557, -6.08378 ], [ -36.92116, -6.08205 ], [ -36.91181, -6.08188 ], [ -36.89935, -6.08592 ], [ -36.89873, -6.08577 ], [ -36.89217, -6.07887 ], [ -36.88531, -6.07114 ], [ -36.87509, -6.06332 ], [ -36.86974, -6.06096 ], [ -36.87142, -6.05364 ], [ -36.87011, -6.05113 ], [ -36.86779, -6.04848 ], [ -36.85872, -6.0458 ], [ -36.85539, -6.04428 ], [ -36.84911, -6.04141 ], [ -36.84376, -6.04045 ], [ -36.83491, -6.04151 ], [ -36.83635, -6.04929 ], [ -36.83611, -6.0524 ], [ -36.83362, -6.05379 ], [ -36.8302, -6.05315 ], [ -36.8295, -6.05424 ], [ -36.82093, -6.05389 ], [ -36.81251, -6.05324 ], [ -36.80132, -6.0501 ], [ -36.79915, -6.04841 ], [ -36.79559, -6.04252 ], [ -36.79336, -6.04011 ], [ -36.79118, -6.0394 ], [ -36.78973, -6.03928 ], [ -36.78805, -6.03939 ], [ -36.78637, -6.03992 ], [ -36.78502, -6.04122 ], [ -36.78367, -6.04361 ], [ -36.78328, -6.04445 ], [ -36.78236, -6.04801 ], [ -36.78213, -6.05008 ], [ -36.76657, -6.05616 ], [ -36.75531, -6.05569 ], [ -36.75519, -6.05617 ], [ -36.75492, -6.05655 ], [ -36.75501, -6.05698 ], [ -36.75389, -6.05791 ], [ -36.75261, -6.05982 ], [ -36.7518, -6.06041 ], [ -36.75166, -6.061 ], [ -36.7495, -6.06268 ], [ -36.74901, -6.06276 ], [ -36.7464, -6.06231 ], [ -36.74565, -6.06145 ], [ -36.74566, -6.06076 ], [ -36.7445, -6.0597 ], [ -36.74432, -6.05902 ], [ -36.74387, -6.0584 ], [ -36.74374, -6.05786 ], [ -36.74319, -6.0575 ], [ -36.74257, -6.05737 ], [ -36.74213, -6.05581 ], [ -36.74274, -6.05542 ], [ -36.74277, -6.05515 ], [ -36.73666, -6.05496 ], [ -36.73086, -6.0566 ], [ -36.72878, -6.05943 ], [ -36.72564, -6.0637 ], [ -36.71988, -6.07195 ], [ -36.72228, -6.07774 ], [ -36.72674, -6.08285 ], [ -36.72727, -6.08391 ], [ -36.7275, -6.08545 ], [ -36.72737, -6.08734 ], [ -36.72665, -6.08959 ], [ -36.72307, -6.0933 ], [ -36.71989, -6.09526 ], [ -36.72124, -6.09649 ], [ -36.72239, -6.09846 ], [ -36.72348, -6.09963 ], [ -36.72477, -6.10011 ], [ -36.72567, -6.10086 ], [ -36.72661, -6.10375 ], [ -36.72717, -6.10385 ], [ -36.7279, -6.10356 ], [ -36.72903, -6.10348 ], [ -36.73007, -6.10357 ], [ -36.73053, -6.10393 ], [ -36.73105, -6.1053 ], [ -36.732, -6.10647 ], [ -36.73384, -6.10761 ], [ -36.73592, -6.10849 ], [ -36.7383, -6.11028 ], [ -36.73888, -6.11088 ], [ -36.73931, -6.11178 ], [ -36.73917, -6.11219 ], [ -36.73862, -6.11227 ], [ -36.73697, -6.11206 ], [ -36.73356, -6.11034 ], [ -36.73268, -6.11019 ], [ -36.7322, -6.11051 ], [ -36.73153, -6.11291 ], [ -36.73131, -6.11502 ], [ -36.73134, -6.11657 ], [ -36.732, -6.1202 ], [ -36.73189, -6.12125 ], [ -36.73015, -6.12572 ], [ -36.72889, -6.12813 ], [ -36.72867, -6.12966 ], [ -36.7282, -6.13101 ], [ -36.72818, -6.13224 ], [ -36.72781, -6.1338 ], [ -36.72681, -6.13506 ], [ -36.72604, -6.13652 ], [ -36.72813, -6.14402 ], [ -36.72832, -6.1447 ], [ -36.72974, -6.14977 ], [ -36.7394, -6.15912 ], [ -36.74556, -6.16388 ], [ -36.74729, -6.16449 ], [ -36.74926, -6.1649 ], [ -36.74989, -6.16482 ], [ -36.7512, -6.16374 ], [ -36.75195, -6.16336 ], [ -36.75339, -6.16306 ], [ -36.75414, -6.1633 ], [ -36.75501, -6.16465 ], [ -36.75579, -6.16836 ], [ -36.75717, -6.17159 ], [ -36.75895, -6.17332 ], [ -36.75959, -6.17515 ], [ -36.76145, -6.17905 ], [ -36.76278, -6.18079 ], [ -36.76798, -6.18196 ], [ -36.77045, -6.18327 ], [ -36.77284, -6.18483 ], [ -36.77548, -6.18559 ], [ -36.77658, -6.18631 ], [ -36.77795, -6.18763 ], [ -36.77998, -6.1885 ], [ -36.78084, -6.18836 ], [ -36.7823, -6.18935 ], [ -36.78267, -6.19035 ], [ -36.78334, -6.19216 ], [ -36.78464, -6.19385 ], [ -36.78571, -6.19462 ], [ -36.78676, -6.1951 ], [ -36.78544, -6.19668 ], [ -36.78288, -6.19704 ], [ -36.77913, -6.19703 ], [ -36.77744, -6.19725 ], [ -36.77496, -6.19934 ], [ -36.7723, -6.20116 ], [ -36.77001, -6.20188 ], [ -36.7675, -6.20183 ], [ -36.76384, -6.20264 ], [ -36.74704, -6.20737 ], [ -36.74279, -6.20993 ], [ -36.74145, -6.21074 ], [ -36.73989, -6.21283 ], [ -36.7381, -6.21351 ], [ -36.73024, -6.21339 ], [ -36.72745, -6.21379 ], [ -36.71267, -6.218 ], [ -36.70747, -6.22024 ], [ -36.7037, -6.22076 ], [ -36.70565, -6.22823 ], [ -36.70793, -6.23363 ], [ -36.71059, -6.24134 ], [ -36.71364, -6.24803 ], [ -36.71774, -6.25632 ], [ -36.72142, -6.26199 ], [ -36.7237, -6.26328 ], [ -36.72669, -6.26579 ], [ -36.72791, -6.26657 ], [ -36.72978, -6.27036 ], [ -36.73124, -6.27275 ], [ -36.73251, -6.27692 ], [ -36.73398, -6.27885 ], [ -36.73493, -6.27969 ], [ -36.73531, -6.28098 ], [ -36.73481, -6.28463 ], [ -36.73558, -6.28573 ], [ -36.73615, -6.28727 ], [ -36.73525, -6.28919 ], [ -36.73441, -6.28983 ], [ -36.73415, -6.2906 ], [ -36.73424, -6.29137 ], [ -36.73658, -6.29449 ], [ -36.73757, -6.29674 ], [ -36.73868, -6.29867 ], [ -36.73929, -6.29934 ], [ -36.73928, -6.30085 ], [ -36.73892, -6.30179 ], [ -36.73979, -6.30345 ], [ -36.74152, -6.30543 ], [ -36.74336, -6.30706 ], [ -36.7433, -6.30752 ], [ -36.74474, -6.31053 ], [ -36.74618, -6.31102 ], [ -36.74848, -6.3145 ], [ -36.75237, -6.31672 ], [ -36.75415, -6.32054 ], [ -36.77287, -6.29839 ], [ -36.79751, -6.30154 ], [ -36.81438, -6.30369 ], [ -36.81504, -6.30406 ], [ -36.81622, -6.30367 ], [ -36.81544, -6.30262 ], [ -36.81584, -6.30066 ], [ -36.81663, -6.29896 ], [ -36.81684, -6.29641 ], [ -36.81893, -6.29668 ], [ -36.81906, -6.2955 ], [ -36.81985, -6.29419 ], [ -36.82142, -6.29354 ], [ -36.82203, -6.29294 ], [ -36.82241, -6.29257 ], [ -36.82207, -6.29212 ], [ -36.82206, -6.29211 ], [ -36.82206, -6.29211 ], [ -36.82178, -6.29175 ] ] ] } },
{ "type": "Feature", "properties": { "CD_MUN": "2413003", "NM_MUN": "São Vicente", "CD_RGI": "240008", "NM_RGI": "Currais Novos", "CD_RGINT": "2402", "NM_RGINT": "Caicó", "CD_UF": "24", "NM_UF": "Rio Grande do Norte", "SIGLA_UF": "RN", "CD_REGIA": "2", "NM_REGIA": "Nordeste", "SIGLA_RG": "NE", "CD_CONCU": null, "NM_CONCU": null, "AREA_KM2": 197.817 }, "geometry": { "type": "Polygon", "coordinates": [ [ [ -36.61822, -6.16829 ], [ -36.61672, -6.17077 ], [ -36.61566, -6.17465 ], [ -36.61887, -6.19237 ], [ -36.61768, -6.19541 ], [ -36.61604, -6.1969 ], [ -36.61359, -6.19809 ], [ -36.60781, -6.20364 ], [ -36.60415, -6.2121 ], [ -36.60337, -6.21308 ], [ -36.59985, -6.21463 ], [ -36.59918, -6.21607 ], [ -36.60097, -6.22625 ], [ -36.60556, -6.22736 ], [ -36.60666, -6.2283 ], [ -36.60685, -6.22972 ], [ -36.60618, -6.23077 ], [ -36.6019, -6.23117 ], [ -36.59947, -6.23196 ], [ -36.59868, -6.23441 ], [ -36.59902, -6.23851 ], [ -36.59857, -6.24158 ], [ -36.59745, -6.24346 ], [ -36.59587, -6.24465 ], [ -36.59293, -6.24464 ], [ -36.59188, -6.24529 ], [ -36.59165, -6.24773 ], [ -36.59642, -6.26226 ], [ -36.6049, -6.27467 ], [ -36.60679, -6.27832 ], [ -36.6079, -6.28707 ], [ -36.60682, -6.28942 ], [ -36.60459, -6.29037 ], [ -36.61384, -6.29307 ], [ -36.61547, -6.29331 ], [ -36.61751, -6.29232 ], [ -36.61883, -6.29082 ], [ -36.61968, -6.28814 ], [ -36.62108, -6.28708 ], [ -36.62338, -6.28599 ], [ -36.62507, -6.28644 ], [ -36.62599, -6.28588 ], [ -36.62622, -6.28553 ], [ -36.62703, -6.28233 ], [ -36.6281, -6.28038 ], [ -36.6282, -6.27682 ], [ -36.62902, -6.27521 ], [ -36.62828, -6.27147 ], [ -36.62836, -6.27113 ], [ -36.6296, -6.26928 ], [ -36.63061, -6.26851 ], [ -36.63205, -6.26863 ], [ -36.63981, -6.2713 ], [ -36.64525, -6.27045 ], [ -36.64584, -6.27059 ], [ -36.65199, -6.27341 ], [ -36.65474, -6.27222 ], [ -36.65526, -6.27239 ], [ -36.65542, -6.27262 ], [ -36.65547, -6.27385 ], [ -36.65731, -6.27415 ], [ -36.65797, -6.27609 ], [ -36.65855, -6.2767 ], [ -36.65965, -6.27652 ], [ -36.66044, -6.27713 ], [ -36.6607, -6.27794 ], [ -36.66253, -6.27852 ], [ -36.67025, -6.27537 ], [ -36.6725, -6.27527 ], [ -36.67349, -6.2736 ], [ -36.67374, -6.27147 ], [ -36.67562, -6.26997 ], [ -36.67796, -6.27132 ], [ -36.68159, -6.26981 ], [ -36.68307, -6.2704 ], [ -36.68487, -6.2718 ], [ -36.68528, -6.27192 ], [ -36.68598, -6.27182 ], [ -36.68692, -6.27259 ], [ -36.68729, -6.27367 ], [ -36.6896, -6.27458 ], [ -36.69205, -6.27259 ], [ -36.69288, -6.27261 ], [ -36.69572, -6.27419 ], [ -36.69637, -6.27499 ], [ -36.69763, -6.27655 ], [ -36.69859, -6.27686 ], [ -36.69931, -6.27676 ], [ -36.69942, -6.27656 ], [ -36.70005, -6.27546 ], [ -36.70166, -6.27405 ], [ -36.70303, -6.27428 ], [ -36.70517, -6.27578 ], [ -36.70784, -6.2769 ], [ -36.70959, -6.27696 ], [ -36.71002, -6.2781 ], [ -36.71065, -6.28689 ], [ -36.71295, -6.28937 ], [ -36.71326, -6.29003 ], [ -36.71357, -6.29101 ], [ -36.71349, -6.29435 ], [ -36.71535, -6.29469 ], [ -36.71575, -6.29526 ], [ -36.71639, -6.301 ], [ -36.73856, -6.30181 ], [ -36.74037, -6.30491 ], [ -36.7433, -6.30752 ], [ -36.74336, -6.30706 ], [ -36.74152, -6.30543 ], [ -36.73979, -6.30345 ], [ -36.73892, -6.30179 ], [ -36.73928, -6.30085 ], [ -36.73929, -6.29934 ], [ -36.73868, -6.29867 ], [ -36.73757, -6.29674 ], [ -36.73658, -6.29449 ], [ -36.73424, -6.29137 ], [ -36.73415, -6.2906 ], [ -36.73441, -6.28983 ], [ -36.73525, -6.28919 ], [ -36.73615, -6.28727 ], [ -36.73558, -6.28573 ], [ -36.73481, -6.28463 ], [ -36.73531, -6.28098 ], [ -36.73493, -6.27969 ], [ -36.73398, -6.27885 ], [ -36.73251, -6.27692 ], [ -36.73124, -6.27275 ], [ -36.72978, -6.27036 ], [ -36.72791, -6.26657 ], [ -36.72669, -6.26579 ], [ -36.7237, -6.26328 ], [ -36.72142, -6.26199 ], [ -36.71774, -6.25632 ], [ -36.71364, -6.24803 ], [ -36.71059, -6.24134 ], [ -36.70793, -6.23363 ], [ -36.70565, -6.22823 ], [ -36.7037, -6.22076 ], [ -36.70297, -6.22087 ], [ -36.70261, -6.22006 ], [ -36.70274, -6.21988 ], [ -36.71352, -6.20524 ], [ -36.71577, -6.19896 ], [ -36.71604, -6.19628 ], [ -36.71504, -6.19363 ], [ -36.71292, -6.1918 ], [ -36.71232, -6.19155 ], [ -36.70913, -6.19021 ], [ -36.70721, -6.18838 ], [ -36.70562, -6.18297 ], [ -36.70537, -6.1802 ], [ -36.70568, -6.16829 ], [ -36.69996, -6.16375 ], [ -36.69997, -6.16371 ], [ -36.70115, -6.1543 ], [ -36.70133, -6.15054 ], [ -36.70031, -6.14813 ], [ -36.70059, -6.14533 ], [ -36.68316, -6.12808 ], [ -36.68282, -6.12774 ], [ -36.65318, -6.11208 ], [ -36.65327, -6.11184 ], [ -36.63872, -6.08901 ], [ -36.63617, -6.09914 ], [ -36.63445, -6.1028 ], [ -36.63364, -6.10338 ], [ -36.62863, -6.10693 ], [ -36.62728, -6.10852 ], [ -36.62592, -6.11206 ], [ -36.6239, -6.11535 ], [ -36.62304, -6.11926 ], [ -36.62215, -6.12328 ], [ -36.62231, -6.13176 ], [ -36.62287, -6.14085 ], [ -36.62732, -6.15148 ], [ -36.62794, -6.15534 ], [ -36.62684, -6.15837 ], [ -36.62539, -6.1604 ], [ -36.61822, -6.16829 ] ] ] } },
{ "type": "Feature", "properties": { "CD_MUN": "2409704", "NM_MUN": "Pedro Avelino", "CD_RGI": "240005", "NM_RGI": "João Câmara", "CD_RGINT": "2401", "NM_RGINT": "Natal", "CD_UF": "24", "NM_UF": "Rio Grande do Norte", "SIGLA_UF": "RN", "CD_REGIA": "2", "NM_REGIA": "Nordeste", "SIGLA_RG": "NE", "CD_CONCU": null, "NM_CONCU": null, "AREA_KM2": 952.755 }, "geometry": { "type": "Polygon", "coordinates": [ [ [ -36.2413, -5.38432 ], [ -36.22323, -5.43387 ], [ -36.17973, -5.47753 ], [ -36.195, -5.51495 ], [ -36.19549, -5.51613 ], [ -36.1972, -5.51542 ], [ -36.2001, -5.51671 ], [ -36.2004, -5.51814 ], [ -36.19699, -5.51982 ], [ -36.20066, -5.52882 ], [ -36.21662, -5.56795 ], [ -36.22982, -5.60031 ], [ -36.22984, -5.60035 ], [ -36.26224, -5.67988 ], [ -36.26912, -5.68022 ], [ -36.26961, -5.68007 ], [ -36.27124, -5.67898 ], [ -36.27391, -5.67624 ], [ -36.27696, -5.67389 ], [ -36.27766, -5.67308 ], [ -36.27825, -5.67187 ], [ -36.2795, -5.67046 ], [ -36.28471, -5.66977 ], [ -36.28562, -5.66935 ], [ -36.2863, -5.66855 ], [ -36.28692, -5.6673 ], [ -36.28803, -5.66384 ], [ -36.28848, -5.66303 ], [ -36.28935, -5.66242 ], [ -36.29043, -5.66194 ], [ -36.29455, -5.66048 ], [ -36.29563, -5.65977 ], [ -36.29669, -5.65879 ], [ -36.29847, -5.65609 ], [ -36.29923, -5.65525 ], [ -36.30145, -5.65396 ], [ -36.30517, -5.65108 ], [ -36.30695, -5.65026 ], [ -36.31789, -5.64742 ], [ -36.32813, -5.64412 ], [ -36.46991, -5.59837 ], [ -36.46747, -5.57974 ], [ -36.46281, -5.54426 ], [ -36.4627, -5.54343 ], [ -36.4554, -5.48774 ], [ -36.45524, -5.48654 ], [ -36.43987, -5.36988 ], [ -36.43266, -5.36138 ], [ -36.42128, -5.34796 ], [ -36.41924, -5.34264 ], [ -36.41451, -5.33774 ], [ -36.41033, -5.33415 ], [ -36.40727, -5.33246 ], [ -36.40592, -5.33136 ], [ -36.40357, -5.32998 ], [ -36.40148, -5.32852 ], [ -36.39898, -5.32711 ], [ -36.39501, -5.32592 ], [ -36.38629, -5.32025 ], [ -36.38334, -5.31801 ], [ -36.38127, -5.31487 ], [ -36.38034, -5.27127 ], [ -36.38018, -5.27055 ], [ -36.36819, -5.25078 ], [ -36.36768, -5.25098 ], [ -36.36569, -5.25179 ], [ -36.3634, -5.25271 ], [ -36.36072, -5.25379 ], [ -36.36015, -5.25403 ], [ -36.35912, -5.25437 ], [ -36.35866, -5.25454 ], [ -36.35822, -5.2547 ], [ -36.35786, -5.25483 ], [ -36.35782, -5.25484 ], [ -36.35778, -5.25486 ], [ -36.35778, -5.25486 ], [ -36.35743, -5.25502 ], [ -36.35743, -5.25502 ], [ -36.35703, -5.25519 ], [ -36.35695, -5.25522 ], [ -36.3567, -5.25533 ], [ -36.35637, -5.25546 ], [ -36.35611, -5.25557 ], [ -36.35601, -5.25561 ], [ -36.356, -5.25561 ], [ -36.35498, -5.25603 ], [ -36.35459, -5.25618 ], [ -36.35451, -5.25621 ], [ -36.35327, -5.25671 ], [ -36.3532, -5.25674 ], [ -36.35285, -5.25688 ], [ -36.35226, -5.25712 ], [ -36.3473, -5.25914 ], [ -36.34716, -5.2592 ], [ -36.32732, -5.26762 ], [ -36.32717, -5.26769 ], [ -36.32247, -5.26968 ], [ -36.32239, -5.26971 ], [ -36.27584, -5.28948 ], [ -36.27565, -5.28999 ], [ -36.2413, -5.38432 ] ] ] } },
{ "type": "Feature", "properties": { "CD_MUN": "2410801", "NM_MUN": "Riacho de Santana", "CD_RGI": "240010", "NM_RGI": "Pau dos Ferros", "CD_RGINT": "2403", "NM_RGINT": "Mossoró", "CD_UF": "24", "NM_UF": "Rio Grande do Norte", "SIGLA_UF": "RN", "CD_REGIA": "2", "NM_REGIA": "Nordeste", "SIGLA_RG": "NE", "CD_CONCU": null, "NM_CONCU": null, "AREA_KM2": 128.106 }, "geometry": { "type": "Polygon", "coordinates": [ [ [ -38.30158, -6.24131 ], [ -38.29903, -6.23747 ], [ -38.29484, -6.23934 ], [ -38.29039, -6.23622 ], [ -38.28623, -6.23989 ], [ -38.28209, -6.23996 ], [ -38.27971, -6.23759 ], [ -38.27958, -6.23746 ], [ -38.27957, -6.23743 ], [ -38.27197, -6.22262 ], [ -38.26147, -6.22844 ], [ -38.26146, -6.22845 ], [ -38.26105, -6.22961 ], [ -38.25678, -6.24157 ], [ -38.2491, -6.24704 ], [ -38.24913, -6.24926 ], [ -38.24923, -6.25879 ], [ -38.2497, -6.26251 ], [ -38.25117, -6.26538 ], [ -38.25382, -6.26927 ], [ -38.25851, -6.27561 ], [ -38.24835, -6.28881 ], [ -38.24764, -6.28972 ], [ -38.248, -6.2899 ], [ -38.24898, -6.28977 ], [ -38.25004, -6.2904 ], [ -38.25054, -6.29019 ], [ -38.25178, -6.28903 ], [ -38.25474, -6.28588 ], [ -38.25566, -6.28459 ], [ -38.25608, -6.28359 ], [ -38.25566, -6.28222 ], [ -38.25591, -6.28151 ], [ -38.25658, -6.28113 ], [ -38.25741, -6.28101 ], [ -38.25899, -6.28174 ], [ -38.2602, -6.28137 ], [ -38.26058, -6.2807 ], [ -38.26104, -6.28058 ], [ -38.26173, -6.28075 ], [ -38.26416, -6.28135 ], [ -38.26567, -6.28145 ], [ -38.26653, -6.28169 ], [ -38.2675, -6.28275 ], [ -38.26886, -6.28378 ], [ -38.27006, -6.28409 ], [ -38.27168, -6.28414 ], [ -38.27327, -6.2833 ], [ -38.27755, -6.28262 ], [ -38.29757, -6.27807 ], [ -38.2987, -6.27894 ], [ -38.30019, -6.28157 ], [ -38.30111, -6.28249 ], [ -38.30198, -6.28247 ], [ -38.30358, -6.2813 ], [ -38.30473, -6.28068 ], [ -38.30581, -6.28068 ], [ -38.30685, -6.28131 ], [ -38.30722, -6.28266 ], [ -38.3073, -6.28725 ], [ -38.30763, -6.28863 ], [ -38.30863, -6.28996 ], [ -38.30967, -6.29079 ], [ -38.31058, -6.29102 ], [ -38.31158, -6.29103 ], [ -38.31383, -6.29044 ], [ -38.31587, -6.28966 ], [ -38.31679, -6.28959 ], [ -38.31732, -6.28993 ], [ -38.3182, -6.29197 ], [ -38.3192, -6.29347 ], [ -38.32028, -6.29458 ], [ -38.32173, -6.29545 ], [ -38.32318, -6.29683 ], [ -38.32366, -6.29751 ], [ -38.32468, -6.29895 ], [ -38.3263, -6.30081 ], [ -38.3273, -6.30164 ], [ -38.3285, -6.30223 ], [ -38.33104, -6.30298 ], [ -38.33196, -6.30344 ], [ -38.33212, -6.30396 ], [ -38.33082, -6.30896 ], [ -38.33099, -6.30954 ], [ -38.33274, -6.31071 ], [ -38.33336, -6.31155 ], [ -38.33323, -6.3124 ], [ -38.33232, -6.31407 ], [ -38.3324, -6.31524 ], [ -38.33302, -6.31834 ], [ -38.3313, -6.32874 ], [ -38.34359, -6.33191 ], [ -38.34734, -6.33288 ], [ -38.35314, -6.33438 ], [ -38.39456, -6.34509 ], [ -38.39647, -6.31866 ], [ -38.3966, -6.31841 ], [ -38.40866, -6.29346 ], [ -38.40614, -6.29193 ], [ -38.39979, -6.28671 ], [ -38.39886, -6.28484 ], [ -38.39953, -6.28353 ], [ -38.40239, -6.28193 ], [ -38.40352, -6.27952 ], [ -38.40289, -6.27729 ], [ -38.40214, -6.2759 ], [ -38.40018, -6.27466 ], [ -38.39868, -6.2743 ], [ -38.39676, -6.27426 ], [ -38.39255, -6.27462 ], [ -38.3906, -6.27345 ], [ -38.38944, -6.27173 ], [ -38.38861, -6.27114 ], [ -38.38568, -6.26976 ], [ -38.38276, -6.26698 ], [ -38.37926, -6.2627 ], [ -38.38141, -6.25924 ], [ -38.38134, -6.25778 ], [ -38.37998, -6.25646 ], [ -38.37634, -6.25562 ], [ -38.37185, -6.24856 ], [ -38.36112, -6.22882 ], [ -38.35793, -6.2178 ], [ -38.35788, -6.21764 ], [ -38.35737, -6.21755 ], [ -38.31717, -6.23642 ], [ -38.31617, -6.23398 ], [ -38.30158, -6.24131 ] ] ] } },
{ "type": "Feature", "properties": { "CD_MUN": "2402501", "NM_MUN": "Carnaubais", "CD_RGI": "240011", "NM_RGI": "Açu", "CD_RGINT": "2403", "NM_RGINT": "Mossoró", "CD_UF": "24", "NM_UF": "Rio Grande do Norte", "SIGLA_UF": "RN", "CD_REGIA": "2", "NM_REGIA": "Nordeste", "SIGLA_RG": "NE", "CD_CONCU": null, "NM_CONCU": null, "AREA_KM2": 517.737 }, "geometry": { "type": "Polygon", "coordinates": [ [ [ -36.87082, -5.39146 ], [ -36.87391, -5.38944 ], [ -36.87399, -5.38939 ], [ -36.87417, -5.38927 ], [ -36.92405, -5.35662 ], [ -36.92845, -5.35374 ], [ -37.02943, -5.3257 ], [ -37.05123, -5.29408 ], [ -36.92805, -5.29378 ], [ -36.92873, -5.2395 ], [ -36.92918, -5.2039 ], [ -36.92918, -5.20386 ], [ -36.93004, -5.13546 ], [ -36.9301, -5.13101 ], [ -36.92937, -5.13151 ], [ -36.90265, -5.14974 ], [ -36.89185, -5.15256 ], [ -36.88943, -5.15321 ], [ -36.82737, -5.17006 ], [ -36.82705, -5.17015 ], [ -36.82584, -5.17033 ], [ -36.79704, -5.17462 ], [ -36.78444, -5.16874 ], [ -36.76715, -5.16068 ], [ -36.76348, -5.15897 ], [ -36.7487, -5.15207 ], [ -36.74857, -5.152 ], [ -36.74008, -5.16022 ], [ -36.73884, -5.16142 ], [ -36.73883, -5.16143 ], [ -36.7388, -5.16143 ], [ -36.73877, -5.16143 ], [ -36.73748, -5.16326 ], [ -36.7367, -5.16439 ], [ -36.73463, -5.16735 ], [ -36.73464, -5.16736 ], [ -36.73464, -5.16738 ], [ -36.73465, -5.16739 ], [ -36.73467, -5.16742 ], [ -36.73469, -5.16744 ], [ -36.73471, -5.16747 ], [ -36.72912, -5.17503 ], [ -36.72834, -5.17761 ], [ -36.72813, -5.18082 ], [ -36.72758, -5.18321 ], [ -36.7263, -5.18649 ], [ -36.72401, -5.18863 ], [ -36.7227, -5.19038 ], [ -36.72207, -5.19191 ], [ -36.72254, -5.19299 ], [ -36.72403, -5.19407 ], [ -36.72489, -5.19545 ], [ -36.7246, -5.19974 ], [ -36.72317, -5.20265 ], [ -36.72029, -5.20494 ], [ -36.71673, -5.20822 ], [ -36.71562, -5.21189 ], [ -36.71533, -5.2145 ], [ -36.7169, -5.21665 ], [ -36.72036, -5.21888 ], [ -36.72466, -5.22606 ], [ -36.72568, -5.22948 ], [ -36.72606, -5.23601 ], [ -36.72621, -5.23867 ], [ -36.72599, -5.24109 ], [ -36.72476, -5.24411 ], [ -36.72187, -5.24712 ], [ -36.72145, -5.24846 ], [ -36.7214, -5.25098 ], [ -36.72193, -5.25326 ], [ -36.72214, -5.2542 ], [ -36.72361, -5.25796 ], [ -36.72458, -5.26045 ], [ -36.72539, -5.26162 ], [ -36.72567, -5.26202 ], [ -36.72568, -5.26203 ], [ -36.72837, -5.26242 ], [ -36.72941, -5.26258 ], [ -36.73046, -5.26343 ], [ -36.73333, -5.2647 ], [ -36.73962, -5.26625 ], [ -36.74071, -5.26584 ], [ -36.74157, -5.26618 ], [ -36.74271, -5.26764 ], [ -36.74342, -5.26784 ], [ -36.74507, -5.26746 ], [ -36.74718, -5.26732 ], [ -36.75057, -5.26818 ], [ -36.75298, -5.27049 ], [ -36.75456, -5.27268 ], [ -36.75934, -5.27887 ], [ -36.76052, -5.28014 ], [ -36.76229, -5.28177 ], [ -36.76511, -5.28332 ], [ -36.76584, -5.2838 ], [ -36.76666, -5.28464 ], [ -36.76681, -5.2848 ], [ -36.76749, -5.28549 ], [ -36.76909, -5.2868 ], [ -36.772, -5.28882 ], [ -36.77531, -5.29078 ], [ -36.77636, -5.29233 ], [ -36.77759, -5.29499 ], [ -36.77833, -5.29808 ], [ -36.77832, -5.29963 ], [ -36.77769, -5.30297 ], [ -36.78036, -5.30976 ], [ -36.7829, -5.31286 ], [ -36.78844, -5.31716 ], [ -36.78906, -5.31783 ], [ -36.78923, -5.31887 ], [ -36.78923, -5.32041 ], [ -36.78971, -5.32178 ], [ -36.79252, -5.32454 ], [ -36.7956, -5.32721 ], [ -36.79833, -5.32868 ], [ -36.80035, -5.32946 ], [ -36.80061, -5.33049 ], [ -36.80048, -5.3316 ], [ -36.80349, -5.3342 ], [ -36.80408, -5.3347 ], [ -36.80761, -5.33934 ], [ -36.81094, -5.3445 ], [ -36.81195, -5.34649 ], [ -36.81224, -5.34748 ], [ -36.81356, -5.35908 ], [ -36.81356, -5.35985 ], [ -36.81273, -5.36265 ], [ -36.81173, -5.36596 ], [ -36.81173, -5.36635 ], [ -36.81259, -5.36815 ], [ -36.81417, -5.36913 ], [ -36.8169, -5.36974 ], [ -36.81832, -5.36949 ], [ -36.82059, -5.36843 ], [ -36.82565, -5.36868 ], [ -36.82759, -5.36833 ], [ -36.82998, -5.36762 ], [ -36.83175, -5.36727 ], [ -36.83256, -5.36732 ], [ -36.83393, -5.3676 ], [ -36.83637, -5.36869 ], [ -36.84078, -5.37206 ], [ -36.84202, -5.37449 ], [ -36.84247, -5.37816 ], [ -36.84225, -5.38062 ], [ -36.83972, -5.3853 ], [ -36.83853, -5.38706 ], [ -36.83799, -5.39223 ], [ -36.83709, -5.39423 ], [ -36.83641, -5.39783 ], [ -36.83667, -5.40079 ], [ -36.83843, -5.40376 ], [ -36.85645, -5.40087 ], [ -36.87082, -5.39146 ] ] ] } },
{ "type": "Feature", "properties": { "CD_MUN": "2401206", "NM_MUN": "Arês", "CD_RGI": "240003", "NM_RGI": "Canguaretama", "CD_RGINT": "2401", "NM_RGINT": "Natal", "CD_UF": "24", "NM_UF": "Rio Grande do Norte", "SIGLA_UF": "RN", "CD_REGIA": "2", "NM_REGIA": "Nordeste", "SIGLA_RG": "NE", "CD_CONCU": null, "NM_CONCU": null, "AREA_KM2": 115.407 }, "geometry": { "type": "Polygon", "coordinates": [ [ [ -35.13076, -6.17055 ], [ -35.12994, -6.17114 ], [ -35.12951, -6.17144 ], [ -35.12947, -6.17147 ], [ -35.12937, -6.17154 ], [ -35.12936, -6.17155 ], [ -35.12936, -6.17155 ], [ -35.12935, -6.17155 ], [ -35.12935, -6.17156 ], [ -35.12935, -6.17156 ], [ -35.12934, -6.17156 ], [ -35.12931, -6.17159 ], [ -35.12921, -6.17167 ], [ -35.12775, -6.17288 ], [ -35.12756, -6.17304 ], [ -35.12388, -6.17609 ], [ -35.11079, -6.18695 ], [ -35.12807, -6.20067 ], [ -35.14994, -6.21811 ], [ -35.15117, -6.21846 ], [ -35.15272, -6.21836 ], [ -35.15579, -6.21651 ], [ -35.15729, -6.21633 ], [ -35.15943, -6.21721 ], [ -35.16071, -6.21809 ], [ -35.16227, -6.21883 ], [ -35.1652, -6.21729 ], [ -35.16956, -6.21453 ], [ -35.17065, -6.21453 ], [ -35.17206, -6.21488 ], [ -35.17483, -6.21632 ], [ -35.17565, -6.21674 ], [ -35.18002, -6.21641 ], [ -35.18043, -6.2169 ], [ -35.18102, -6.21716 ], [ -35.18391, -6.21682 ], [ -35.18583, -6.21769 ], [ -35.18637, -6.21725 ], [ -35.18695, -6.21499 ], [ -35.18782, -6.21441 ], [ -35.18868, -6.21445 ], [ -35.18955, -6.21511 ], [ -35.19026, -6.21619 ], [ -35.19141, -6.2196 ], [ -35.19201, -6.2207 ], [ -35.19292, -6.22114 ], [ -35.19347, -6.22105 ], [ -35.19465, -6.22047 ], [ -35.19547, -6.22042 ], [ -35.19629, -6.22064 ], [ -35.19665, -6.22046 ], [ -35.19688, -6.21988 ], [ -35.19692, -6.21913 ], [ -35.1977, -6.21895 ], [ -35.19817, -6.21915 ], [ -35.19859, -6.21976 ], [ -35.19887, -6.22122 ], [ -35.19919, -6.22224 ], [ -35.19946, -6.22255 ], [ -35.20088, -6.2225 ], [ -35.20242, -6.22267 ], [ -35.20316, -6.22311 ], [ -35.20373, -6.22446 ], [ -35.20529, -6.22627 ], [ -35.20712, -6.2294 ], [ -35.20845, -6.23227 ], [ -35.2096, -6.23306 ], [ -35.21083, -6.23342 ], [ -35.21115, -6.23363 ], [ -35.21134, -6.23376 ], [ -35.21552, -6.23659 ], [ -35.21667, -6.2369 ], [ -35.2179, -6.23701 ], [ -35.2184, -6.23705 ], [ -35.21955, -6.2376 ], [ -35.22041, -6.23876 ], [ -35.22436, -6.24097 ], [ -35.22551, -6.2424 ], [ -35.22806, -6.24287 ], [ -35.22895, -6.24286 ], [ -35.23105, -6.24234 ], [ -35.28568, -6.20532 ], [ -35.29337, -6.178 ], [ -35.29374, -6.17669 ], [ -35.29378, -6.17656 ], [ -35.29412, -6.17532 ], [ -35.29807, -6.16131 ], [ -35.28944, -6.16335 ], [ -35.25974, -6.17039 ], [ -35.25074, -6.16692 ], [ -35.25063, -6.1669 ], [ -35.25005, -6.1668 ], [ -35.23749, -6.16468 ], [ -35.23276, -6.16637 ], [ -35.22885, -6.16695 ], [ -35.22477, -6.16811 ], [ -35.22207, -6.16996 ], [ -35.22027, -6.17078 ], [ -35.21926, -6.1716 ], [ -35.21807, -6.17228 ], [ -35.21678, -6.17284 ], [ -35.21525, -6.17324 ], [ -35.21404, -6.17379 ], [ -35.21353, -6.17435 ], [ -35.21239, -6.17394 ], [ -35.20731, -6.17088 ], [ -35.20436, -6.16871 ], [ -35.19803, -6.1645 ], [ -35.19602, -6.16354 ], [ -35.19416, -6.16326 ], [ -35.19038, -6.16459 ], [ -35.18763, -6.16518 ], [ -35.18278, -6.16519 ], [ -35.17549, -6.16494 ], [ -35.17451, -6.16454 ], [ -35.16839, -6.16067 ], [ -35.16441, -6.15748 ], [ -35.16016, -6.15435 ], [ -35.15691, -6.15081 ], [ -35.15665, -6.14993 ], [ -35.15703, -6.14816 ], [ -35.14643, -6.15279 ], [ -35.14639, -6.15509 ], [ -35.14624, -6.16384 ], [ -35.13741, -6.1689 ], [ -35.13549, -6.16712 ], [ -35.13076, -6.17055 ] ] ] } },
{ "type": "Feature", "properties": { "CD_MUN": "2413904", "NM_MUN": "Taipu", "CD_RGI": "240001", "NM_RGI": "Natal", "CD_RGINT": "2401", "NM_RGINT": "Natal", "CD_UF": "24", "NM_UF": "Rio Grande do Norte", "SIGLA_UF": "RN", "CD_REGIA": "2", "NM_REGIA": "Nordeste", "SIGLA_RG": "NE", "CD_CONCU": null, "NM_CONCU": null, "AREA_KM2": 352.818 }, "geometry": { "type": "Polygon", "coordinates": [ [ [ -35.58518, -5.71863 ], [ -35.58617, -5.71854 ], [ -35.62845, -5.71469 ], [ -35.62967, -5.71458 ], [ -35.63182, -5.71439 ], [ -35.64147, -5.62939 ], [ -35.64239, -5.62541 ], [ -35.64551, -5.61186 ], [ -35.65854, -5.58646 ], [ -35.66818, -5.49635 ], [ -35.62564, -5.49226 ], [ -35.62449, -5.49242 ], [ -35.62196, -5.4914 ], [ -35.61889, -5.4911 ], [ -35.61733, -5.49137 ], [ -35.61483, -5.49144 ], [ -35.61159, -5.49102 ], [ -35.61059, -5.49135 ], [ -35.60852, -5.49241 ], [ -35.60795, -5.49246 ], [ -35.6062, -5.49164 ], [ -35.6044, -5.49033 ], [ -35.60265, -5.49013 ], [ -35.60131, -5.48963 ], [ -35.59999, -5.48828 ], [ -35.59904, -5.48778 ], [ -35.59802, -5.48769 ], [ -35.5932, -5.48859 ], [ -35.59125, -5.48801 ], [ -35.59044, -5.48804 ], [ -35.58999, -5.48845 ], [ -35.58977, -5.4897 ], [ -35.5892, -5.49052 ], [ -35.5879, -5.49161 ], [ -35.58622, -5.4927 ], [ -35.58531, -5.49357 ], [ -35.5851, -5.4942 ], [ -35.58511, -5.49501 ], [ -35.58473, -5.49571 ], [ -35.58342, -5.49656 ], [ -35.58156, -5.49588 ], [ -35.58093, -5.49616 ], [ -35.58015, -5.49687 ], [ -35.57915, -5.49818 ], [ -35.5783, -5.4988 ], [ -35.57751, -5.49899 ], [ -35.57674, -5.4989 ], [ -35.57456, -5.49798 ], [ -35.57251, -5.49741 ], [ -35.57192, -5.49684 ], [ -35.5717, -5.49614 ], [ -35.57122, -5.49544 ], [ -35.56878, -5.49419 ], [ -35.56794, -5.49392 ], [ -35.56517, -5.49373 ], [ -35.56401, -5.49405 ], [ -35.56307, -5.49496 ], [ -35.56162, -5.4955 ], [ -35.56057, -5.49559 ], [ -35.55893, -5.49524 ], [ -35.55791, -5.49523 ], [ -35.55721, -5.49566 ], [ -35.55685, -5.49631 ], [ -35.55663, -5.49725 ], [ -35.55617, -5.49792 ], [ -35.55487, -5.49897 ], [ -35.55376, -5.4995 ], [ -35.55122, -5.49965 ], [ -35.55041, -5.49994 ], [ -35.548, -5.50467 ], [ -35.54527, -5.50649 ], [ -35.54368, -5.50943 ], [ -35.54302, -5.51001 ], [ -35.53967, -5.51186 ], [ -35.53759, -5.51253 ], [ -35.53567, -5.51254 ], [ -35.53337, -5.51203 ], [ -35.53095, -5.51079 ], [ -35.52969, -5.51034 ], [ -35.52833, -5.50985 ], [ -35.52777, -5.50922 ], [ -35.52677, -5.50743 ], [ -35.5264, -5.50715 ], [ -35.5256, -5.50699 ], [ -35.52477, -5.50721 ], [ -35.52425, -5.50718 ], [ -35.52319, -5.50659 ], [ -35.51969, -5.50592 ], [ -35.51908, -5.50564 ], [ -35.51854, -5.5049 ], [ -35.51802, -5.50345 ], [ -35.51751, -5.50282 ], [ -35.51695, -5.5025 ], [ -35.51525, -5.50213 ], [ -35.51463, -5.5018 ], [ -35.51368, -5.5002 ], [ -35.51242, -5.4991 ], [ -35.50881, -5.49655 ], [ -35.5079, -5.49525 ], [ -35.50607, -5.49407 ], [ -35.50284, -5.49321 ], [ -35.50181, -5.4923 ], [ -35.51059, -5.53055 ], [ -35.51107, -5.53262 ], [ -35.52141, -5.57767 ], [ -35.52028, -5.5864 ], [ -35.51208, -5.65006 ], [ -35.51196, -5.65017 ], [ -35.49445, -5.666 ], [ -35.54611, -5.68722 ], [ -35.54617, -5.68724 ], [ -35.54692, -5.68755 ], [ -35.54695, -5.68757 ], [ -35.54819, -5.68808 ], [ -35.55041, -5.69879 ], [ -35.5519, -5.70335 ], [ -35.55769, -5.72113 ], [ -35.58396, -5.71874 ], [ -35.58518, -5.71863 ] ] ] } }
]
}
